movie_id,title,genre,release_date,rating,studio,runtime_minutes,budget,domestic_gross,international_gross,total_gross,imdb_rating,tickets_sold,tickets_available,release_year,release_month,profit,roi,budget_category,performance
1,Evan Almighty,Comedy,2007-06-22,PG,Universal Pictures,96,175000000,100289690,73841639,174131329,5.4,10556809,0,2007,6,-868671,-0.5,Blockbuster,Loss
2,Waterworld,Action,1995-07-28,PG-13,Universal Pictures,176,175000000,88246220,176000000,264246220,6.1,9289076,0,1995,7,89246220,51.0,Blockbuster,Major Success
3,King Arthur: Legend of the Sword,Adventure,2017-05-12,PG-13,Warner Bros,97,175000000,39175066,100775642,139950708,,4123691,0,2017,5,-35049292,-20.03,Blockbuster,Major Loss
4,47 Ronin,Action,2013-12-25,PG-13,Universal Pictures,128,175000000,38362475,113354340,151716815,6.3,4038155,0,2013,12,-23283185,-13.3,Blockbuster,Major Loss
5,Jurassic World: Fallen Kingdom,Action,2018-06-22,PG-13,Universal Pictures,109,170000000,416769345,888096977,1304866322,6.2,43870457,0,2018,6,1134866322,667.57,Blockbuster,Major Success
6,Guardians of the Galaxy,Action,2014-08-01,PG-13,Walt Disney,121,170000000,333172112,437879223,771051335,8.1,35070749,0,2014,8,601051335,353.56,Blockbuster,Major Success
7,Iron Man 2,Action,2010-05-07,PG-13,Paramount,124,170000000,312433331,308723058,621156389,7.0,32887719,0,2010,5,451156389,265.39,Blockbuster,Major Success
8,Captain America: The Winter Soldier,Action,2014-04-04,PG-13,Walt Disney,136,170000000,259746958,454654931,714401889,7.8,27341785,0,2014,4,544401889,320.24,Blockbuster,Major Success
9,Dawn of the Planet of the Apes,Adventure,2014-07-11,PG-13,20th Century Fox,130,170000000,208545589,502098977,710644566,7.6,21952167,0,2014,7,540644566,318.03,Blockbuster,Major Success
10,The Polar Express,Adventure,2004-11-10,G,Warner Bros,100,170000000,186493587,124140582,310634169,6.6,19630904,0,2004,11,140634169,82.73,Blockbuster,Major Success
11,Snow White and the Huntsman,Adventure,2012-06-01,PG-13,Universal Pictures,132,170000000,155136755,245884991,401021746,6.1,16330185,0,2012,6,231021746,135.9,Blockbuster,Major Success
12,Terminator 3: Rise of the Machines,Action,2003-07-01,R,Warner Bros,109,170000000,150358296,282700000,433058296,6.4,15827189,0,2003,7,263058296,154.74,Blockbuster,Major Success
13,Van Helsing,Action,2004-05-07,PG-13,Universal Pictures,109,170000000,120150546,180000000,300150546,,12647426,0,2004,5,130150546,76.56,Blockbuster,Major Success
14,Tomorrowland,Adventure,2015-05-22,PG,Walt Disney,130,170000000,93436322,113847135,207283457,6.5,9835402,0,2015,5,37283457,21.93,Blockbuster,Profit
15,Alice Through the Looking Glass,Adventure,2016-05-27,PG,Walt Disney,113,170000000,77042381,199891706,276934087,6.4,8109724,0,2016,5,106934087,62.9,Blockbuster,Major Success
16,Shrek Forever After,Adventure,2010-05-21,PG,Paramount,93,165000000,238736787,517507886,756244673,6.4,25130188,0,2010,5,591244673,358.33,Blockbuster,Major Success
17,Doctor Strange,Action,2016-11-04,PG-13,Walt Disney,109,165000000,232641920,443844537,676486457,7.5,24488623,0,2016,11,511486457,309.99,Blockbuster,Major Success
18,Big Hero 6,Adventure,2014-11-07,PG,Walt Disney,102,165000000,222527828,429600000,652127828,7.9,23423982,0,2014,11,487127828,295.23,Blockbuster,Major Success
19,How to Train Your Dragon,Adventure,2010-03-26,PG,Paramount,98,165000000,217581232,277289760,494870992,8.2,22903288,0,2010,3,329870992,199.92,Blockbuster,Major Success
20,Wreck-It Ralph,Adventure,2012-11-02,PG,Walt Disney,101,165000000,189412677,307098844,496511521,7.8,19938177,0,2012,11,331511521,200.92,Blockbuster,Major Success
21,Interstellar,Adventure,2014-11-05,PG-13,Paramount,169,165000000,188017894,479734528,667752422,8.6,19791357,0,2014,11,502752422,304.7,Blockbuster,Major Success
22,Independence Day: Resurgence,Action,2016-06-24,PG-13,20th Century Fox,120,165000000,103144286,281269648,384413934,5.5,10857293,0,2016,6,219413934,132.98,Blockbuster,Major Success
23,Cowboys and Aliens,Action,2011-07-29,PG-13,Universal Pictures,109,163000000,100368560,75669764,176038324,,10565112,0,2011,7,13038324,8.0,Blockbuster,Profit
24,Shrek the Third,Adventure,2007-05-17,PG,Paramount,93,160000000,322719944,484610992,807330936,6.1,33970520,0,2007,5,647330936,404.58,Blockbuster,Major Success
25,Fast and Furious 6,Action,2013-05-24,PG-13,Universal Pictures,109,160000000,238679850,550620594,789300444,7.1,25124195,0,2013,5,629300444,393.31,Blockbuster,Major Success
26,X-Men: First Class,Action,2011-06-03,PG-13,20th Century Fox,132,160000000,146408305,209000000,355408305,7.8,15411401,0,2011,6,195408305,122.13,Blockbuster,Major Success
27,The Curious Case of Benjamin Button,Drama,2008-12-25,PG-13,Paramount,166,160000000,127509326,202122632,329631958,7.8,13422034,0,2008,12,169631958,106.02,Blockbuster,Major Success
28,The Sorcerer's Apprentice,Adventure,2010-07-14,PG,Walt Disney,109,160000000,63150991,154835329,217986320,6.1,6647473,0,2010,7,57986320,36.24,Blockbuster,Major Success
29,Poseidon,Adventure,2006-05-12,PG-13,Warner Bros,98,160000000,60674817,121000000,181674817,5.6,6386823,0,2006,5,21674817,13.55,Blockbuster,Profit
30,Warcraft,Action,2016-06-10,PG-13,Universal Pictures,123,160000000,47225655,378321456,425547111,7.3,4971122,0,2016,6,265547111,165.97,Blockbuster,Major Success
31,Aquaman,Action,2018-12-21,PG-13,Warner Bros,109,160000000,0,0,0,6.9,0,0,2018,12,-160000000,-100.0,Blockbuster,Major Loss
32,Deepwater Horizon,Drama,2016-09-30,PG-13,Lionsgate,114,156000000,61433527,61197779,122631306,,6466687,0,2016,9,-33368694,-21.39,Blockbuster,Major Loss
33,Terminator: Genisys,Action,2015-07-01,PG-13,Paramount,126,155000000,89760956,342389938,432150894,6.6,9448522,0,2015,7,277150894,178.81,Blockbuster,Major Success
34,Pacific Rim: Uprising,Action,2018-03-23,PG-13,Universal Pictures,109,155000000,59185715,231055623,290241338,,6230075,0,2018,3,135241338,87.25,Blockbuster,Major Success
35,Alexander,Action,2004-11-24,R,Warner Bros,206,155000000,34297191,133000000,167297191,5.5,3610231,0,2004,11,12297191,7.93,Blockbuster,Profit
36,War for the Planet of the Apes,Action,2017-07-14,PG-13,20th Century Fox,109,152000000,146880162,342712105,489592267,7.4,15461070,0,2017,7,337592267,222.1,Blockbuster,Major Success
37,Pearl Harbor,Action,2001-05-25,PG-13,Walt Disney,184,151500000,198539855,250700000,449239855,6.1,20898932,0,2001,5,297739855,196.53,Blockbuster,Major Success
38,Transformers,Action,2007-07-02,PG-13,Paramount,144,151000000,319246193,389026399,708272592,7.1,33604862,0,2007,7,557272592,369.05,Blockbuster,Major Success
39,Wonder Woman,Action,2017-06-02,PG-13,Warner Bros,109,150000000,412563408,408569970,821133378,7.4,43427727,0,2017,6,671133378,447.42,Blockbuster,Major Success
40,Zootopia,Adventure,2016-03-04,PG,Walt Disney,97,150000000,341268248,678438346,1019706594,8.0,35922973,0,2016,3,869706594,579.8,Blockbuster,Major Success
41,Harry Potter and the Goblet of Fire,Adventure,2005-11-18,PG-13,Warner Bros,157,150000000,290013036,606898042,896911078,7.6,30527688,0,2005,11,746911078,497.94,Blockbuster,Major Success
42,The Matrix Reloaded,Action,2003-05-15,R,Warner Bros,138,150000000,281553689,457023240,738576929,7.2,29637230,0,2003,5,588576929,392.38,Blockbuster,Major Success
43,I am Legend,Horror,2007-12-14,PG-13,Warner Bros,104,150000000,256393010,329139674,585532684,7.2,26988738,0,2007,12,435532684,290.36,Blockbuster,Major Success
44,Hancock,Action,2008-07-01,PG-13,Sony Pictures,102,150000000,227946274,396287998,624234272,6.4,23994345,0,2008,7,474234272,316.16,Blockbuster,Major Success
45,Charlie and the Chocolate Factory,Adventure,2005-07-15,PG,Warner Bros,115,150000000,206459076,269366408,475825484,6.7,21732534,0,2005,7,325825484,217.22,Blockbuster,Major Success
46,Ratatouille,Adventure,2007-06-29,G,Walt Disney,111,150000000,206445654,420104041,626549695,8.0,21731121,0,2007,6,476549695,317.7,Blockbuster,Major Success
47,Thor: The Dark World,Action,2013-11-08,PG-13,Walt Disney,112,150000000,206362140,438240376,644602516,7.1,21722331,0,2013,11,494602516,329.74,Blockbuster,Major Success
48,Batman Begins,Action,2005-06-15,PG-13,Warner Bros,128,150000000,205343774,153798948,359142722,8.3,21615134,0,2005,6,209142722,139.43,Blockbuster,Major Success
49,Mission: Impossible—Rogue Nation,Action,2015-07-31,PG-13,Paramount,131,150000000,195042377,494345986,689388363,7.4,20530777,0,2015,7,539388363,359.59,Blockbuster,Major Success
50,Dunkirk,Action,2017-07-21,PG-13,Warner Bros,109,150000000,190068280,309832580,499900860,7.8,20007187,0,2017,7,349900860,233.27,Blockbuster,Major Success
51,Thor,Action,2011-05-06,PG-13,Paramount,115,150000000,181030624,268295994,449326618,7.0,19055855,0,2011,5,299326618,199.55,Blockbuster,Major Success
52,Madagascar: Escape 2 Africa,Adventure,2008-11-07,PG,Paramount,89,150000000,180174880,419505894,599680774,6.7,18965777,0,2008,11,449680774,299.79,Blockbuster,Major Success
53,X-Men Origins: Wolverine,Action,2009-05-01,PG-13,20th Century Fox,119,150000000,179883157,194942603,374825760,6.7,18935069,0,2009,5,224825760,149.88,Blockbuster,Major Success
54,Kung Fu Panda 2,Adventure,2011-05-26,PG,Paramount,90,150000000,165249063,499588484,664837547,7.3,17394638,0,2011,5,514837547,343.23,Blockbuster,Major Success
55,Mad Max: Fury Road,Action,2015-05-15,R,Warner Bros,120,150000000,153636354,217015379,370651733,8.1,16172248,0,2015,5,220651733,147.1,Blockbuster,Major Success
56,The Meg,Action,2018-08-10,PG-13,Warner Bros,109,150000000,142700791,384400000,527100791,,15021136,0,2018,8,377100791,251.4,Blockbuster,Major Success
57,The Matrix Revolutions,Action,2003-11-05,R,Warner Bros,129,150000000,139270910,288029350,427300260,6.7,14660096,0,2003,11,277300260,184.87,Blockbuster,Major Success
58,Ready Player One,Adventure,2018-03-29,PG-13,Warner Bros,97,150000000,137018455,441603274,578621729,7.4,14422995,0,2018,3,428621729,285.75,Blockbuster,Major Success
59,Mission: Impossible III,Action,2006-05-05,PG-13,Paramount,124,150000000,133501348,264000000,397501348,6.9,14052773,0,2006,5,247501348,165.0,Blockbuster,Major Success
60,Troy,Action,2004-05-14,R,Warner Bros,196,150000000,133298577,350862688,484161265,7.2,14031429,0,2004,5,334161265,222.77,Blockbuster,Major Success
61,The Last Airbender,Adventure,2010-07-01,PG,Paramount,103,150000000,131772187,187941694,319713881,4.2,13870757,0,2010,7,169713881,113.14,Blockbuster,Major Success
62,Bee Movie,Adventure,2007-11-02,PG,Paramount,91,150000000,126631277,160963300,287594577,6.2,13329608,0,2007,11,137594577,91.73,Blockbuster,Major Success
63,G-Force,Adventure,2009-07-24,PG,Walt Disney,88,150000000,119436770,173381071,292817841,5.1,12572292,0,2009,7,142817841,95.21,Blockbuster,Major Success
64,Bolt,Adventure,2008-11-21,PG,Walt Disney,96,150000000,114053579,213961450,328015029,6.9,12005640,0,2008,11,178015029,118.68,Blockbuster,Major Success
65,Wrath of the Titans,Adventure,2012-03-30,PG-13,Warner Bros,99,150000000,83670083,221600000,305270083,5.8,8807377,0,2012,3,155270083,103.51,Blockbuster,Major Success
66,Beowulf,Adventure,2007-11-16,PG-13,Paramount,115,150000000,82280579,112800000,195080579,6.3,8661114,0,2007,11,45080579,30.05,Blockbuster,Profit
67,The Wolfman,Horror,2010-02-12,R,Universal Pictures,119,150000000,62189884,80444474,142634358,5.8,6546304,0,2010,2,-7365642,-4.91,Blockbuster,Loss
68,The Great Wall,Action,2017-02-17,PG-13,Universal Pictures,109,150000000,45157105,289393001,334550106,,4753379,0,2017,2,184550106,123.03,Blockbuster,Major Success
69,Pan,Adventure,2015-10-09,PG,Warner Bros,111,150000000,35088320,116455315,151543635,5.8,3693507,0,2015,10,1543635,1.03,Blockbuster,Profit
70,Mars Needs Moms,Adventure,2011-03-11,PG,Walt Disney,88,150000000,21392758,18157000,39549758,5.4,2251869,0,2011,3,-110450242,-73.63,Blockbuster,Major Loss
71,Flushed Away,Adventure,2006-11-03,PG,Paramount,85,149000000,64665672,114691454,179357126,6.7,6806913,0,2006,11,30357126,20.37,Blockbuster,Profit
72,Madagascar 3: Europe's Most Wanted,Adventure,2012-06-08,PG,Paramount,93,145000000,216391482,530529789,746921271,6.9,22778051,0,2012,6,601921271,415.12,Blockbuster,Major Success
73,How to Train Your Dragon 2,Adventure,2014-06-13,PG,20th Century Fox,102,145000000,177002924,437583346,614586270,7.9,18631887,0,2014,6,469586270,323.85,Blockbuster,Major Success
74,Tarzan,Adventure,1999-06-16,G,Walt Disney,97,145000000,171091819,277100000,448191819,7.3,18009665,0,1999,6,303191819,209.1,Blockbuster,Major Success
75,Mr. Peabody & Sherman,Adventure,2014-03-07,PG,20th Century Fox,92,145000000,111506430,158300000,269806430,6.9,11737519,0,2014,3,124806430,86.07,Blockbuster,Major Success
76,Rise of the Guardians,Adventure,2012-11-21,PG,Paramount,97,145000000,103412758,203488144,306900902,7.3,10885553,0,2012,11,161900902,111.66,Blockbuster,Major Success
77,Die Another Day,Action,2002-11-22,PG-13,MGM,133,142000000,160942139,271000000,431942139,6.1,16941278,0,2002,11,289942139,204.18,Blockbuster,Major Success
78,Star Trek,Adventure,2009-05-08,PG-13,Paramount,127,140000000,257730019,127950427,385680446,8.0,27129476,0,2009,5,245680446,175.49,Blockbuster,Major Success
79,Armageddon,Adventure,1998-07-01,PG-13,Walt Disney,153,140000000,201578182,353021818,554600000,6.6,21218756,0,1998,7,414600000,296.14,Blockbuster,Major Success
80,Men in Black 2,Action,2002-07-03,PG-13,Sony Pictures,88,140000000,190418803,251349000,441767803,6.1,20044085,0,2002,7,301767803,215.55,Blockbuster,Major Success
81,Captain America: The First Avenger,Action,2011-07-22,PG-13,Paramount,124,140000000,176654505,193915271,370569776,6.9,18595211,0,2011,7,230569776,164.69,Blockbuster,Major Success
82,Kung Fu Panda 3,Adventure,2016-01-29,PG,20th Century Fox,95,140000000,143528619,374890132,518418751,7.2,15108276,0,2016,1,378418751,270.3,Blockbuster,Major Success
83,Lethal Weapon 4,Action,1998-07-10,R,Warner Bros,127,140000000,130444603,154955397,285400000,6.6,13731011,0,1998,7,145400000,103.86,Blockbuster,Major Success
84,G.I. Joe: Retaliation,Action,2013-03-27,PG-13,Paramount,122,140000000,122523060,253217645,375740705,5.8,12897164,0,2013,3,235740705,168.39,Blockbuster,Major Success
85,The Last Samurai,Action,2003-12-05,R,Warner Bros,154,140000000,111110575,345700000,456810575,7.7,11695850,0,2003,12,316810575,226.29,Blockbuster,Major Success
86,Fun With Dick And Jane,Comedy,2005-12-21,PG-13,Sony Pictures,90,140000000,110550000,92468919,203018919,6.1,11636842,0,2005,12,63018919,45.01,Blockbuster,Major Success
87,Exodus: Gods and Kings,Drama,2014-12-12,PG-13,20th Century Fox,150,140000000,65014513,203300000,268314513,6.1,6843633,0,2014,12,128314513,91.65,Blockbuster,Major Success
88,The BFG,Adventure,2016-07-01,PG,Walt Disney,117,140000000,55483770,144192485,199676255,6.8,5840397,0,2016,7,59676255,42.63,Blockbuster,Major Success
89,Gods of Egypt,Adventure,2016-02-26,PG-13,Lionsgate,126,140000000,31153464,107434099,138587563,5.5,3279312,0,2016,2,-1412437,-1.01,Blockbuster,Loss
90,Spider-Man,Adventure,2002-05-03,PG-13,Sony Pictures,121,139000000,403706375,418000000,821706375,7.3,42495408,0,2002,5,682706375,491.16,Blockbuster,Major Success
91,Watchmen,Action,2009-03-06,R,Warner Bros,215,138000000,107509799,79466451,186976250,7.7,11316821,0,2009,3,48976250,35.49,Blockbuster,Profit
92,Stealth,Action,2005-07-29,PG-13,Sony Pictures,121,138000000,32116746,44300000,76416746,5.0,3380710,0,2005,7,-61583254,-44.63,Blockbuster,Major Loss
93,The Incredible Hulk,Adventure,2008-06-13,PG-13,Universal Pictures,135,137500000,134806913,130766946,265573859,6.8,14190201,0,2008,6,128073859,93.14,Blockbuster,Major Success
94,Hulk,Action,2003-06-20,PG-13,Universal Pictures,138,137000000,132177234,112898200,245075434,5.7,13913393,0,2003,6,108075434,78.89,Blockbuster,Major Success
95,Final Fantasy: The Spirits Within,Adventure,2001-07-11,PG-13,Sony Pictures,106,137000000,32131830,53000000,85131830,6.4,3382298,0,2001,7,-51868170,-37.86,Blockbuster,Major Loss
96,The Croods,Adventure,2013-03-22,PG,20th Century Fox,98,135000000,187168425,385900000,573068425,7.3,19701939,0,2013,3,438068425,324.5,Blockbuster,Major Success
97,The Revenant,Adventure,2015-12-25,R,20th Century Fox,156,135000000,183637894,349312609,532950503,8.1,19330305,0,2015,12,397950503,294.78,Blockbuster,Major Success
98,The World is Not Enough,Action,1999-11-19,PG-13,MGM,128,135000000,126930660,234800000,361730660,6.4,13361122,0,1999,11,226730660,167.95,Blockbuster,Major Success
99,Rango,Adventure,2011-03-04,PG,Paramount,107,135000000,123477607,122246993,245724600,7.2,12997643,0,2011,3,110724600,82.02,Blockbuster,Major Success
100,Turbo,Adventure,2013-07-17,PG,20th Century Fox,96,135000000,83028130,203868448,286896578,6.5,8739803,0,2013,7,151896578,112.52,Blockbuster,Major Success
101,Happy Feet Two,Adventure,2011-11-18,PG,Warner Bros,97,135000000,64006466,93950000,157956466,,6737523,0,2011,11,22956466,17.0,Blockbuster,Profit
102,Miami Vice,Action,2006-07-28,R,Universal Pictures,70,135000000,63478838,100339718,163818556,7.5,6681983,0,2006,7,28818556,21.35,Blockbuster,Profit
103,War of the Worlds,Action,2005-06-29,PG-13,Paramount,116,132000000,234280354,372556181,606836535,6.5,24661090,0,2005,6,474836535,359.72,Blockbuster,Major Success
104,Penguins of Madagascar,Adventure,2014-11-26,PG,20th Century Fox,92,132000000,83350911,284300000,367650911,6.7,8773780,0,2014,11,235650911,178.52,Blockbuster,Major Success
105,The Hunger Games: Catching Fire,Adventure,2013-11-22,PG-13,Lionsgate,146,130000000,424668047,440200000,864868047,7.6,44701900,0,2013,11,734868047,565.28,Blockbuster,Major Success
106,Ant-Man and the Wasp,Action,2018-07-06,PG-13,Walt Disney,109,130000000,216565229,400611590,617176819,7.0,22796340,0,2018,7,487176819,374.75,Blockbuster,Major Success
107,Kung Fu Panda,Adventure,2008-06-06,PG,Paramount,92,130000000,215434591,416475940,631910531,7.6,22677325,0,2008,6,501910531,386.09,Blockbuster,Major Success
108,Ant-Man,Action,2015-07-17,PG-13,Walt Disney,117,130000000,180202163,338657923,518860086,7.4,18968649,0,2015,7,388860086,299.12,Blockbuster,Major Success
109,Home,Adventure,2015-03-27,PG,20th Century Fox,94,130000000,177397510,208634484,386031994,6.7,18673422,0,2015,3,256031994,196.95,Blockbuster,Major Success
110,Puss in Boots,Adventure,2011-10-28,PG,Paramount,90,130000000,149260504,405726973,554987477,6.7,15711632,0,2011,10,424987477,326.91,Blockbuster,Major Success
111,Megamind,Adventure,2010-11-05,PG,Paramount,95,130000000,148415853,173471355,321887208,7.3,15622721,0,2010,11,191887208,147.61,Blockbuster,Major Success
112,Bad Boys II,Action,2003-07-18,R,Sony Pictures,147,130000000,138540870,134731112,273271982,6.6,14583249,0,2003,7,143271982,110.21,Blockbuster,Major Success
113,Rio 2,Adventure,2014-04-11,G,20th Century Fox,101,130000000,131538435,361307856,492846291,6.4,13846151,0,2014,4,362846291,279.11,Blockbuster,Major Success
114,Noah,Drama,2014-03-28,PG-13,Paramount,138,130000000,101200044,251631021,352831065,5.8,10652636,0,2014,3,222831065,171.41,Blockbuster,Major Success
115,The Adventures of Tintin,Adventure,2011-12-21,PG,Paramount,107,130000000,77591831,296402120,373993951,7.4,8167561,0,2011,12,243993951,187.69,Blockbuster,Major Success
116,After Earth,Action,2013-05-31,PG-13,Sony Pictures,100,130000000,60522097,190977568,251499665,4.9,6370747,0,2013,5,121499665,93.46,Blockbuster,Major Success
117,Australia,Drama,2008-11-26,PG-13,20th Century Fox,165,130000000,49554002,165526808,215080810,6.6,5216211,0,2008,11,85080810,65.45,Blockbuster,Major Success
118,R.I.P.D.,Action,2013-07-19,PG-13,Universal Pictures,96,130000000,33618855,45457823,79076678,5.6,3538827,0,2013,7,-50923322,-39.17,Blockbuster,Major Loss
119,Dinosaur,Adventure,2000-05-19,PG,Walt Disney,82,127500000,137748063,218400000,356148063,6.5,14499796,0,2000,5,228648063,179.33,Blockbuster,Major Success
120,Logan,Action,2017-03-03,R,20th Century Fox,109,127000000,226277068,389199897,615476965,8.1,23818639,0,2017,3,488476965,384.63,Blockbuster,Major Success
121,X-Men 2,Action,2003-05-02,PG-13,20th Century Fox,134,125000000,214949694,191925842,406875536,7.5,22626284,0,2003,5,281875536,225.5,Blockbuster,Major Success
122,Fast Five,Action,2011-04-29,PG-13,Universal Pictures,132,125000000,210031325,420132129,630163454,7.3,22108561,0,2011,4,505163454,404.13,Blockbuster,Major Success
123,Sherlock Holmes: A Game of Shadows,Action,2011-12-16,PG-13,Warner Bros,129,125000000,186848418,348815025,535663443,7.5,19668255,0,2011,12,410663443,328.53,Blockbuster,Major Success
124,The Day After Tomorrow,Adventure,2004-05-28,PG-13,20th Century Fox,124,125000000,186740799,369578651,556319450,6.4,19656926,0,2004,5,431319450,345.06,Blockbuster,Major Success
125,The Boss Baby,Adventure,2017-03-31,PG,20th Century Fox,97,125000000,175003033,335885324,510888357,,18421372,0,2017,3,385888357,308.71,Blockbuster,Major Success
126,Clash of the Titans,Action,2010-04-01,PG-13,Warner Bros,106,125000000,163214888,330000000,493214888,5.8,17180515,0,2010,4,368214888,294.57,Blockbuster,Major Success
127,Trolls,Adventure,2016-11-04,PG,20th Century Fox,97,125000000,153707064,190820361,344527425,,16179691,0,2016,11,219527425,175.62,Blockbuster,Major Success
128,Godzilla,Action,1998-05-19,PG-13,Sony Pictures,109,125000000,136314294,239685706,376000000,5.4,14348873,0,1998,5,251000000,200.8,Blockbuster,Major Success
129,Prometheus,Adventure,2012-06-08,R,20th Century Fox,124,125000000,126477084,275971181,402448265,7.0,13313377,0,2012,6,277448265,221.96,Blockbuster,Major Success
130,Batman & Robin,Action,1997-06-20,PG-13,Warner Bros,125,125000000,107325195,130992619,238317814,3.7,11297389,0,1997,6,113317814,90.65,Blockbuster,Major Success
131,Skyscraper,Action,2018-07-13,PG,Universal Pictures,109,125000000,67796355,236238260,304034615,,7136458,0,2018,7,179034615,143.23,Blockbuster,Major Success
132,Assassin’s Creed,Action,2016-12-21,PG-13,20th Century Fox,109,125000000,54647948,185850000,240497948,,5752416,0,2016,12,115497948,92.4,Blockbuster,Major Success
133,Monster Trucks,Adventure,2017-01-13,PG-13,Paramount,97,125000000,33370166,28272632,61642798,,3512649,0,2017,1,-63357202,-50.69,Blockbuster,Major Loss
134,The 13th Warrior,Action,1999-08-27,R,Walt Disney,102,125000000,32698899,29000000,61698899,6.6,3441989,0,1999,8,-63301101,-50.64,Blockbuster,Major Loss
135,How the Grinch Stole Christmas,Adventure,2000-11-17,PG,Universal Pictures,110,123000000,260044825,85096578,345141403,6.0,27373139,0,2000,11,222141403,180.6,Blockbuster,Major Success
136,Mission: Impossible 2,Action,2000-05-24,PG-13,Paramount,123,120000000,215409889,334178627,549588516,6.1,22674725,0,2000,5,429588516,357.99,Blockbuster,Major Success
137,The Perfect Storm,Drama,2000-06-30,PG-13,Warner Bros,130,120000000,182618434,146093000,328711434,6.4,19222993,0,2000,6,208711434,173.93,Blockbuster,Major Success
138,Jason Bourne,Action,2016-07-29,PG-13,Universal Pictures,123,120000000,162192920,254004139,416197059,7.1,17072939,0,2016,7,296197059,246.83,Blockbuster,Major Success
139,Life of Pi,Drama,2012-11-21,PG,20th Century Fox,127,120000000,124987022,482271612,607258634,8.0,13156529,0,2012,11,487258634,406.05,Blockbuster,Major Success
140,Ghost Rider,Action,2007-02-16,PG-13,Sony Pictures,123,120000000,115802596,113742993,229545589,5.2,12189747,0,2007,2,109545589,91.29,Blockbuster,Major Success
141,Charlie's Angels: Full Throttle,Action,2003-06-27,PG-13,Sony Pictures,107,120000000,100814328,126385672,227200000,4.8,10612035,0,2003,6,107200000,89.33,Blockbuster,Major Success
142,Rampage,Action,2018-04-13,PG-13,Warner Bros,80,120000000,99345950,325400000,424745950,6.3,10457468,0,2018,4,304745950,253.95,Blockbuster,Major Success
143,Elysium,Action,2013-08-09,R,Sony Pictures,109,120000000,93050117,193141974,286192091,6.6,9794749,0,2013,8,166192091,138.49,Blockbuster,Major Success
144,Power Rangers,Action,2017-03-24,PG-13,Lionsgate,109,120000000,85364450,57180907,142545357,,8985732,0,2017,3,22545357,18.79,Blockbuster,Profit
145,Stuart Little 2,Adventure,2002-07-19,PG,Sony Pictures,77,120000000,64956806,101043194,166000000,5.4,6837559,0,2002,7,46000000,38.33,Blockbuster,Profit
146,The Chronicles of Riddick,Adventure,2004-06-11,PG-13,Universal Pictures,134,120000000,57712751,49500000,107212751,6.7,6075026,0,2004,6,-12787249,-10.66,Blockbuster,Major Loss
147,Speed Racer,Action,2008-05-09,PG,Warner Bros,135,120000000,43945766,49448696,93394462,6.1,4625870,0,2008,5,-26605538,-22.17,Blockbuster,Major Loss
148,The Island,Action,2005-07-22,PG-13,DreamWorks,136,120000000,35818913,127200000,163018913,6.9,3770412,0,2005,7,43018913,35.85,Blockbuster,Profit
149,Knight and Day,Action,2010-06-23,PG-13,20th Century Fox,117,117000000,76423035,182328335,258751370,6.3,8044530,0,2010,6,141751370,121.16,Blockbuster,Major Success
150,Star Wars Ep. I: The Phantom Menace,Adventure,1999-05-19,PG,20th Century Fox,97,115000000,474544677,552500000,1027044677,6.5,49952071,0,1999,5,912044677,793.08,Blockbuster,Major Success
151,"Monsters, Inc.",Adventure,2001-11-02,G,Walt Disney,92,115000000,289423425,270334294,559757719,8.1,30465624,0,2001,11,444757719,386.75,Blockbuster,Major Success
152,The Wolverine,Action,2013-07-26,PG-13,20th Century Fox,138,115000000,132556852,283900000,416456852,6.7,13953353,0,2013,7,301456852,262.14,Blockbuster,Major Success
153,Dante's Peak,Drama,1997-02-07,PG-13,Universal Pictures,108,115000000,67163857,111036143,178200000,5.8,7069880,0,1997,2,63200000,54.96,Blockbuster,Major Success
154,The Huntsman: Winter’s War,Action,2016-04-22,PG-13,Universal Pictures,120,115000000,48003015,117146287,165149302,6.1,5052949,0,2016,4,50149302,43.61,Blockbuster,Major Success
155,Windtalkers,Action,2002-06-14,R,MGM,153,115000000,40914068,36714197,77628265,6.0,4306744,0,2002,6,-37371735,-32.5,Blockbuster,Major Loss
156,Gulliver's Travels,Adventure,2010-12-25,PG,20th Century Fox,85,112000000,42779261,189238587,232017848,4.9,4503080,0,2010,12,120017848,107.16,Blockbuster,Major Success
157,Ferdinand,Adventure,2017-12-15,PG,20th Century Fox,97,111000000,84410380,205456707,289867087,,8885303,0,2017,12,178867087,161.14,Blockbuster,Major Success
158,Deadpool 2,Action,2018-05-18,R,20th Century Fox,109,110000000,318491426,415318175,733809601,7.6,33525413,0,2018,5,623809601,567.1,Blockbuster,Major Success
159,Night at the Museum,Adventure,2006-12-22,PG,20th Century Fox,108,110000000,250863268,328583139,579446407,6.4,26406660,0,2006,12,469446407,426.77,Blockbuster,Major Success
160,Mr. and Mrs. Smith,Action,2005-06-10,PG-13,20th Century Fox,126,110000000,186336279,299787811,486124090,6.5,19614345,0,2005,6,376124090,341.93,Blockbuster,Major Success
161,San Andreas,Adventure,2015-05-29,PG-13,Warner Bros,114,110000000,155190832,302008448,457199280,6.1,16335877,0,2015,5,347199280,315.64,Blockbuster,Major Success
162,The Smurfs,Adventure,2011-07-29,PG,Sony Pictures,103,110000000,142614158,421135165,563749323,5.5,15012017,0,2011,7,453749323,412.5,Blockbuster,Major Success
163,Live Free or Die Hard,Action,2007-06-27,PG-13,20th Century Fox,129,110000000,134529403,247758744,382288147,7.2,14160990,0,2007,6,272288147,247.53,Blockbuster,Major Success
164,The Divergent Series: Insurgent,Action,2015-03-20,PG-13,Lionsgate,109,110000000,130179072,164896810,295075882,,13703060,0,2015,3,185075882,168.25,Blockbuster,Major Success
165,Ocean's Twelve,Adventure,2004-12-10,PG-13,Warner Bros,125,110000000,125531634,237457442,362989076,6.4,13213856,0,2004,12,252989076,229.99,Blockbuster,Major Success
166,Tomorrow Never Dies,Action,1997-12-19,PG-13,MGM,119,110000000,125304276,214200000,339504276,6.5,13189924,0,1997,12,229504276,208.64,Blockbuster,Major Success
167,The Patriot,Drama,2000-06-28,R,Sony Pictures,142,110000000,113330342,101969658,215300000,7.1,11929510,0,2000,6,105300000,95.73,Blockbuster,Major Success
168,300: Rise of an Empire,Action,2014-03-07,R,Warner Bros,102,110000000,106580051,224200000,330780051,6.2,11218953,0,2014,3,220780051,200.71,Blockbuster,Major Success
169,The Green Hornet,Action,2011-01-14,PG-13,Sony Pictures,119,110000000,98780042,130375461,229155503,5.8,10397899,0,2011,1,119155503,108.32,Blockbuster,Major Success
170,Real Steel,Action,2011-10-07,PG-13,Walt Disney,127,110000000,85463309,178417032,263880341,7.1,8996138,0,2011,10,153880341,139.89,Blockbuster,Major Success
171,The A-Team,Action,2010-06-11,PG-13,20th Century Fox,70,110000000,77222099,100019072,177241171,7.6,8128642,0,2010,6,67241171,61.13,Blockbuster,Major Success
172,The Smurfs 2,Adventure,2013-07-31,PG,Sony Pictures,105,110000000,71017784,277529739,348547523,5.4,7475556,0,2013,7,238547523,216.86,Blockbuster,Major Success
173,The Divergent Series: Allegiant,Action,2016-03-18,PG-13,Lionsgate,109,110000000,66184051,105687610,171871661,,6966742,0,2016,3,61871661,56.25,Blockbuster,Major Success
174,The Taking of Pelham 123,Action,2009-06-12,R,Sony Pictures,109,110000000,65452312,86912058,152364370,,6889717,0,2009,6,42364370,38.51,Blockbuster,Profit
175,Ender's Game,Adventure,2013-11-01,PG-13,Lionsgate,114,110000000,61737191,66246092,127983283,6.7,6498652,0,2013,11,17983283,16.35,Blockbuster,Profit
176,Home on the Range,Adventure,2004-04-02,PG,Walt Disney,76,110000000,50026353,26456108,76482461,5.4,5265932,0,2004,4,-33517539,-30.47,Blockbuster,Major Loss
177,Speed 2: Cruise Control,Action,1997-06-13,PG-13,20th Century Fox,121,110000000,48097081,102370919,150468000,3.7,5062851,0,1997,6,40468000,36.79,Blockbuster,Profit
178,Kingdom of Heaven,Adventure,2005-05-06,R,20th Century Fox,194,110000000,47398413,171454940,218853353,7.2,4989307,0,2005,5,108853353,98.96,Blockbuster,Major Success
179,Ghost in the Shell,Action,2017-03-31,PG-13,Paramount,109,110000000,40563557,127355290,167918847,,4269848,0,2017,3,57918847,52.65,Blockbuster,Major Success
180,The Cat in the Hat,Adventure,2003-11-21,PG,Universal Pictures,82,109000000,101018283,32800000,133818283,3.8,10633503,0,2003,11,24818283,22.77,Blockbuster,Profit
181,Ali,Drama,2001-12-25,R,Sony Pictures,165,109000000,58183966,29500000,87683966,6.8,6124628,0,2001,12,-21316034,-19.56,Blockbuster,Major Loss
182,Allied,Drama,2016-11-23,R,Paramount,114,106000000,40098064,79187592,119285656,,4220849,0,2016,11,13285656,12.53,Blockbuster,Profit
183,"I, Robot",Action,2004-07-16,PG-13,20th Century Fox,115,105000000,144801023,203828562,348629585,7.1,15242213,0,2004,7,243629585,232.03,Blockbuster,Major Success
184,Stuart Little,Adventure,1999-12-17,PG,Sony Pictures,84,105000000,140015224,158800000,298815224,5.9,14738445,0,1999,12,193815224,184.59,Blockbuster,Major Success
185,The Princess and the Frog,Adventure,2009-11-25,G,Walt Disney,97,105000000,104400899,166596479,270997378,7.1,10989568,0,2009,11,165997378,158.09,Blockbuster,Major Success
186,"10,000 B.C.",Adventure,2008-03-07,PG-13,Warner Bros,70,105000000,94784201,174281477,269065678,7.2,9977284,0,2008,3,164065678,156.25,Blockbuster,Major Success
187,Ice Age: Collision Course,Adventure,2016-07-22,PG,20th Century Fox,97,105000000,64063008,339029404,403092412,5.6,6743475,0,2016,7,298092412,283.9,Blockbuster,Major Success
188,Kingsman: The Golden Circle,Action,2017-09-22,R,20th Century Fox,109,104000000,100234838,308587490,408822328,6.7,10551036,0,2017,9,304822328,293.1,Blockbuster,Major Success
189,Gone in 60 Seconds,Action,2000-06-09,PG-13,Walt Disney,109,103300000,101643008,131000000,232643008,,10699264,0,2000,6,129343008,125.21,Blockbuster,Major Success
190,The Hangover 3,Comedy,2013-05-23,R,Warner Bros,98,103000000,112200072,249800000,362000072,,11810534,0,2013,5,259000072,251.46,Blockbuster,Major Success
191,A Wrinkle in Time,Adventure,2018-03-09,PG,Walt Disney,97,103000000,100478608,32923274,133401882,,10576696,0,2018,3,30401882,29.52,Blockbuster,Profit
192,Public Enemies,Drama,2009-07-01,R,Universal Pictures,140,102500000,97104620,115178089,212282709,7.0,10221539,0,2009,7,109782709,107.11,Blockbuster,Major Success
193,Casino Royale,Action,2006-11-17,PG-13,Sony Pictures,144,102000000,167365000,427055283,594420283,8.0,17617368,0,2006,11,492420283,482.76,Blockbuster,Major Success
194,Minority Report,Action,2002-06-21,PG-13,20th Century Fox,145,102000000,132024714,226800000,358824714,7.7,13897338,0,2002,6,256824714,251.79,Blockbuster,Major Success
195,Cloud Atlas,Drama,2012-10-26,R,Warner Bros,172,102000000,27108272,103564882,130673154,7.5,2853502,0,2012,10,28673154,28.11,Blockbuster,Profit
196,Terminator 2: Judgment Day,Action,1991-07-02,R,Sony Pictures,153,100000000,203464105,311955722,515419827,8.5,21417274,0,1991,7,415419827,415.42,High Budget,Major Success
197,Batman Forever,Action,1995-06-16,PG-13,Warner Bros,121,100000000,184031112,152498032,336529144,5.4,19371696,0,1995,6,236529144,236.53,High Budget,Major Success
198,Planet of the Apes,Adventure,2001-07-27,PG-13,20th Century Fox,119,100000000,180011740,182200000,362211740,5.7,18948604,0,2001,7,262211740,262.21,High Budget,Major Success
199,National Treasure,Adventure,2004-11-19,PG,Walt Disney,131,100000000,173005002,158318408,331323410,6.9,18211053,0,2004,11,231323410,231.32,High Budget,Major Success
200,Venom,Action,2018-10-05,PG-13,Sony Pictures,109,100000000,171125095,290700000,461825095,6.6,18013168,0,2018,10,361825095,361.83,High Budget,Major Success
201,Little Fockers,Comedy,2010-12-22,PG-13,Universal Pictures,98,100000000,148438600,162211974,310650574,5.5,15625116,0,2010,12,210650574,210.65,High Budget,Major Success
202,True Lies,Action,1994-07-15,R,20th Century Fox,141,100000000,146282411,219017589,365300000,7.2,15398149,0,1994,7,265300000,265.3,High Budget,Major Success
203,American Gangster,Drama,2007-11-02,R,Universal Pictures,176,100000000,130164645,137820811,267985456,7.8,13701542,0,2007,11,167985456,167.99,High Budget,Major Success
204,Cloudy with a Chance of Meatballs,Adventure,2009-09-18,PG,Sony Pictures,90,100000000,124870275,111957402,236827677,7.0,13144239,0,2009,9,136827677,136.83,High Budget,Major Success
205,The Other Guys,Comedy,2010-08-06,PG-13,Sony Pictures,116,100000000,119219978,51716492,170936470,6.7,12549471,0,2010,8,70936470,70.94,High Budget,Major Success
206,Epic,Adventure,2013-05-24,PG,20th Century Fox,102,100000000,107518682,155275759,262794441,6.7,11317756,0,2013,5,162794441,162.79,High Budget,Major Success
207,Eraser,Action,1996-06-21,R,Warner Bros,115,100000000,101295562,133104438,234400000,6.1,10662691,0,1996,6,134400000,134.4,High Budget,Major Success
208,The Hunchback of Notre Dame,Adventure,1996-06-21,G,Walt Disney,91,100000000,100138851,225361149,325500000,6.9,10540932,0,1996,6,225500000,225.5,High Budget,Major Success
209,The Emperor's New Groove,Adventure,2000-12-15,G,Walt Disney,78,100000000,89296573,80000000,169296573,7.3,9399639,0,2000,12,69296573,69.3,High Budget,Major Success
210,The Expendables 2,Action,2012-08-17,R,Lionsgate,103,100000000,85028192,226951064,311979256,6.7,8950336,0,2012,8,211979256,211.98,High Budget,Major Success
211,Where the Wild Things Are,Adventure,2009-10-16,PG,Warner Bros,101,100000000,77233467,21890189,99123656,6.8,8129839,0,2009,10,-876344,-0.88,High Budget,Loss
212,Eragon,Adventure,2006-12-15,PG,20th Century Fox,104,100000000,75030163,174457952,249488115,5.1,7897912,0,2006,12,149488115,149.49,High Budget,Major Success
213,Hercules,Action,2014-07-25,PG-13,Paramount,101,100000000,72688614,170700000,243388614,6.0,7651433,0,2014,7,143388614,143.39,High Budget,Major Success
214,End of Days,Action,1999-11-24,R,Universal Pictures,121,100000000,66889043,145137932,212026975,5.7,7040952,0,1999,11,112026975,112.03,High Budget,Major Success
215,The Stepford Wives,Comedy,2004-06-11,PG-13,Paramount,93,100000000,59475623,36746348,96221971,5.2,6260592,0,2004,6,-3778029,-3.78,High Budget,Loss
216,Surf's Up,Adventure,2007-06-08,PG,Sony Pictures,85,100000000,58867694,86528051,145395745,6.8,6196599,0,2007,6,45395745,45.4,High Budget,Profit
217,Blood Diamond,Action,2006-12-08,R,Warner Bros,143,100000000,57377916,114000000,171377916,8.0,6039781,0,2006,12,71377916,71.38,High Budget,Major Success
218,Starship Troopers,Action,1997-11-07,R,Sony Pictures,129,100000000,54768952,66331048,121100000,7.2,5765153,0,1997,11,21100000,21.1,High Budget,Profit
219,Land of the Lost,Comedy,2009-06-05,PG-13,Universal Pictures,102,100000000,49438370,20110271,69548641,5.4,5204039,0,2009,6,-30451359,-30.45,High Budget,Major Loss
220,Catwoman,Action,2004-07-23,PG-13,Warner Bros,87,100000000,40202379,41943000,82145379,3.3,4231829,0,2004,7,-17854621,-17.85,High Budget,Major Loss
221,The Expendables 3,Action,2014-08-15,PG-13,Lionsgate,131,100000000,39322544,170138834,209461378,6.1,4139215,0,2014,8,109461378,109.46,High Budget,Major Success
222,Treasure Planet,Adventure,2002-11-27,PG,Walt Disney,95,100000000,38120554,53679446,91800000,7.1,4012690,0,2002,11,-8200000,-8.2,High Budget,Loss
223,Green Zone,Drama,2010-03-12,R,Universal Pictures,115,100000000,35497337,62025683,97523020,6.9,3736562,0,2010,3,-2476980,-2.48,High Budget,Loss
224,Geostorm,Action,2017-10-20,PG-13,Warner Bros,109,100000000,33700160,187100000,220800160,,3547385,0,2017,10,120800160,120.8,High Budget,Major Success
225,In the Heart of the Sea,Adventure,2015-12-11,PG-13,Warner Bros,122,100000000,25020758,64672551,89693309,7.0,2633764,0,2015,12,-10306691,-10.31,High Budget,Major Loss
226,Son of the Mask,Adventure,2005-02-18,PG,New Line,94,100000000,17018422,42900000,59918422,2.2,1791413,0,2005,2,-40081578,-40.08,High Budget,Major Loss
227,The Adventures of Pluto Nash,Comedy,2002-08-16,PG-13,Warner Bros,95,100000000,4411102,2683893,7094995,3.8,464327,0,2002,8,-92905005,-92.91,High Budget,Major Loss
228,Jin líng shí san chai,Drama,2012-01-20,R,Wrekin Hill Enterta…,114,100000000,311434,97915583,98227017,,32783,0,2012,1,-1772983,-1.77,High Budget,Loss
229,Wonder Park,Adventure,2019-03-15,PG,Paramount,97,100000000,0,0,0,,0,0,2019,3,-100000000,-100.0,High Budget,Major Loss
230,The Peanuts Movie,Adventure,2015-11-06,G,20th Century Fox,88,99000000,130178411,119913199,250091610,7.2,13702991,0,2015,11,151091610,152.62,High Budget,Major Success
231,The Mummy Returns,Adventure,2001-05-04,PG-13,Universal Pictures,130,98000000,202007640,233032755,435040395,6.3,21263962,0,2001,5,337040395,343.92,High Budget,Major Success
232,Gangs of New York,Drama,2002-12-20,R,Miramax,216,97000000,77730500,105394121,183124621,7.5,8182158,0,2002,12,86124621,88.79,High Budget,Major Success
233,Alien: Covenant,Horror,2017-05-19,R,20th Century Fox,98,97000000,74262031,164259216,238521247,,7817056,0,2017,5,141521247,145.9,High Budget,Major Success
234,Cinderella,Drama,2015-03-13,PG,Walt Disney,105,95000000,201151353,333400000,534551353,7.0,21173827,0,2015,3,439551353,462.69,High Budget,Major Success
235,Ice Age: Continental Drift,Adventure,2012-07-13,PG,20th Century Fox,88,95000000,161321843,718443294,879765137,6.6,16981247,0,2012,7,784765137,826.07,High Budget,Major Success
236,Black Hawk Down,Action,2001-12-28,R,Sony Pictures,152,95000000,108638745,51052340,159691085,7.7,11435657,0,2001,12,64691085,68.1,High Budget,Major Success
237,Sex and the City 2,Comedy,2010-05-27,R,Warner Bros,146,95000000,95347692,199333086,294680778,4.3,10036599,0,2010,5,199680778,210.19,High Budget,Major Success
238,The Campaign,Comedy,2012-08-10,R,Warner Bros,85,95000000,86907746,18000000,104907746,6.2,9148184,0,2012,8,9907746,10.43,High Budget,Profit
239,Unstoppable,Action,2010-11-12,PG-13,20th Century Fox,98,95000000,81562942,84157979,165720921,6.8,8585573,0,2010,11,70720921,74.44,High Budget,Major Success
240,The Fifth Element,Action,1997-05-09,PG-13,Sony Pictures,126,95000000,63570862,200327899,263898761,7.7,6691670,0,1997,5,168898761,177.79,High Budget,Major Success
241,The Road to El Dorado,Adventure,2000-03-31,PG,DreamWorks,89,95000000,50802661,14897339,65700000,6.9,5347649,0,2000,3,-29300000,-30.84,High Budget,Major Loss
242,The Lovely Bones,Drama,2009-12-11,PG-13,Paramount,135,95000000,44114232,50780216,94894448,6.7,4643603,0,2009,12,-105552,-0.11,High Budget,Loss
243,Seventh Son,Adventure,2015-02-06,PG-13,Universal Pictures,102,95000000,17725785,91760000,109485785,5.5,1865872,0,2015,2,14485785,15.25,High Budget,Profit
244,Finding Nemo,Adventure,2003-05-30,G,Walt Disney,100,94000000,380529370,555900000,936429370,8.2,40055723,0,2003,5,842429370,896.2,High Budget,Major Success
245,Lara Croft: Tomb Raider,Adventure,2001-06-15,PG-13,Paramount,100,94000000,131144183,142186002,273330185,5.7,13804651,0,2001,6,179330185,190.78,High Budget,Major Success
246,Kingsman: The Secret Service,Action,2015-02-13,R,20th Century Fox,109,94000000,128261724,276300000,404561724,7.7,13501234,0,2015,2,310561724,330.38,High Budget,Major Success
247,Jurassic Park III,Action,2001-07-18,PG-13,Universal Pictures,92,93000000,181166115,184733885,365900000,5.9,19070117,0,2001,7,272900000,293.44,High Budget,Major Success
248,Rise of the Planet of the Apes,Adventure,2011-08-05,PG-13,20th Century Fox,105,93000000,176760185,306100000,482860185,7.6,18606335,0,2011,8,389860185,419.2,High Budget,Major Success
249,The Spiderwick Chronicles,Adventure,2008-02-14,PG,Paramount,107,92500000,71195053,91644614,162839667,6.6,7494216,0,2008,2,70339667,76.04,High Budget,Major Success
250,The Incredibles,Adventure,2004-11-05,PG,Walt Disney,115,92000000,261441092,353285660,614726752,8.0,27520115,0,2004,11,522726752,568.18,High Budget,Major Success
251,A Good Day to Die Hard,Action,2013-02-14,R,20th Century Fox,101,92000000,67349198,236900000,304249198,5.3,7089389,0,2013,2,212249198,230.71,High Budget,Major Success
252,Cutthroat Island,Adventure,1995-12-22,PG-13,MGM,124,92000000,10017322,8500000,18517322,5.6,1054455,0,1995,12,-73482678,-79.87,High Budget,Major Loss
253,The Secret Life of Walter Mitty,Adventure,2013-12-25,PG,20th Century Fox,114,91000000,58236838,129624345,187861183,7.3,6130193,0,2013,12,96861183,106.44,High Budget,Major Success
254,Jumanji: Welcome to the Jungle,Adventure,2017-12-20,PG-13,Sony Pictures,97,90000000,404508916,557249624,961758540,6.9,42579886,0,2017,12,871758540,968.62,High Budget,Major Success
255,Men in Black,Adventure,1997-07-01,PG-13,Sony Pictures,98,90000000,250690539,337100000,587790539,7.3,26388478,0,1997,7,497790539,553.1,High Budget,Major Success
256,Toy Story 2,Adventure,1999-11-19,G,Walt Disney,82,90000000,245852179,265506097,511358276,7.9,25879177,0,1999,11,421358276,468.18,High Budget,Major Success
257,Rush Hour 2,Action,2001-08-03,PG-13,New Line,90,90000000,226164286,121261546,347425832,6.6,23806767,0,2001,8,257425832,286.03,High Budget,Major Success
258,Sherlock Holmes,Adventure,2009-12-25,PG-13,Warner Bros,128,90000000,209028679,289409533,498438212,7.6,22003019,0,2009,12,408438212,453.82,High Budget,Major Success
259,Ice Age: Dawn of the Dinosaurs,Adventure,2009-07-01,PG,20th Century Fox,94,90000000,196573705,663128152,859701857,7.0,20691969,0,2009,7,769701857,855.22,High Budget,Major Success
260,Rio,Adventure,2011-04-15,G,20th Century Fox,96,90000000,143619809,343900000,487519809,7.0,15117875,0,2011,4,397519809,441.69,High Budget,Major Success
261,The Departed,Drama,2006-10-06,R,Warner Bros,151,90000000,132384315,157276304,289660619,8.5,13935191,0,2006,10,199660619,221.85,High Budget,Major Success
262,Charlie's Angels,Action,2000-11-03,PG-13,Sony Pictures,94,90000000,125305545,134430545,259736090,5.5,13190057,0,2000,11,169736090,188.6,High Budget,Major Success
263,Mulan,Adventure,1998-06-19,G,Walt Disney,88,90000000,120620254,182879746,303500000,7.5,12696869,0,1998,6,213500000,237.22,High Budget,Major Success
264,Tropic Thunder,Comedy,2008-08-13,R,Paramount,121,90000000,110515313,80629943,191145256,7.0,11633191,0,2008,8,101145256,112.38,High Budget,Major Success
265,Contact,Drama,1997-07-11,PG,Warner Bros,150,90000000,100920329,64979671,165900000,7.4,10623193,0,1997,7,75900000,84.33,High Budget,Major Success
266,You Don't Mess With the Zohan,Comedy,2008-06-06,PG-13,Sony Pictures,113,90000000,100018837,102892154,202910991,5.5,10528299,0,2008,6,112910991,125.46,High Budget,Major Success
267,Die Hard: With a Vengeance,Action,1995-05-19,R,20th Century Fox,128,90000000,100012499,266089167,366101666,7.6,10527631,0,1995,5,276101666,306.78,High Budget,Major Success
268,Atlantis: The Lost Empire,Adventure,2001-06-08,PG,Walt Disney,95,90000000,84052762,101996258,186049020,6.8,8847659,0,2001,6,96049020,106.72,High Budget,Major Success
269,Pixels,Adventure,2015-07-24,PG-13,Sony Pictures,106,90000000,78765986,165275818,244041804,5.6,8291156,0,2015,7,154041804,171.16,High Budget,Major Success
270,Artificial Intelligence: AI,Drama,2001-06-29,PG-13,Warner Bros,114,90000000,78616689,157283311,235900000,,8275441,0,2001,6,145900000,162.11,High Budget,Major Success
271,The Haunted Mansion,Adventure,2003-11-26,PG,Walt Disney,88,90000000,75817994,79932634,155750628,4.9,7980841,0,2003,11,65750628,73.06,High Budget,Major Success
272,Hollow Man,Horror,2000-08-04,R,Sony Pictures,119,90000000,73209340,117990660,191200000,5.7,7706246,0,2000,8,101200000,112.44,High Budget,Major Success
273,Percy Jackson: Sea of Monsters,Adventure,2013-08-07,PG,20th Century Fox,106,90000000,68559554,132300000,200859554,5.9,7216795,0,2013,8,110859554,123.18,High Budget,Major Success
274,Spy Game,Action,2001-11-21,R,Universal Pictures,114,90000000,62362560,80687000,143049560,7.0,6564480,0,2001,11,53049560,58.94,High Budget,Major Success
275,The Saint,Action,1997-04-04,PG-13,Paramount,116,90000000,61363304,108036696,169400000,6.2,6459295,0,1997,4,79400000,88.22,High Budget,Major Success
276,Mission to Mars,Adventure,2000-03-10,PG,Walt Disney,114,90000000,60874615,45125385,106000000,5.6,6407854,0,2000,3,16000000,17.78,High Budget,Profit
277,Bicentennial Man,Drama,1999-12-17,PG,Walt Disney,132,90000000,58220776,29200000,87420776,6.8,6128503,0,1999,12,-2579224,-2.87,High Budget,Loss
278,Tomb Raider,Action,2018-03-16,PG-13,Warner Bros,109,90000000,57421715,215227270,272648985,,6044391,0,2018,3,182648985,202.94,High Budget,Major Success
279,King Arthur,Adventure,2004-07-07,PG-13,Walt Disney,97,90000000,51877963,152000000,203877963,,5460838,0,2004,7,113877963,126.53,High Budget,Major Success
280,Volcano,Action,1997-04-25,PG-13,20th Century Fox,104,90000000,47546796,72553204,120100000,5.4,5004926,0,1997,4,30100000,33.44,High Budget,Profit
281,K-19: The Widowmaker,Action,2002-07-19,PG-13,Paramount,138,90000000,35168966,30547160,65716126,6.7,3701996,0,2002,7,-24283874,-26.98,High Budget,Major Loss
282,The Promise,Drama,2017-04-21,PG-13,Open Road,103,90000000,8224288,2327129,10551417,5.6,865715,0,2017,4,-79448583,-88.28,High Budget,Major Loss
283,Twister,Action,1996-05-10,PG-13,Warner Bros,113,88000000,241688385,254011615,495700000,6.3,25440883,0,1996,5,407700000,463.3,High Budget,Major Success
284,Cinderella Man,Drama,2005-06-03,PG-13,Universal Pictures,144,88000000,61649911,43371577,105021488,8.0,6489464,0,2005,6,17021488,19.34,High Budget,Profit
285,The Predator,Action,2018-09-14,R,20th Century Fox,107,88000000,50787159,77200000,127987159,7.8,5346017,0,2018,9,39987159,45.44,High Budget,Profit
286,Fantastic Four,Action,2005-07-08,PG-13,20th Century Fox,100,87500000,154696080,178436670,333132750,4.3,16283798,0,2005,7,245632750,280.72,High Budget,Major Success
287,Hannibal,Horror,2001-02-09,R,MGM,70,87000000,165092266,185008014,350100280,8.6,17378133,0,2001,2,263100280,302.41,High Budget,Major Success
288,Seabiscuit,Drama,2003-07-25,PG-13,Universal Pictures,140,86000000,120277854,28437488,148715342,7.3,12660827,0,2003,7,62715342,72.92,High Budget,Major Success
289,Cast Away,Drama,2000-12-22,PG-13,20th Century Fox,143,85000000,233632142,193598374,427230516,7.7,24592857,0,2000,12,342230516,402.62,High Budget,Major Success
290,Happy Feet,Adventure,2006-11-17,PG,Warner Bros,108,85000000,198000317,187000000,385000317,6.5,20842139,0,2006,11,300000317,352.94,High Budget,Major Success
291,Air Force One,Action,1997-07-25,R,Sony Pictures,124,85000000,172956409,142311944,315268353,6.4,18205938,0,1997,7,230268353,270.9,High Budget,Major Success
292,Fast & Furious,Action,2009-04-03,PG-13,Universal Pictures,109,85000000,155064265,208000000,363064265,,16322554,0,2009,4,278064265,327.13,High Budget,Major Success
293,Horton Hears a Who,Adventure,2008-03-14,G,20th Century Fox,97,85000000,154529439,144948447,299477886,,16266257,0,2008,3,214477886,252.33,High Budget,Major Success
294,Divergent,Adventure,2014-03-21,PG-13,Lionsgate,139,85000000,150947895,125067070,276014965,6.7,15889252,0,2014,3,191014965,224.72,High Budget,Major Success
295,Hotel Transylvania,Adventure,2012-09-28,PG,Sony Pictures,91,85000000,148313048,230192764,378505812,7.1,15611900,0,2012,9,293505812,345.3,High Budget,Major Success
296,I Now Pronounce You Chuck and Larry,Comedy,2007-07-20,PG-13,Universal Pictures,98,85000000,119725280,65983182,185708462,,12602661,0,2007,7,100708462,118.48,High Budget,Major Success
297,Ocean's Thirteen,Adventure,2007-06-08,PG-13,Warner Bros,122,85000000,117144465,194600000,311744465,6.9,12330996,0,2007,6,226744465,266.76,High Budget,Major Success
298,Enemy of the State,Action,1998-11-20,R,Walt Disney,140,85000000,111549836,139100000,250649836,7.3,11742088,0,1998,11,165649836,194.88,High Budget,Major Success
299,Open Season,Adventure,2006-09-29,PG,Sony Pictures,83,85000000,85105259,106826899,191932158,6.2,8958448,0,2006,9,106932158,125.8,High Budget,Major Success
300,Tower Heist,Comedy,2011-11-04,PG-13,Universal Pictures,104,85000000,78046570,72376376,150422946,6.2,8215428,0,2011,11,65422946,76.97,High Budget,Major Success
301,102 Dalmatians,Adventure,2000-11-22,G,Walt Disney,100,85000000,66941559,0,66941559,4.8,7046480,0,2000,11,-18058441,-21.25,High Budget,Major Loss
302,Mirror Mirror,Adventure,2012-03-30,PG,Relativity,106,85000000,64935167,108678315,173613482,5.6,6835281,0,2012,3,88613482,104.25,High Budget,Major Success
303,Memoirs of a Geisha,Drama,2005-12-09,PG-13,Sony Pictures,145,85000000,57010853,104500000,161510853,7.3,6001142,0,2005,12,76510853,90.01,High Budget,Major Success
304,Enemy at the Gates,Drama,2001-03-16,R,Paramount,131,85000000,51396781,45574512,96971293,7.6,5410187,0,2001,3,11971293,14.08,High Budget,Profit
305,Last Action Hero,Action,1993-06-18,PG-13,Sony Pictures,130,85000000,50016394,87282095,137298489,6.2,5264884,0,1993,6,52298489,61.53,High Budget,Major Success
306,The Rundown,Action,2003-09-26,PG-13,Universal Pictures,104,85000000,47641743,33190150,80831893,6.7,5014920,0,2003,9,-4168107,-4.9,High Budget,Loss
307,Arthur Christmas,Adventure,2011-11-23,PG,Sony Pictures,97,85000000,46462469,103254655,149717124,7.1,4890786,0,2011,11,64717124,76.14,High Budget,Major Success
308,xXx: Return of Xander Cage,Action,2017-01-20,PG-13,Paramount,109,85000000,44898413,300146063,345044476,5.2,4726149,0,2017,1,260044476,305.93,High Budget,Major Success
309,Meet Joe Black,Drama,1998-11-13,PG-13,Universal Pictures,178,85000000,44650003,0,44650003,7.1,4700000,0,1998,11,-40349997,-47.47,High Budget,Major Loss
310,Collateral Damage,Action,2002-02-08,R,Warner Bros,108,85000000,40048332,38305176,78353508,5.5,4215614,0,2002,2,-6646492,-7.82,High Budget,Loss
311,Showtime,Comedy,2002-03-15,PG-13,Warner Bros,98,85000000,37948765,41000000,78948765,,3994607,0,2002,3,-6051235,-7.12,High Budget,Loss
312,Judge Dredd,Action,1995-06-30,R,Walt Disney,109,85000000,34687912,78800000,113487912,,3651359,0,1995,6,28487912,33.52,High Budget,Profit
313,Scott Pilgrim vs. The World,Comedy,2010-08-13,PG-13,Universal Pictures,112,85000000,31611316,16445448,48056764,7.5,3327507,0,2010,8,-36943236,-43.46,High Budget,Major Loss
314,The Core,Action,2003-03-28,PG-13,Paramount,135,85000000,31111260,43021371,74132631,5.4,3274869,0,2003,3,-10867369,-12.79,High Budget,Major Loss
315,Father's Day,Comedy,1997-05-09,PG-13,Warner Bros,98,85000000,28681080,7000000,35681080,,3019061,0,1997,5,-49318920,-58.02,High Budget,Major Loss
316,Scooby-Doo,Adventure,2002-06-14,PG,Warner Bros,86,84000000,153294164,123000000,276294164,4.9,16136228,0,2002,6,192294164,228.92,High Budget,Major Success
317,Nutty Professor II: The Klumps,Comedy,2000-07-28,PG-13,Universal Pictures,109,84000000,123307945,43000000,166307945,4.3,12979784,0,2000,7,82307945,97.99,High Budget,Major Success
318,RED 2,Action,2013-07-19,PG-13,Lionsgate,116,84000000,53262560,88244795,141507355,6.7,5606585,0,2013,7,57507355,68.46,High Budget,Major Success
319,Click,Comedy,2006-06-23,PG-13,Sony Pictures,107,82500000,137355633,100329456,237685089,6.4,14458488,0,2006,6,155185089,188.1,High Budget,Major Success
320,Charlotte's Web,Drama,2006-12-15,G,Paramount,97,82500000,82985708,61000000,143985708,6.4,8735338,0,2006,12,61485708,74.53,High Budget,Major Success
321,Jumper,Adventure,2008-02-14,PG-13,20th Century Fox,88,82500000,80172128,142468684,222640812,6.1,8439171,0,2008,2,140140812,169.87,High Budget,Major Success
322,Hellboy II: The Golden Army,Action,2008-07-11,PG-13,Universal Pictures,120,82500000,75986503,84401560,160388063,7.0,7998579,0,2008,7,77888063,94.41,High Budget,Major Success
323,The Longest Yard,Comedy,2005-05-27,PG-13,Paramount,113,82000000,158119460,33439045,191558505,6.4,16644154,0,2005,5,109558505,133.61,High Budget,Major Success
324,The Expendables,Action,2010-08-13,R,Lionsgate,113,82000000,103068524,165199650,268268174,6.5,10849318,0,2010,8,186268174,227.16,High Budget,Major Success
325,The 6th Day,Action,2000-11-17,PG-13,Sony Pictures,123,82000000,34543701,61481197,96024898,5.9,3636179,0,2000,11,14024898,17.1,High Budget,Profit
326,Bruce Almighty,Comedy,2003-05-23,PG-13,Universal Pictures,101,81000000,242704995,241763613,484468608,6.7,25547894,0,2003,5,403468608,498.11,High Budget,Major Success
327,The Hangover Part II,Comedy,2011-05-26,R,Warner Bros,102,80000000,254464305,332000000,586464305,6.5,26785716,0,2011,5,506464305,633.08,High Budget,Major Success
328,Mission: Impossible,Action,1996-05-21,PG-13,Paramount,110,80000000,180981886,276716108,457697994,7.1,19050725,0,1996,5,377697994,472.12,High Budget,Major Success
329,The Lego Batman Movie,Adventure,2017-02-10,PG,Warner Bros,97,80000000,175750384,134942512,310692896,,18500040,0,2017,2,230692896,288.37,High Budget,Major Success
330,Hotel Transylvania 2,Adventure,2015-09-25,PG,Sony Pictures,89,80000000,169700110,299800188,469500298,6.7,17863169,0,2015,9,389500298,486.88,High Budget,Major Success
331,Batman Returns,Action,1992-06-18,PG-13,Warner Bros,126,80000000,162833635,103990656,266824291,7.0,17140383,0,1992,6,186824291,233.53,High Budget,Major Success
332,The Mummy,Adventure,1999-05-07,PG-13,Universal Pictures,97,80000000,155385488,261000000,416385488,,16356367,0,1999,5,336385488,420.48,High Budget,Major Success
333,Over the Hedge,Adventure,2006-05-19,PG,Paramount,83,80000000,155019340,188377907,343397247,6.8,16317825,0,2006,5,263397247,329.25,High Budget,Major Success
334,Lilo & Stitch,Adventure,2002-06-21,PG,Walt Disney,85,80000000,145771527,100028473,245800000,7.2,15344371,0,2002,6,165800000,207.25,High Budget,Major Success
335,Deep Impact,Adventure,1998-05-08,PG-13,Paramount,120,80000000,140464664,209000000,349464664,6.1,14785754,0,1998,5,269464664,336.83,High Budget,Major Success
336,Grown Ups 2,Comedy,2013-07-12,PG-13,Sony Pictures,101,80000000,133668525,113355283,247023808,5.4,14070371,0,2013,7,167023808,208.78,High Budget,Major Success
337,Get Smart,Comedy,2008-06-20,PG-13,Warner Bros,110,80000000,130319208,96420208,226739416,6.5,13717811,0,2008,6,146739416,183.42,High Budget,Major Success
338,Robots,Adventure,2005-03-11,PG,20th Century Fox,91,80000000,128200012,132500000,260700012,6.3,13494738,0,2005,3,180700012,225.88,High Budget,Major Success
339,Four Christmases,Comedy,2008-11-26,PG-13,Warner Bros,88,80000000,120146040,48165518,168311558,5.6,12646952,0,2008,11,88311558,110.39,High Budget,Major Success
340,Face/Off,Action,1997-06-27,R,Paramount,138,80000000,112276146,128923854,241200000,7.3,11818542,0,1997,6,161200000,201.5,High Budget,Major Success
341,Bedtime Stories,Adventure,2008-12-25,PG,Walt Disney,99,80000000,110101975,111366960,221468935,6.1,11589682,0,2008,12,141468935,176.84,High Budget,Major Success
342,Road to Perdition,Drama,2002-07-12,R,DreamWorks,117,80000000,104054514,79300000,183354514,7.7,10953107,0,2002,7,103354514,129.19,High Budget,Major Success
343,Daredevil,Action,2003-02-14,PG-13,20th Century Fox,70,80000000,102543518,80239000,182782518,8.8,10794055,0,2003,2,102782518,128.48,High Budget,Major Success
344,Con Air,Action,1997-06-06,R,Walt Disney,123,80000000,101117573,123000000,224117573,6.8,10643955,0,1997,6,144117573,180.15,High Budget,Major Success
345,Yogi Bear,Adventure,2010-12-17,PG,Warner Bros,80,80000000,100246011,104528679,204774690,4.6,10552212,0,2010,12,124774690,155.97,High Budget,Major Success
346,Cold Mountain,Drama,2003-12-25,R,Miramax,154,80000000,95632614,69541295,165173909,7.2,10066591,0,2003,12,85173909,106.47,High Budget,Major Success
347,The Book of Eli,Action,2010-01-15,R,Warner Bros,118,80000000,94835059,63915758,158750817,6.9,9982638,0,2010,1,78750817,98.44,High Budget,Major Success
348,Flubber,Comedy,1997-11-26,PG,Walt Disney,90,80000000,92993801,85000000,177993801,5.2,9788821,0,1997,11,97993801,122.49,High Budget,Major Success
349,The Haunting,Horror,1999-07-23,PG-13,DreamWorks,113,80000000,91188905,89000000,180188905,4.9,9598832,0,1999,7,100188905,125.24,High Budget,Major Success
350,Space Jam,Adventure,1996-11-15,PG,Warner Bros,88,80000000,90463534,159736466,250200000,6.3,9522477,0,1996,11,170200000,212.75,High Budget,Major Success
351,Fury,Drama,2014-10-17,R,Sony Pictures,134,80000000,85817906,124497775,210315681,7.6,9033464,0,2014,10,130315681,162.89,High Budget,Major Success
352,The Pink Panther,Adventure,2006-02-10,PG,Sony Pictures,93,80000000,82226474,76700000,158926474,5.6,8655418,0,2006,2,78926474,98.66,High Budget,Major Success
353,The Day the Earth Stood Still,Adventure,2008-12-12,PG-13,20th Century Fox,104,80000000,79366978,153700000,233066978,5.5,8354419,0,2008,12,153066978,191.33,High Budget,Major Success
354,Spirit: Stallion of the Cimarron,Adventure,2002-05-24,G,DreamWorks,83,80000000,73215310,33300000,106515310,7.0,7706875,0,2002,5,26515310,33.14,High Budget,Profit
355,Swordfish,Action,2001-06-08,R,Warner Bros,99,80000000,69772969,77307444,147080413,6.5,7344523,0,2001,6,67080413,83.85,High Budget,Major Success
356,Lost In Space,Adventure,1998-04-03,PG-13,New Line,130,80000000,69117629,66929688,136047317,5.1,7275540,0,1998,4,56047317,70.06,High Budget,Major Success
357,Smallfoot,Adventure,2018-09-28,PG,Warner Bros,97,80000000,66361035,70800000,137161035,,6985372,0,2018,9,57161035,71.45,High Budget,Major Success
358,Bewitched,Comedy,2005-06-24,PG-13,Sony Pictures,70,80000000,63313159,67846147,131159306,7.6,6664543,0,2005,6,51159306,63.95,High Budget,Major Success
359,The Time Machine,Adventure,2002-03-08,PG-13,DreamWorks,96,80000000,56684819,42298771,98983590,5.9,5966823,0,2002,3,18983590,23.73,High Budget,Profit
360,What Dreams May Come,Drama,1998-10-02,PG-13,Polygram,113,80000000,55485043,16000000,71485043,7.0,5840531,0,1998,10,-8514957,-10.64,High Budget,Loss
361,Mighty Joe Young,Adventure,1998-12-25,PG,Walt Disney,114,80000000,50632037,0,50632037,5.6,5329688,0,1998,12,-29367963,-36.71,High Budget,Major Loss
362,The Legend of Zorro,Adventure,2005-10-28,PG,Sony Pictures,129,80000000,45575336,95900000,141475336,5.9,4797404,0,2005,10,61475336,76.84,High Budget,Major Success
363,Little Nicky,Comedy,2000-11-10,PG-13,New Line,90,80000000,39442871,18827520,58270391,5.3,4151881,0,2000,11,-21729609,-27.16,High Budget,Major Loss
364,Surrogates,Action,2009-09-25,PG-13,Walt Disney,89,80000000,38577772,81090578,119668350,6.3,4060818,0,2009,9,39668350,49.59,High Budget,Profit
365,Evolution,Comedy,2001-06-08,PG-13,DreamWorks,81,80000000,38311134,60030798,98341932,6.4,4032751,0,2001,6,18341932,22.93,High Budget,Profit
366,The Brothers Grimm,Adventure,2005-08-26,PG-13,Miramax/Dimension,118,80000000,37899638,67400000,105299638,5.9,3989436,0,2005,8,25299638,31.62,High Budget,Profit
367,Mars Attacks!,Comedy,1996-12-13,PG-13,Warner Bros,106,80000000,37771017,63600000,101371017,6.3,3975897,0,1996,12,21371017,26.71,High Budget,Profit
368,The Wild,Adventure,2006-04-14,G,Walt Disney,115,80000000,37384046,61626621,99010667,7.1,3935163,0,2006,4,19010667,23.76,High Budget,Profit
369,Walking with Dinosaurs,Adventure,2013-12-20,PG,20th Century Fox,97,80000000,36076121,87310201,123386322,,3797486,0,2013,12,43386322,54.23,High Budget,Profit
370,Thirteen Days,Drama,2000-12-22,PG-13,New Line,145,80000000,34566746,31987801,66554547,7.3,3638605,0,2000,12,-13445453,-16.81,High Budget,Major Loss
371,Daylight,Action,1996-12-06,PG-13,Universal Pictures,114,80000000,32908290,126000000,158908290,5.8,3464031,0,1996,12,78908290,98.64,High Budget,Major Success
372,The Last Witch Hunter,Action,2015-10-23,PG-13,Lionsgate,106,80000000,27367660,104070216,131437876,6.0,2880806,0,2015,10,51437876,64.3,High Budget,Major Success
373,Pompeii,Drama,2014-02-21,PG-13,Sony Pictures,105,80000000,23169033,85300000,108469033,5.6,2438846,0,2014,2,28469033,35.59,High Budget,Profit
374,Looney Tunes: Back in Action,Adventure,2003-11-14,PG,Warner Bros,91,80000000,20950820,33589842,54540662,5.7,2205349,0,2003,11,-25459338,-31.82,High Budget,Major Loss
375,Timeline,Adventure,2003-11-26,PG-13,Paramount,116,80000000,19480739,7222445,26703184,5.6,2050604,0,2003,11,-53296816,-66.62,High Budget,Major Loss
376,Babe: Pig in the City,Adventure,1998-11-25,G,Universal Pictures,97,80000000,18319860,50812000,69131860,5.8,1928406,0,1998,11,-10868140,-13.59,High Budget,Major Loss
377,The Postman,Action,1997-12-25,R,Warner Bros,177,80000000,17650704,3190419,20841123,6.0,1857969,0,1997,12,-59158877,-73.95,High Budget,Major Loss
378,Red Planet,Action,2000-11-10,PG-13,Warner Bros,106,80000000,17480890,15983079,33463969,5.7,1840094,0,2000,11,-46536031,-58.17,High Budget,Major Loss
379,Arthur et les Minimoys,Adventure,2007-01-12,PG,Weinstein Co.,97,80000000,15132763,98192980,113325743,,1592922,0,2007,1,33325743,41.66,High Budget,Profit
380,A Sound of Thunder,Action,2005-09-02,PG-13,Warner Bros,102,80000000,1900451,4400000,6300451,4.2,200047,0,2005,9,-73699549,-92.12,High Budget,Major Loss
381,The Lion King,Adventure,1994-06-15,G,Walt Disney,73,79300000,421785283,564546992,986332275,8.5,44398451,0,1994,6,907032275,1143.8,High Budget,Major Success
382,Journey 2: The Mysterious Island,Adventure,2012-02-10,PG,Warner Bros,94,79000000,103860290,214285872,318146162,5.8,10932662,0,2012,2,239146162,302.72,High Budget,Major Success
383,Jack and Jill,Comedy,2011-11-11,PG,Sony Pictures,91,79000000,74158157,76361060,150519217,3.4,7806122,0,2011,11,71519217,90.53,High Budget,Major Success
384,A Beautiful Mind,Drama,2001-12-21,PG-13,Universal Pictures,135,78000000,170708996,146959062,317668058,8.2,17969368,0,2001,12,239668058,307.27,High Budget,Major Success
385,Cloudy with a Chance of Meatballs 2,Adventure,2013-09-27,PG,Sony Pictures,95,78000000,119793567,154599082,274392649,6.5,12609849,0,2013,9,196392649,251.79,High Budget,Major Success
386,Exorcist: The Beginning,Horror,2004-08-20,R,Warner Bros,125,78000000,41814863,2142678,43957541,5.1,4401565,0,2004,8,-34042459,-43.64,High Budget,Major Loss
387,The Little Prince,Adventure,2016-02-12,PG,Entertainment One,108,77500000,1311213,100718606,102029819,7.8,138022,0,2016,2,24529819,31.65,High Budget,Profit
388,Despicable Me 2,Adventure,2013-07-03,PG,Universal Pictures,98,76000000,368065385,607151450,975216835,7.5,38743725,0,2013,7,899216835,1183.18,High Budget,Major Success
389,2 Fast 2 Furious,Action,2003-06-06,PG-13,Universal Pictures,107,76000000,127120058,109290549,236410607,5.9,13381059,0,2003,6,160410607,211.07,High Budget,Major Success
390,The Secret Life of Pets,Adventure,2016-07-08,PG,Universal Pictures,87,75000000,368384330,518383092,886767422,6.8,38777298,0,2016,7,811767422,1082.36,High Budget,Major Success
391,Independence Day,Adventure,1996-07-02,PG-13,20th Century Fox,154,75000000,306169255,511231623,817400878,6.9,32228343,0,1996,7,742400878,989.87,High Budget,Major Success
392,Sing,Adventure,2016-12-21,PG,Universal Pictures,97,75000000,270329045,364218900,634547945,7.1,28455689,0,2016,12,559547945,746.06,High Budget,Major Success
393,Despicable Me 3,Adventure,2017-06-30,PG,Universal Pictures,97,75000000,264624300,769896568,1034520868,6.3,27855189,0,2017,6,959520868,1279.36,High Budget,Major Success
394,The Lost World: Jurassic Park,Action,1997-05-22,PG-13,Universal Pictures,129,75000000,229086679,389552320,618638999,6.5,24114387,0,1997,5,543638999,724.85,High Budget,Major Success
395,Ice Age: The Meltdown,Adventure,2006-03-31,PG,20th Century Fox,115,75000000,195330621,456568661,651899282,6.9,20561118,0,2006,3,576899282,769.2,High Budget,Major Success
396,Madagascar,Adventure,2005-05-27,PG,DreamWorks,86,75000000,193595521,362964045,556559566,6.9,20378476,0,2005,5,481559566,642.08,High Budget,Major Success
397,Grown Ups,Comedy,2010-06-25,PG-13,Sony Pictures,102,75000000,162001186,110222244,272223430,6.0,17052756,0,2010,6,197223430,262.96,High Budget,Major Success
398,Shark Tale,Adventure,2004-10-01,PG,DreamWorks,90,75000000,161412000,210505043,371917043,6.0,16990737,0,2004,10,296917043,395.89,High Budget,Major Success
399,X-Men,Action,2000-07-14,PG-13,20th Century Fox,104,75000000,157299717,139572650,296872367,7.4,16557865,0,2000,7,221872367,295.83,High Budget,Major Success
400,Wanted,Action,2008-06-27,R,Universal Pictures,110,75000000,134508551,207907909,342416460,6.7,14158795,0,2008,6,267416460,356.56,High Budget,Major Success
401,The Rock,Action,1996-06-07,R,Walt Disney,136,75000000,134069511,202000000,336069511,7.4,14112580,0,1996,6,261069511,348.09,High Budget,Major Success
402,Christopher Robin,Adventure,2018-08-03,PG,Walt Disney,97,75000000,98677443,88300000,186977443,,10387099,0,2018,8,111977443,149.3,High Budget,Major Success
403,Inspector Gadget,Adventure,1999-07-23,PG,Walt Disney,110,75000000,97387965,0,97387965,4.1,10251365,0,1999,7,22387965,29.85,High Budget,Profit
404,Immortals,Action,2011-11-11,R,Relativity,110,75000000,83504017,128058418,211562435,6.1,8789897,0,2011,11,136562435,182.08,High Budget,Major Success
405,The Terminal,Drama,2004-06-18,PG-13,DreamWorks,128,75000000,77073959,141600000,218673959,7.3,8113048,0,2004,6,143673959,191.57,High Budget,Major Success
406,Constantine,Action,2005-02-18,R,Warner Bros,70,75000000,75976178,145618733,221594911,7.5,7997492,0,2005,2,146594911,195.46,High Budget,Major Success
407,Monster House,Adventure,2006-07-21,PG,Sony Pictures,91,75000000,73661010,67606360,141267370,6.6,7753791,0,2006,7,66267370,88.36,High Budget,Major Success
408,Vertical Limit,Action,2000-12-08,PG-13,Sony Pictures,124,75000000,68473360,145026640,213500000,5.9,7207722,0,2000,12,138500000,184.67,High Budget,Major Success
409,Charlie Wilson's War,Drama,2007-12-21,R,Universal Pictures,102,75000000,66661095,52851676,119512771,7.1,7016957,0,2007,12,44512771,59.35,High Budget,Profit
410,Be Cool,Comedy,2005-03-04,PG-13,MGM,118,75000000,55849401,39094616,94944017,5.7,5878884,0,2005,3,19944017,26.59,High Budget,Profit
411,Munich,Drama,2005-12-23,R,Universal Pictures,163,75000000,47379090,84113682,131492772,7.6,4987273,0,2005,12,56492772,75.32,High Budget,Major Success
412,Killers,Action,2010-06-04,PG-13,Lionsgate,100,75000000,47059963,48512786,95572749,5.4,4953680,0,2010,6,20572749,27.43,High Budget,Profit
413,The Man From U.N.C.L.E.,Action,2015-08-14,PG-13,Warner Bros,116,75000000,45445109,60000000,105445109,7.3,4783696,0,2015,8,30445109,40.59,High Budget,Profit
414,Tears of the Sun,Action,2003-03-07,R,Sony Pictures,142,75000000,43632458,42000000,85632458,6.6,4592890,0,2003,3,10632458,14.18,High Budget,Profit
415,Lady in the Water,Drama,2006-07-21,PG-13,Warner Bros,110,75000000,42285169,30500000,72785169,5.6,4451070,0,2006,7,-2214831,-2.95,High Budget,Loss
416,Spanglish,Comedy,2004-12-17,PG-13,Sony Pictures,131,75000000,42044321,12300000,54344321,6.5,4425718,0,2004,12,-20655679,-27.54,High Budget,Major Loss
417,Anna and the King,Drama,1999-12-17,PG-13,20th Century Fox,148,75000000,39251128,0,39251128,6.7,4131698,0,1999,12,-35748872,-47.67,High Budget,Major Loss
418,First Knight,Drama,1995-07-07,PG-13,Sony Pictures,134,75000000,37361412,90000000,127361412,5.9,3932780,0,1995,7,52361412,69.82,High Budget,Major Success
419,Sucker Punch,Action,2011-03-25,PG-13,Warner Bros,128,75000000,36392502,53365887,89758389,6.1,3830790,0,2011,3,14758389,19.68,High Budget,Profit
420,Hostage,Action,2005-03-11,R,Miramax,113,75000000,34636443,43000000,77636443,6.6,3645941,0,2005,3,2636443,3.52,High Budget,Profit
421,Hollywood Homicide,Action,2003-06-13,PG-13,Sony Pictures,116,75000000,30207785,20201968,50409753,5.3,3179767,0,2003,6,-24590247,-32.79,High Budget,Major Loss
422,Titan A.E.,Adventure,2000-06-16,PG,20th Century Fox,94,75000000,22751979,14000000,36751979,6.6,2394945,0,2000,6,-38248021,-51.0,High Budget,Major Loss
423,Flight of the Phoenix,Adventure,2004-12-17,PG-13,20th Century Fox,113,75000000,21009180,13000000,34009180,6.1,2211493,0,2004,12,-40990820,-54.65,High Budget,Major Loss
424,Soldier,Action,1998-10-23,R,Warner Bros,99,75000000,14623082,0,14623082,6.0,1539272,0,1998,10,-60376918,-80.5,High Budget,Major Loss
425,Virus,Action,1999-01-15,R,Universal Pictures,109,75000000,14010690,16616000,30626690,,1474809,0,1999,1,-44373310,-59.16,High Budget,Major Loss
426,Monkeybone,Comedy,2001-02-23,PG-13,20th Century Fox,93,75000000,5409517,0,5409517,4.7,569423,0,2001,2,-69590483,-92.79,High Budget,Major Loss
427,Minions,Adventure,2015-07-10,PG,Universal Pictures,91,74000000,336045770,826735851,1162781621,6.4,35373239,0,2015,7,1088781621,1471.33,High Budget,Major Success
428,The Angry Birds Movie,Adventure,2016-05-20,PG,Sony Pictures,97,73000000,107509366,245320162,352829528,6.3,11316775,0,2016,5,279829528,383.33,High Budget,Major Success
429,Sphere,Horror,1998-02-13,PG-13,Warner Bros,134,73000000,37068294,13100000,50168294,6.0,3901926,0,1998,2,-22831706,-31.28,High Budget,Major Loss
430,The Simpsons Movie,Adventure,2007-07-27,PG-13,20th Century Fox,87,72500000,183135014,343936008,527071022,7.4,19277370,0,2007,7,454571022,626.99,High Budget,Major Success
431,Fool's Gold,Adventure,2008-02-08,PG-13,Warner Bros,112,72500000,70231041,39131925,109362966,5.6,7392741,0,2008,2,36862966,50.85,High Budget,Profit
432,Funny People,Comedy,2009-07-31,R,Universal Pictures,153,72500000,51855045,20025260,71880305,6.4,5458426,0,2009,7,-619695,-0.85,High Budget,Loss
433,The Kingdom,Action,2007-09-28,R,Universal Pictures,110,72500000,47467250,39042352,86509602,7.1,4996553,0,2007,9,14009602,19.32,High Budget,Profit
434,Dr. Dolittle 2,Adventure,2001-06-22,PG,20th Century Fox,87,72000000,112950721,63151000,176101721,4.6,11889550,0,2001,6,104101721,144.59,High Budget,Major Success
435,Braveheart,Drama,1995-05-24,R,Paramount,178,72000000,75545647,133499597,209045244,8.4,7952173,0,1995,5,137045244,190.34,High Budget,Major Success
436,Jarhead,Drama,2005-11-04,R,Universal Pictures,125,72000000,62647540,34300000,96947540,7.1,6594478,0,2005,11,24947540,34.65,High Budget,Profit
437,Driven,Action,2001-04-27,PG-13,Warner Bros,116,72000000,32616869,22000000,54616869,4.5,3433355,0,2001,4,-17383131,-24.14,High Budget,Major Loss
438,The Majestic,Drama,2001-12-21,PG,Warner Bros,152,72000000,27796042,9510292,37306334,6.9,2925899,0,2001,12,-34693666,-48.19,High Budget,Major Loss
439,Two Brothers,Drama,2004-06-25,PG,Universal Pictures,109,72000000,19176754,43000000,62176754,7.1,2018606,0,2004,6,-9823246,-13.64,High Budget,Loss
440,Doctor Dolittle,Adventure,1998-06-26,PG-13,20th Century Fox,85,71500000,144156605,150000000,294156605,5.3,15174379,0,1998,6,222656605,311.41,High Budget,Major Success
441,Shrek 2,Adventure,2004-05-19,PG,DreamWorks,93,70000000,441226247,495781885,937008132,7.2,46444868,0,2004,5,867008132,1238.58,High Budget,Major Success
442,Cars,Adventure,2006-06-09,G,Walt Disney,117,70000000,244082982,217568264,461651246,7.2,25692945,0,2006,6,391651246,559.5,High Budget,Major Success
443,Who Framed Roger Rabbit?,Adventure,1988-06-22,PG,Walt Disney,97,70000000,154112492,197387508,351500000,7.7,16222368,0,1988,6,281500000,402.14,High Budget,Major Success
444,xXx,Action,2002-08-09,PG-13,Sony Pictures,132,70000000,141930000,125270000,267200000,5.8,14940000,0,2002,8,197200000,281.71,High Budget,Major Success
445,Ocean’s 8,Action,2018-06-08,PG-13,Warner Bros,109,70000000,139377762,156900000,296277762,,14671343,0,2018,6,226277762,323.25,High Budget,Major Success
446,Ransom,Action,1996-11-08,R,Walt Disney,139,70000000,136492681,172207319,308700000,6.6,14367651,0,1996,11,238700000,341.0,High Budget,Major Success
447,Inglourious Basterds,Action,2009-08-21,R,Weinstein Co.,153,70000000,120774594,196140670,316915264,8.3,12713115,0,2009,8,246915264,352.74,High Budget,Major Success
448,Hook,Adventure,1991-12-11,PG,Sony Pictures,142,70000000,119654823,181200000,300854823,6.7,12595245,0,1991,12,230854823,329.79,High Budget,Major Success
449,Die Hard 2,Action,1990-07-03,R,20th Century Fox,124,70000000,117323878,122490147,239814025,7.1,12349882,0,1990,7,169814025,242.59,High Budget,Major Success
450,S.W.A.T.,Action,2003-08-08,PG-13,Sony Pictures,117,70000000,116877597,90277151,207154748,6.0,12302905,0,2003,8,137154748,195.94,High Budget,Major Success
451,Daddy’s Home 2,Comedy,2017-11-10,PG-13,Paramount,98,70000000,104029443,71780367,175809810,,10950468,0,2017,11,105809810,151.16,High Budget,Major Success
452,Sleepy Hollow,Horror,1999-11-19,R,Paramount,70,70000000,101068340,106000000,207068340,7.5,10638773,0,1999,11,137068340,195.81,High Budget,Major Success
453,Battle: Los Angeles,Action,2011-03-11,PG-13,Sony Pictures,116,70000000,83552429,129911547,213463976,5.8,8794993,0,2011,3,143463976,204.95,High Budget,Major Success
454,AVP: Alien Vs. Predator,Horror,2004-08-13,PG-13,20th Century Fox,109,70000000,80281096,92262423,172543519,5.6,8450642,0,2004,8,102543519,146.49,High Budget,Major Success
455,War Horse,Drama,2011-12-25,PG-13,Walt Disney,146,70000000,79883359,76932170,156815529,7.2,8408775,0,2011,12,86815529,124.02,High Budget,Major Success
456,We Were Soldiers,Drama,2002-03-01,R,Paramount,124,70000000,78120196,36538066,114658262,7.1,8223179,0,2002,3,44658262,63.8,High Budget,Profit
457,The Monuments Men,Drama,2014-02-07,PG-13,Sony Pictures,118,70000000,78031620,80671128,158702748,6.1,8213855,0,2014,2,88702748,126.72,High Budget,Major Success
458,Storks,Adventure,2016-09-23,PG,Warner Bros,97,70000000,72679278,101351043,174030321,,7650450,0,2016,9,104030321,148.61,High Budget,Major Success
459,Star Trek: Insurrection,Adventure,1998-12-11,PG,Paramount,103,70000000,70187658,47612342,117800000,6.4,7388175,0,1998,12,47800000,68.29,High Budget,Profit
460,Big Fish,Drama,2003-12-10,PG-13,Sony Pictures,125,70000000,66432867,57521456,123954323,8.0,6992933,0,2003,12,53954323,77.08,High Budget,Major Success
461,Underworld: Awakening,Action,2012-01-20,R,Sony Pictures,88,70000000,62321039,98058891,160379930,6.4,6560109,0,2012,1,90379930,129.11,High Budget,Major Success
462,The Lego Ninjago Movie,Adventure,2017-09-22,PG,Warner Bros,97,70000000,59281555,63457991,122739546,,6240164,0,2017,9,52739546,75.34,High Budget,Major Success
463,Dracula Untold,Action,2014-10-10,PG-13,Universal Pictures,92,70000000,55991880,164249843,220241723,6.3,5893882,0,2014,10,150241723,214.63,High Budget,Major Success
464,The Guardian,Action,2006-09-29,PG-13,Walt Disney,109,70000000,55011732,39961808,94973540,,5790709,0,2006,9,24973540,35.68,High Budget,Profit
465,The Abyss,Action,1989-08-09,PG-13,20th Century Fox,171,70000000,54243125,0,54243125,7.6,5709803,0,1989,8,-15756875,-22.51,High Budget,Major Loss
466,Wall Street 2: Money Never Sleeps,Drama,2010-09-24,PG-13,20th Century Fox,114,70000000,52474616,84957003,137431619,,5523644,0,2010,9,67431619,96.33,High Budget,Major Success
467,The Dilemma,Comedy,2011-01-14,PG-13,Universal Pictures,111,70000000,48475290,22071575,70546865,5.3,5102662,0,2011,1,546865,0.78,High Budget,Profit
468,Rumor Has It,Comedy,2005-12-25,PG-13,Warner Bros,98,70000000,42996140,45937422,88933562,,4525909,0,2005,12,18933562,27.05,High Budget,Profit
469,The Siege,Action,1998-11-06,R,20th Century Fox,116,70000000,40934175,75691623,116625798,6.3,4308861,0,1998,11,46625798,66.61,High Budget,Profit
470,Stardust,Adventure,2007-08-10,PG-13,Paramount,127,70000000,38634938,98387307,137022245,7.7,4066836,0,2007,8,67022245,95.75,High Budget,Major Success
471,Seven Years in Tibet,Drama,1997-10-08,PG-13,Sony Pictures,136,70000000,37945884,93500000,131445884,7.0,3994304,0,1997,10,61445884,87.78,High Budget,Major Success
472,The Brave One,Drama,2007-09-14,R,Warner Bros,114,70000000,36793804,32998900,69792704,,3873032,0,2007,9,-207296,-0.3,High Budget,Loss
473,I Spy,Action,2002-11-01,PG-13,Sony Pictures,97,70000000,33561137,26718685,60279822,5.4,3532751,0,2002,11,-9720178,-13.89,High Budget,Loss
474,Bad Company,Action,2002-06-07,PG-13,Walt Disney,116,70000000,30157016,39000000,69157016,5.6,3174423,0,2002,6,-842984,-1.2,High Budget,Loss
475,Doom,Horror,2005-10-21,R,Universal Pictures,113,70000000,28212337,26400000,54612337,5.2,2969720,0,2005,10,-15387663,-21.98,High Budget,Major Loss
476,Killer Elite,Action,2011-09-23,R,Open Road,116,70000000,25124986,40284060,65409046,6.5,2644735,0,2011,9,-4590954,-6.56,High Budget,Loss
477,Hard Rain,Action,1998-01-16,R,Paramount,97,70000000,19870567,0,19870567,5.8,2091639,0,1998,1,-50129433,-71.61,High Budget,Major Loss
478,Hart's War,Drama,2002-02-15,R,MGM,125,70000000,19076815,14000000,33076815,6.3,2008086,0,2002,2,-36923185,-52.75,High Budget,Major Loss
479,Rollerball,Action,2002-02-08,PG-13,MGM,98,70000000,18990542,6861966,25852508,3.0,1999004,0,2002,2,-44147492,-63.07,High Budget,Major Loss
480,The Legend of Hercules,Adventure,2014-01-10,PG-13,Lionsgate,99,70000000,18848538,40104781,58953319,4.2,1984057,0,2014,1,-11046681,-15.78,High Budget,Major Loss
481,Ballistic: Ecks vs. Sever,Action,2002-09-20,R,Warner Bros,91,70000000,14294842,0,14294842,3.6,1504720,0,2002,9,-55705158,-79.58,High Budget,Major Loss
482,Osmosis Jones,Adventure,2001-08-10,PG,Warner Bros,95,70000000,13596911,0,13596911,6.2,1431254,0,2001,8,-56403089,-80.58,High Budget,Major Loss
483,Legends of Oz: Dorothy’s Return,Adventure,2014-05-09,PG,Clarius Entertainment,88,70000000,8462347,11645586,20107933,5.6,890773,0,2014,5,-49892067,-71.27,High Budget,Major Loss
484,Agora,Drama,2010-05-28,R,Newmarket Films,141,70000000,619423,38372869,38992292,7.2,65202,0,2010,5,-31007708,-44.3,High Budget,Major Loss
485,Despicable Me,Adventure,2010-07-09,PG,Universal Pictures,87,69000000,251513985,291950588,543464573,7.7,26475156,0,2010,7,474464573,687.63,High Budget,Major Success
486,Dinner for Schmucks,Comedy,2010-07-30,PG-13,Paramount,114,69000000,73026337,13770165,86796502,5.9,7686983,0,2010,7,17796502,25.79,High Budget,Profit
487,The Twilight Saga: Eclipse,Drama,2010-06-30,PG-13,Summit Entertainment,124,68000000,300531751,405571077,706102828,4.9,31634921,0,2010,6,638102828,938.39,High Budget,Major Success
488,The Sum of All Fears,Action,2002-05-31,PG-13,Paramount,124,68000000,118471320,75028680,193500000,6.4,12470665,0,2002,5,125500000,184.56,High Budget,Major Success
489,Ted 2,Comedy,2015-06-26,R,Universal Pictures,125,68000000,81476385,135737758,217214143,6.4,8576462,0,2015,6,149214143,219.43,High Budget,Major Success
490,Hall Pass,Comedy,2011-02-25,R,Warner Bros,111,68000000,45060734,42112741,87173475,5.9,4743235,0,2011,2,19173475,28.2,High Budget,Profit
491,Money Train,Action,1995-11-22,R,Sony Pictures,105,68000000,35324232,41900000,77224232,5.6,3718340,0,1995,11,9224232,13.57,High Budget,Profit
492,Dreamcatcher,Drama,2003-03-21,R,Warner Bros,136,68000000,33685268,42000000,75685268,5.5,3545818,0,2003,3,7685268,11.3,High Budget,Profit
493,Mystery Men,Comedy,1999-08-06,PG-13,Universal Pictures,121,68000000,29762011,3700000,33462011,6.0,3132843,0,1999,8,-34537989,-50.79,High Budget,Major Loss
494,The Insider,Drama,1999-11-05,R,Walt Disney,157,68000000,28965197,31300000,60265197,7.9,3048968,0,1999,11,-7734803,-11.37,High Budget,Loss
495,Downsizing,Comedy,2017-12-22,R,Paramount,98,68000000,24449754,24231380,48681134,,2573658,0,2017,12,-19318866,-28.41,High Budget,Major Loss
496,Doctor Seuss' The Lorax,Adventure,2012-03-02,PG,Universal Pictures,97,67500000,214030500,136946253,350976753,6.4,22529526,0,2012,3,283476753,419.97,High Budget,Major Success
497,Abraham Lincoln: Vampire Hunter,Horror,2012-06-22,R,20th Century Fox,105,67500000,37519139,99970591,137489730,5.9,3949383,0,2012,6,69989730,103.69,High Budget,Major Success
498,Last Man Standing,Action,1996-09-20,R,New Line,70,67000000,18115927,0,18115927,7.4,1906940,0,1996,9,-48884073,-72.96,High Budget,Major Loss
499,The Last Legion,Action,2007-08-17,PG-13,Weinstein/Dimension,102,67000000,5932060,19425711,25357771,5.4,624427,0,2007,8,-41642229,-62.15,High Budget,Major Loss
500,The X Files: Fight the Future,Action,1998-06-19,PG-13,20th Century Fox,109,66000000,83898313,105278110,189176423,,8831401,0,1998,6,123176423,186.63,High Budget,Major Success
501,Need for Speed,Action,2014-03-14,PG-13,Walt Disney,132,66000000,43568507,150601112,194169619,6.5,4586159,0,2014,3,128169619,194.2,High Budget,Major Success
502,Saving Private Ryan,Drama,1998-07-24,R,DreamWorks,169,65000000,216335085,268700000,485035085,8.6,22772114,0,1998,7,420035085,646.21,High Budget,Major Success
503,Lincoln,Drama,2012-11-09,PG-13,Walt Disney,150,65000000,182207973,91138308,273346281,7.4,19179787,0,2012,11,208346281,320.53,High Budget,Major Success
504,Ice Age,Adventure,2002-03-15,PG,20th Century Fox,103,65000000,176387405,209728938,386116343,7.6,18567095,0,2002,3,321116343,494.03,High Budget,Major Success
505,Apollo 13,Drama,1995-06-30,PG,Universal Pictures,140,65000000,173772767,162029504,335802271,7.6,18291870,0,1995,6,270802271,416.62,High Budget,Major Success
506,The Matrix,Action,1999-03-31,R,Warner Bros,136,65000000,171479930,292037453,463517383,8.7,18050519,0,1999,3,398517383,613.1,High Budget,Major Success
507,The Santa Clause 2,Adventure,2002-11-01,G,Walt Disney,104,65000000,139225854,33600000,172825854,5.5,14655353,0,2002,11,107825854,165.89,High Budget,Major Success
508,Total Recall,Action,1990-06-01,R,Sony Pictures,113,65000000,119394839,142005161,261400000,7.5,12567878,0,1990,6,196400000,302.15,High Budget,Major Success
509,You've Got Mail,Drama,1998-12-18,PG,Warner Bros,119,65000000,115821495,134978505,250800000,6.5,12191736,0,1998,12,185800000,285.85,High Budget,Major Success
510,Unbroken,Drama,2014-12-25,PG-13,Universal Pictures,137,65000000,115637895,47889929,163527824,7.2,12172410,0,2014,12,98527824,151.58,High Budget,Major Success
511,Spy!,Comedy,2015-06-05,R,20th Century Fox,98,65000000,110825712,122295694,233121406,,11665864,0,2015,6,168121406,258.65,High Budget,Major Success
512,Due Date,Comedy,2010-11-05,R,Warner Bros,95,65000000,100539043,111200000,211739043,6.6,10583057,0,2010,11,146739043,225.75,High Budget,Major Success
513,Step Brothers,Comedy,2008-07-25,R,Sony Pictures,106,65000000,100468793,28000000,128468793,6.9,10575662,0,2008,7,63468793,97.64,High Budget,Major Success
514,Jumanji,Adventure,1995-12-15,PG,Sony Pictures,97,65000000,100458310,162300000,262758310,,10574559,0,1995,12,197758310,304.24,High Budget,Major Success
515,The Mask of Zorro,Adventure,1998-07-17,PG-13,Sony Pictures,136,65000000,93828745,139871255,233700000,6.7,9876710,0,1998,7,168700000,259.54,High Budget,Major Success
516,Space Cowboys,Adventure,2000-08-04,PG-13,Warner Bros,130,65000000,90454043,38420000,128874043,6.4,9521478,0,2000,8,63874043,98.27,High Budget,Major Success
517,Cliffhanger,Action,1993-05-28,R,Sony Pictures,124,65000000,84049211,170950789,255000000,6.4,8847285,0,1993,5,190000000,292.31,High Budget,Major Success
518,Pete’s Dragon,Adventure,2016-08-12,PG,Walt Disney,102,65000000,76233151,61535824,137768975,7.3,8024542,0,2016,8,72768975,111.95,High Budget,Major Success
519,Broken Arrow,Action,1996-02-09,R,20th Century Fox,108,65000000,70645997,77700000,148345997,6.0,7436421,0,1996,2,83345997,128.22,High Budget,Major Success
520,World Trade Center,Drama,2006-08-09,PG-13,Paramount,129,65000000,70278893,93016761,163295654,6.0,7397778,0,2006,8,98295654,151.22,High Budget,Major Success
521,The Kid,Comedy,2000-07-07,PG,Walt Disney,104,65000000,69688384,0,69688384,6.1,7335619,0,2000,7,4688384,7.21,High Budget,Profit
522,Mona Lisa Smile,Drama,2003-12-19,PG-13,Sony Pictures,117,65000000,63803100,77402069,141205169,6.4,6716116,0,2003,12,76205169,117.24,High Budget,Major Success
523,The Dictator,Comedy,2012-05-16,R,Paramount,99,65000000,59650222,120498675,180148897,6.4,6278971,0,2012,5,115148897,177.15,High Budget,Major Success
524,Eyes Wide Shut,Drama,1999-07-16,R,Warner Bros,159,65000000,55691208,48576235,104267443,7.3,5862232,0,1999,7,39267443,60.41,High Budget,Profit
525,Blade: Trinity,Action,2004-12-08,R,New Line,122,65000000,52397389,78955776,131353165,5.9,5515515,0,2004,12,66353165,102.08,High Budget,Major Success
526,We Are Marshall,Drama,2006-12-22,PG,Warner Bros,131,65000000,43545364,0,43545364,7.1,4583723,0,2006,12,-21454636,-33.01,High Budget,Major Loss
527,Resident Evil: Retribution,Action,2012-09-14,R,Sony Pictures,96,65000000,42345531,196595466,238940997,5.4,4457424,0,2012,9,173940997,267.6,High Budget,Major Success
528,Primary Colors,Comedy,1998-03-20,R,Universal Pictures,143,65000000,39017984,0,39017984,6.7,4107156,0,1998,3,-25982016,-39.97,High Budget,Major Loss
529,Fight Club,Drama,1999-10-15,R,20th Century Fox,151,65000000,37030102,63821603,100851705,8.8,3897905,0,1999,10,35851705,55.16,High Budget,Profit
530,Death Race,Action,2008-08-22,R,Universal Pictures,111,65000000,36316032,36200787,72516819,6.4,3822740,0,2008,8,7516819,11.56,High Budget,Profit
531,The Long Kiss Goodnight,Action,1996-10-11,R,New Line,121,65000000,33447612,0,33447612,6.7,3520801,0,1996,10,-31552388,-48.54,High Budget,Major Loss
532,Proof of Life,Action,2000-12-08,R,Warner Bros,135,65000000,32598931,30162074,62761005,6.2,3431466,0,2000,12,-2238995,-3.44,High Budget,Loss
533,Zathura,Adventure,2005-11-11,PG,Sony Pictures,97,65000000,28045540,30500000,58545540,,2952162,0,2005,11,-6454460,-9.93,High Budget,Loss
534,Elektra,Action,2005-01-14,PG-13,20th Century Fox,100,65000000,24409722,32414911,56824633,4.8,2569444,0,2005,1,-8175367,-12.58,High Budget,Loss
535,Astro Boy,Adventure,2009-10-23,PG,Summit Entertainment,94,65000000,19551067,22085176,41636243,6.3,2058007,0,2009,10,-23363757,-35.94,High Budget,Major Loss
536,"I, Frankenstein",Action,2014-01-24,PG-13,Lionsgate,92,65000000,19075290,55500000,74575290,5.1,2007925,0,2014,1,9575290,14.73,High Budget,Profit
537,Hudson Hawk,Action,1991-05-24,R,Sony Pictures,100,65000000,17218916,0,17218916,5.7,1812517,0,1991,5,-47781084,-73.51,High Budget,Major Loss
538,Sin City: A Dame to Kill For,Action,2014-08-22,R,Weinstein Co.,102,65000000,13757804,26893038,40650842,6.5,1448190,0,2014,8,-24349158,-37.46,High Budget,Major Loss
539,Live by Night,Drama,2016-12-25,R,Warner Bros,114,65000000,10378555,11400000,21778555,,1092479,0,2016,12,-43221445,-66.49,High Budget,Major Loss
540,Lucky Numbers,Comedy,2000-10-27,R,Paramount,105,65000000,10014234,0,10014234,5.0,1054130,0,2000,10,-54985766,-84.59,High Budget,Major Loss
541,Oliver Twist,Drama,2005-09-23,PG-13,Sony/TriStar,130,65000000,2070920,24600000,26670920,6.9,217992,0,2005,9,-38329080,-58.97,High Budget,Major Loss
542,Tian jiang xiong shi,Action,2015-09-04,R,Lionsgate,109,65000000,74070,122445804,122519874,,7797,0,2015,9,57519874,88.49,High Budget,Major Success
543,Little Man,Comedy,2006-07-14,PG-13,Sony Pictures,98,64000000,58636047,43000000,101636047,,6172215,0,2006,7,37636047,58.81,High Budget,Profit
544,Random Hearts,Drama,1999-10-08,R,Sony Pictures,133,64000000,31054924,32145076,63200000,5.1,3268939,0,1999,10,-800000,-1.25,High Budget,Loss
545,Perfume: The Story of a Murderer,Drama,2006-12-27,R,Paramount,147,63700000,2223293,131380170,133603463,7.5,234031,0,2006,12,69903463,109.74,High Budget,Major Success
546,Jurassic Park,Action,1993-06-11,PG-13,Universal Pictures,127,63000000,395708305,643104279,1038812584,8.1,41653506,0,1993,6,975812584,1548.91,High Budget,Major Success
547,Austin Powers in Goldmember,Comedy,2002-07-25,PG-13,New Line,94,63000000,213117789,83220874,296338663,6.2,22433451,0,2002,7,233338663,370.38,High Budget,Major Success
548,Hop,Adventure,2011-04-01,PG,Universal Pictures,95,63000000,108085305,80572288,188657593,5.5,11377401,0,2011,4,125657593,199.46,High Budget,Major Success
549,Clear and Present Danger,Action,1994-08-03,PG-13,Paramount,141,62000000,122012656,85487344,207500000,6.9,12843437,0,1994,8,145500000,234.68,High Budget,Major Success
550,U-571,Action,2000-04-21,PG-13,Universal Pictures,116,62000000,77086030,50544000,127630030,6.6,8114319,0,2000,4,65630030,105.85,High Budget,Major Success
551,The Love Guru,Comedy,2008-06-20,PG-13,Paramount,87,62000000,32235793,7923224,40159017,3.8,3393241,0,2008,6,-21840983,-35.23,High Budget,Major Loss
552,3000 Miles to Graceland,Drama,2001-02-23,R,Warner Bros,125,62000000,15738632,2970216,18708848,5.9,1656698,0,2001,2,-43291152,-69.82,High Budget,Major Loss
553,Blades of Glory,Comedy,2007-03-30,PG-13,Paramount,93,61000000,118594548,27000000,145594548,6.3,12483637,0,2007,3,84594548,138.68,High Budget,Major Success
554,2 Guns,Action,2013-08-02,R,Universal Pictures,109,61000000,75612460,56880555,132493015,6.7,7959206,0,2013,8,71493015,117.2,High Budget,Major Success
555,Meet the Fockers,Comedy,2004-12-22,PG-13,Universal Pictures,106,60000000,279167575,237400000,516567575,6.3,29386061,0,2004,12,456567575,760.95,High Budget,Major Success
556,The Lego Movie,Adventure,2014-02-07,PG,Warner Bros,100,60000000,257784718,199944670,457729388,7.8,27135233,0,2014,2,397729388,662.88,High Budget,Major Success
557,Wild Hogs,Comedy,2007-03-02,PG-13,Walt Disney,100,60000000,168213584,85341799,253555383,5.9,17706693,0,2007,3,193555383,322.59,High Budget,Major Success
558,Marley & Me,Comedy,2008-12-25,PG,20th Century Fox,115,60000000,143153751,104658260,247812011,7.1,15068816,0,2008,12,187812011,313.02,High Budget,Major Success
559,The Green Mile,Drama,1999-12-10,R,Warner Bros,189,60000000,136801374,153900000,290701374,8.5,14400145,0,1999,12,230701374,384.5,High Budget,Major Success
560,Chicken Little,Adventure,2005-11-04,G,Walt Disney,81,60000000,135386665,174657158,310043823,5.8,14251228,0,2005,11,250043823,416.74,High Budget,Major Success
561,The Truman Show,Drama,1998-06-05,PG,Paramount,103,60000000,125618201,138500000,264118201,8.1,13222969,0,1998,6,204118201,340.2,High Budget,Major Success
562,Sully,Drama,2016-09-09,PG-13,Warner Bros,114,60000000,125070033,113482049,238552082,,13165267,0,2016,9,178552082,297.59,High Budget,Major Success
563,Couples Retreat,Comedy,2009-10-09,PG-13,Universal Pictures,113,60000000,109205660,63244763,172450423,5.5,11495333,0,2009,10,112450423,187.42,High Budget,Major Success
564,Goldeneye,Action,1995-11-17,PG-13,MGM,130,60000000,106429941,250000000,356429941,7.2,11203152,0,1995,11,296429941,494.05,High Budget,Major Success
565,The Italian Job,Adventure,2003-05-30,PG-13,Paramount,111,60000000,106126012,70136827,176262839,7.0,11171159,0,2003,5,116262839,193.77,High Budget,Major Success
566,Daddy Day Care,Comedy,2003-05-09,PG,Sony Pictures,92,60000000,104148781,60136806,164285587,5.5,10963030,0,2003,5,104285587,173.81,High Budget,Major Success
567,The General's Daughter,Drama,1999-06-18,R,Paramount,116,60000000,102705852,47000000,149705852,6.3,10811142,0,1999,6,89705852,149.51,High Budget,Major Success
568,The Prince of Egypt,Adventure,1998-12-18,PG,DreamWorks,99,60000000,101413188,117200000,218613188,7.0,10675072,0,1998,12,158613188,264.36,High Budget,Major Success
569,Collateral,Action,2004-08-06,R,DreamWorks,120,60000000,100170152,117500000,217670152,7.6,10544227,0,2004,8,157670152,262.78,High Budget,Major Success
570,Cats & Dogs,Comedy,2001-07-04,PG,Warner Bros,87,60000000,93375151,107324849,200700000,5.2,9828963,0,2001,7,140700000,234.5,High Budget,Major Success
571,Antz,Adventure,1998-10-02,PG,DreamWorks,83,60000000,90757863,61700000,152457863,6.6,9553459,0,1998,10,92457863,154.1,High Budget,Major Success
572,The Scorpion King,Action,2002-04-19,PG-13,Universal Pictures,100,60000000,90580000,75310634,165890634,5.5,9534737,0,2002,4,105890634,176.48,High Budget,Major Success
573,Red,Action,2010-10-15,PG-13,Summit Entertainment,111,60000000,90380162,106059531,196439693,7.1,9513701,0,2010,10,136439693,227.4,High Budget,Major Success
574,Starsky & Hutch,Comedy,2004-03-05,PG-13,Warner Bros,101,60000000,88200225,82000000,170200225,6.1,9284234,0,2004,3,110200225,183.67,High Budget,Major Success
575,Days of Thunder,Action,1990-06-27,PG-13,Paramount,107,60000000,82670733,75000000,157670733,5.9,8702182,0,1990,6,97670733,162.78,High Budget,Major Success
576,Cheaper by the Dozen 2,Adventure,2005-12-21,PG,20th Century Fox,94,60000000,82571173,52444157,135015330,5.4,8691702,0,2005,12,75015330,125.03,High Budget,Major Success
577,Eat Pray Love,Drama,2010-08-13,PG-13,Sony Pictures,140,60000000,80574010,126024779,206598789,5.7,8481475,0,2010,8,146598789,244.33,High Budget,Major Success
578,Jack Reacher,Drama,2012-12-21,PG-13,Paramount,130,60000000,80070736,137300000,217370736,7.0,8428499,0,2012,12,157370736,262.28,High Budget,Major Success
579,The Family Man,Comedy,2000-12-22,PG-13,Universal Pictures,125,60000000,75764085,48951778,124715863,6.7,7975167,0,2000,12,64715863,107.86,High Budget,Major Success
580,Any Given Sunday,Drama,1999-12-22,R,Warner Bros,156,60000000,75530832,24700000,100230832,6.8,7950614,0,1999,12,40230832,67.05,High Budget,Profit
581,The Horse Whisperer,Drama,1998-05-15,PG-13,Walt Disney,170,60000000,75383563,111500000,186883563,6.5,7935112,0,1998,5,126883563,211.47,High Budget,Major Success
582,Coraline,Adventure,2009-02-06,PG,Focus Features,100,60000000,75286229,50750828,126037057,7.7,7924866,0,2009,2,66037057,110.06,High Budget,Major Success
583,Ladder 49,Action,2004-10-01,PG-13,Walt Disney,115,60000000,74541707,27791141,102332848,6.5,7846495,0,2004,10,42332848,70.55,High Budget,Profit
584,Deep Blue Sea,Action,1999-07-28,R,Warner Bros,105,60000000,73648228,91400000,165048228,5.8,7752445,0,1999,7,105048228,175.08,High Budget,Major Success
585,Kangaroo Jack,Adventure,2003-01-17,PG,Warner Bros,89,60000000,66723216,24000000,90723216,4.4,7023496,0,2003,1,30723216,51.21,High Budget,Profit
586,London Has Fallen,Action,2016-03-04,R,Focus Features,99,60000000,62524260,131569908,194094168,5.9,6581501,0,2016,3,134094168,223.49,High Budget,Major Success
587,The Shaggy Dog,Comedy,2006-03-10,PG,Walt Disney,98,60000000,61123569,26000000,87123569,4.4,6434060,0,2006,3,27123569,45.21,High Budget,Profit
588,Jingle All the Way,Adventure,1996-11-22,PG,20th Century Fox,94,60000000,60592389,69240000,129832389,5.4,6378146,0,1996,11,69832389,116.39,High Budget,Major Success
589,Hellboy,Action,2004-04-02,PG-13,Sony Pictures,132,60000000,59623958,40200000,99823958,6.8,6276206,0,2004,4,39823958,66.37,High Budget,Profit
590,Jack Reacher: Never Go Back,Action,2016-10-21,PG-13,Paramount,109,60000000,58697076,101341331,160038407,,6178640,0,2016,10,100038407,166.73,High Budget,Major Success
591,Baywatch,Comedy,2017-05-25,R,Paramount,98,60000000,58060186,117963110,176023296,,6111599,0,2017,5,116023296,193.37,High Budget,Major Success
592,A Civil Action,Drama,1998-12-25,PG-13,Walt Disney,115,60000000,56709981,0,56709981,6.5,5969472,0,1998,12,-3290019,-5.48,High Budget,Loss
593,Joy,Drama,2015-12-25,PG-13,20th Century Fox,124,60000000,56451232,44682827,101134059,6.6,5942235,0,2015,12,41134059,68.56,High Budget,Profit
594,ParaNorman,Adventure,2012-08-17,PG,Focus Features,92,60000000,56003051,52116611,108119662,7.0,5895058,0,2012,8,48119662,80.2,High Budget,Profit
595,Up Close & Personal,Drama,1996-03-01,PG-13,Walt Disney,124,60000000,51045801,49600000,100645801,6.1,5373242,0,1996,3,40645801,67.74,High Budget,Profit
596,The Tale of Despereaux,Adventure,2008-12-19,G,Universal Pictures,93,60000000,50877145,39605172,90482317,6.1,5355489,0,2008,12,30482317,50.8,High Budget,Profit
597,The Boxtrolls,Adventure,2014-09-26,PG,Focus Features,96,60000000,50837305,61108946,111946251,6.8,5351295,0,2014,9,51946251,86.58,High Budget,Major Success
598,The Tuxedo,Action,2002-09-27,PG-13,DreamWorks,98,60000000,50586000,53843625,104429625,5.3,5324842,0,2002,9,44429625,74.05,High Budget,Profit
599,Jack Ryan: Shadow Recruit,Action,2014-01-17,PG-13,Paramount,105,60000000,50577412,80800000,131377412,6.2,5323938,0,2014,1,71377412,118.96,High Budget,Major Success
600,Under Siege 2: Dark Territory,Action,1995-07-14,R,Warner Bros,92,60000000,50024083,54300000,104324083,5.4,5265693,0,1995,7,44324083,73.87,High Budget,Profit
601,Alien: Resurrection,Action,1997-11-26,R,20th Century Fox,116,60000000,47795018,112904982,160700000,6.3,5031055,0,1997,11,100700000,167.83,High Budget,Major Success
602,Practical Magic,Comedy,1998-10-16,PG-13,Warner Bros,104,60000000,46850558,21486439,68336997,6.1,4931638,0,1998,10,8336997,13.89,High Budget,Profit
603,Gangster Squad,Drama,2013-01-11,R,Warner Bros,113,60000000,46000903,58100000,104100903,6.7,4842200,0,2013,1,44100903,73.5,High Budget,Profit
604,Smurfs: The Lost Village,Adventure,2017-04-07,PG,Sony Pictures,97,60000000,45020282,152402156,197422438,,4738977,0,2017,4,137422438,229.04,High Budget,Major Success
605,Year One,Comedy,2009-06-19,PG-13,Sony Pictures,100,60000000,43337279,14267444,57604723,4.9,4561819,0,2009,6,-2395277,-3.99,High Budget,Loss
606,Edge of Darkness,Drama,2010-01-29,R,Warner Bros,117,60000000,43313890,39498566,82812456,6.6,4559357,0,2010,1,22812456,38.02,High Budget,Profit
607,Star Trek: Nemesis,Adventure,2002-12-13,PG-13,Paramount,116,60000000,43254409,24058417,67312826,6.4,4553096,0,2002,12,7312826,12.19,High Budget,Profit
608,Reign of Fire,Action,2002-02-19,PG-13,Walt Disney,101,60000000,43061982,39088201,82150183,6.2,4532840,0,2002,2,22150183,36.92,High Budget,Profit
609,Planet 51,Adventure,2009-11-20,PG,Sony Pictures,91,60000000,42194060,66802053,108996113,6.1,4441480,0,2009,11,48996113,81.66,High Budget,Profit
610,Invictus,Drama,2009-12-11,PG-13,Warner Bros,134,60000000,37491364,87022647,124514011,7.4,3946459,0,2009,12,64514011,107.52,High Budget,Major Success
611,My Favorite Martian,Comedy,1999-02-12,PG,Walt Disney,94,60000000,36850101,0,36850101,4.9,3878958,0,1999,2,-23149899,-38.58,High Budget,Major Loss
612,Trouble with the Curve,Drama,2012-09-21,PG-13,Warner Bros,111,60000000,35763137,12055776,47818913,6.8,3764541,0,2012,9,-12181087,-20.3,High Budget,Major Loss
613,The Relic,Horror,1997-01-10,R,Paramount,110,60000000,33956608,0,33956608,5.7,3574380,0,1997,1,-26043392,-43.41,High Budget,Major Loss
614,Almost Famous,Comedy,2000-09-15,R,DreamWorks,152,60000000,32522352,14848839,47371191,7.9,3423405,0,2000,9,-12628809,-21.05,High Budget,Major Loss
615,Analyze That,Comedy,2002-12-06,R,Warner Bros,96,60000000,32122249,22872508,54994757,5.9,3381289,0,2002,12,-5005243,-8.34,High Budget,Loss
616,The Soloist,Drama,2009-04-24,PG-13,Paramount,117,60000000,31853584,6668866,38522450,6.7,3353009,0,2009,4,-21477550,-35.8,High Budget,Major Loss
617,The Legend of Bagger Vance,Drama,2000-11-03,PG-13,DreamWorks,126,60000000,30695227,8540259,39235486,6.7,3231077,0,2000,11,-20764514,-34.61,High Budget,Major Loss
618,Dragonfly,Drama,2002-02-22,PG-13,Universal Pictures,104,60000000,30063805,0,30063805,6.1,3164611,0,2002,2,-29936195,-49.89,High Budget,Major Loss
619,First Man,Drama,2018-10-12,PG-13,Universal Pictures,114,60000000,30000050,25500000,55500050,,3157900,0,2018,10,-4499950,-7.5,High Budget,Loss
620,Garfield: A Tail of Two Kitties,Adventure,2006-06-16,PG,20th Century Fox,97,60000000,28426747,119558626,147985373,,2992289,0,2006,6,87985373,146.64,High Budget,Major Success
621,XXX: State of the Union,Action,2005-04-29,PG-13,Sony Pictures,101,60000000,26873932,44200000,71073932,4.3,2828835,0,2005,4,11073932,18.46,High Budget,Profit
622,Event Horizon,Horror,1997-08-15,R,Paramount,130,60000000,26673242,0,26673242,6.7,2807710,0,1997,8,-33326758,-55.54,High Budget,Major Loss
623,Sinbad: Legend of the Seven Seas,Adventure,2003-07-02,PG,DreamWorks,85,60000000,26483452,54284432,80767884,6.7,2787732,0,2003,7,20767884,34.61,High Budget,Profit
624,EDtv,Comedy,1999-03-26,PG-13,Universal Pictures,122,60000000,22508689,12811000,35319689,6.1,2369336,0,1999,3,-24680311,-41.13,High Budget,Major Loss
625,The Spirit,Action,2008-12-25,PG-13,Lionsgate,103,60000000,19806188,19200000,39006188,4.8,2084862,0,2008,12,-20993812,-34.99,High Budget,Major Loss
626,The Last Castle,Drama,2001-10-19,R,DreamWorks,131,60000000,18208078,2333590,20541668,6.9,1916640,0,2001,10,-39458332,-65.76,High Budget,Major Loss
627,Inkheart,Adventure,2009-01-23,PG,Warner Bros,106,60000000,17303424,49352514,66655938,6.1,1821413,0,2009,1,6655938,11.09,High Budget,Profit
628,Supernova,Action,2000-01-14,PG-13,MGM,91,60000000,14218868,597626,14816494,4.8,1496723,0,2000,1,-45183506,-75.31,High Budget,Major Loss
629,Flyboys,Drama,2006-09-22,PG-13,MGM,140,60000000,13090630,1725749,14816379,6.6,1377961,0,2006,9,-45183621,-75.31,High Budget,Major Loss
630,Winter's Tale,Drama,2014-02-14,PG-13,Warner Bros,118,60000000,12600231,9868389,22468620,6.2,1326340,0,2014,2,-37531380,-62.55,High Budget,Major Loss
631,Holy Man,Comedy,1998-10-09,PG,Walt Disney,114,60000000,12069719,0,12069719,4.9,1270497,0,1998,10,-47930281,-79.88,High Budget,Major Loss
632,Meet Dave,Adventure,2008-07-11,PG,20th Century Fox,90,60000000,11803254,38845552,50648806,4.9,1242448,0,2008,7,-9351194,-15.59,High Budget,Loss
633,The Great Raid,Action,2005-08-12,R,Miramax,132,60000000,10166502,430568,10597070,6.7,1070158,0,2005,8,-49402930,-82.34,High Budget,Major Loss
634,Rock Dog,Adventure,2017-02-24,PG,Lionsgate,97,60000000,9420546,14731646,24152192,,991636,0,2017,2,-35847808,-59.75,High Budget,Major Loss
635,Mortdecai,Adventure,2015-01-23,R,Lionsgate,107,60000000,7696134,22700000,30396134,5.5,810119,0,2015,1,-29603866,-49.34,High Budget,Major Loss
636,Beyond Borders,Drama,2003-10-24,R,Paramount,127,60000000,4426297,7000793,11427090,6.5,465926,0,2003,10,-48572910,-80.95,High Budget,Major Loss
637,Sherlock Gnomes,Adventure,2018-03-23,PG,Paramount,97,59000000,43242871,44508094,87750965,,4551881,0,2018,3,28750965,48.73,High Budget,Profit
638,Deadpool,Action,2016-02-12,R,20th Century Fox,108,58000000,363070709,437958540,801029249,8.1,38217969,0,2016,2,743029249,1281.08,High Budget,Major Success
639,American Sniper,Drama,2014-12-25,R,Warner Bros,133,58000000,350126372,197200000,547326372,7.3,36855408,0,2014,12,489326372,843.67,High Budget,Major Success
640,Goosebumps,Horror,2015-10-16,PG,Sony Pictures,103,58000000,80069458,78835866,158905324,6.4,8428364,0,2015,10,100905324,173.97,High Budget,Major Success
641,Rambo III,Action,1988-05-25,R,Sony/TriStar,87,58000000,53715611,135000000,188715611,5.7,5654275,0,1988,5,130715611,225.37,High Budget,Major Success
642,Red Tails,Action,2012-01-20,PG-13,20th Century Fox,125,58000000,49876377,489121,50365498,5.9,5250145,0,2012,1,-7634502,-13.16,High Budget,Loss
643,The Internship,Comedy,2013-06-07,PG-13,20th Century Fox,125,58000000,44672764,49000000,93672764,6.3,4702396,0,2013,6,35672764,61.5,High Budget,Profit
644,The Flintstones in Viva Rock Vegas,Adventure,2000-04-28,PG,Universal Pictures,90,58000000,35231365,24200000,59431365,3.6,3708565,0,2000,4,1431365,2.47,High Budget,Profit
645,Sex and the City,Comedy,2008-05-30,R,Warner Bros,70,57500000,152647258,262600000,415247258,7.0,16068132,0,2008,5,357747258,622.17,High Budget,Major Success
646,Resident Evil: Afterlife,Horror,2010-09-10,R,Sony Pictures,97,57500000,60128566,235745624,295874190,5.9,6329323,0,2010,9,238374190,414.56,High Budget,Major Success
647,That's My Boy,Comedy,2012-06-15,R,Sony Pictures,116,57500000,36931089,21154146,58085235,5.6,3887483,0,2012,6,585235,1.02,High Budget,Profit
648,Devil's Advocate,Drama,1997-10-17,R,Warner Bros,136,57000000,61007424,92000000,153007424,7.5,6421834,0,1997,10,96007424,168.43,High Budget,Major Success
649,Ghost Rider: Spirit of Vengeance,Action,2012-02-17,PG-13,Sony Pictures,96,57000000,51774002,97443353,149217355,4.3,5449895,0,2012,2,92217355,161.78,High Budget,Major Success
650,Dragonheart,Adventure,1996-05-31,PG-13,Universal Pictures,103,57000000,51364680,53000000,104364680,6.4,5406808,0,1996,5,47364680,83.1,High Budget,Profit
651,After the Sunset,Action,2004-11-12,PG-13,New Line,97,57000000,28328132,10000982,38329114,6.3,2981909,0,2004,11,-18670886,-32.76,High Budget,Major Loss
652,Captain Corelli's Mandolin,Drama,2001-08-17,R,Miramax,131,57000000,25528495,36569000,62097495,5.9,2687210,0,2001,8,5097495,8.94,High Budget,Profit
653,Anger Management,Comedy,2003-04-11,PG-13,Sony Pictures,70,56000000,135560942,60100000,195660942,6.7,14269573,0,2003,4,139660942,249.39,High Budget,Major Success
654,The Pacifier,Comedy,2005-03-04,PG,Walt Disney,95,56000000,113006880,85000000,198006880,5.5,11895461,0,2005,3,142006880,253.58,High Budget,Major Success
655,Walking Tall,Action,2004-04-02,PG-13,MGM,86,56000000,46213824,1100000,47313824,6.2,4864613,0,2004,4,-8686176,-15.51,High Budget,Loss
656,Forrest Gump,Drama,1994-07-06,PG-13,Paramount,142,55000000,330151138,349699499,679850637,8.8,34752751,0,1994,7,624850637,1136.09,High Budget,Major Success
657,Alvin and the Chipmunks,Adventure,2007-12-14,PG,20th Century Fox,92,55000000,217326974,145278059,362605033,5.2,22876524,0,2007,12,307605033,559.28,High Budget,Major Success
658,Meet the Parents,Comedy,2000-10-06,PG-13,Universal Pictures,108,55000000,166225040,164200000,330425040,7.0,17497373,0,2000,10,275425040,500.77,High Budget,Major Success
659,The Pursuit of Happyness,Drama,2006-12-15,PG-13,Sony Pictures,117,55000000,162586036,144725057,307311093,8.0,17114320,0,2006,12,252311093,458.75,High Budget,Major Success
660,Pocahontas,Adventure,1995-06-10,G,Walt Disney,84,55000000,141579773,205520227,347100000,6.6,14903134,0,1995,6,292100000,531.09,High Budget,Major Success
661,Superman,Adventure,1978-12-15,PG,Warner Bros,188,55000000,134218018,165981982,300200000,7.3,14128212,0,1978,12,245200000,445.82,High Budget,Major Success
662,The Nutty Professor,Comedy,1996-06-28,PG-13,Universal Pictures,95,55000000,128814019,145000000,273814019,5.6,13559370,0,1996,6,218814019,397.84,High Budget,Major Success
663,Fifty Shades Darker,Drama,2017-02-10,R,Universal Pictures,114,55000000,114434010,267003472,381437482,4.6,12045685,0,2017,2,326437482,593.52,High Budget,Major Success
664,Captain Phillips,Drama,2013-10-11,PG-13,Sony Pictures,134,55000000,107136417,113511767,220648184,7.9,11277518,0,2013,10,165648184,301.18,High Budget,Major Success
665,George Of The Jungle,Adventure,1997-07-16,PG,Walt Disney,92,55000000,105263257,69200000,174463257,5.4,11080343,0,1997,7,119463257,217.21,High Budget,Major Success
666,American Wedding,Comedy,2003-08-01,R,Universal Pictures,74,55000000,104354205,22070910,126425115,6.3,10984653,0,2003,8,71425115,129.86,High Budget,Major Success
667,Murder on the Orient Express,Drama,2017-11-10,PG-13,20th Century Fox,114,55000000,102826543,243098380,345924923,6.5,10823847,0,2017,11,290924923,528.95,High Budget,Major Success
668,The Equalizer,Action,2014-09-26,R,Sony Pictures,132,55000000,101530738,91372886,192903624,7.2,10687446,0,2014,9,137903624,250.73,High Budget,Major Success
669,Fifty Shades Freed,Drama,2018-02-09,R,Universal Pictures,114,55000000,100407760,270814398,371222158,4.5,10569238,0,2018,2,316222158,574.95,High Budget,Major Success
670,Casper,Comedy,1995-05-26,PG,Universal Pictures,100,55000000,100328194,181971806,282300000,6.0,10560863,0,1995,5,227300000,413.27,High Budget,Major Success
671,Date Night,Comedy,2010-04-09,PG-13,20th Century Fox,101,55000000,98711404,53557629,152269033,6.3,10390674,0,2010,4,97269033,176.85,High Budget,Major Success
672,Crimson Tide,Action,1995-05-12,R,Walt Disney,123,55000000,91387195,68000000,159387195,7.3,9619705,0,1995,5,104387195,189.79,High Budget,Major Success
673,Disclosure,Drama,1994-12-09,R,Warner Bros,128,55000000,83015089,129184911,212200000,6.0,8738430,0,1994,12,157200000,285.82,High Budget,Major Success
674,City of Angels,Drama,1998-04-10,PG-13,Warner Bros,114,55000000,78750909,120000000,198750909,6.7,8289569,0,1998,4,143750909,261.37,High Budget,Major Success
675,Paddington,Adventure,2015-01-16,PG,Weinstein Co.,95,55000000,76223578,182565519,258789097,7.2,8023535,0,2015,1,203789097,370.53,High Budget,Major Success
676,R.V.,Adventure,2006-04-28,PG,Sony Pictures,97,55000000,71724497,15748527,87473024,,7549947,0,2006,4,32473024,59.04,High Budget,Profit
677,Stargate,Action,1994-10-28,PG-13,MGM,109,55000000,71565669,125000000,196565669,,7533228,0,1994,10,141565669,257.39,High Budget,Major Success
678,Kill Bill: Volume 1,Action,2003-10-10,R,Miramax,109,55000000,70098138,106371290,176469428,,7378751,0,2003,10,121469428,220.85,High Budget,Major Success
679,Mr. Poppers's Penguins,Adventure,2011-06-17,PG,20th Century Fox,97,55000000,68224452,121400000,189624452,,7181521,0,2011,6,134624452,244.77,High Budget,Major Success
680,Bowfinger,Comedy,1999-08-13,PG-13,Universal Pictures,85,55000000,66458769,32241000,98699769,6.4,6995660,0,1999,8,43699769,79.45,High Budget,Profit
681,Kill Bill: Volume 2,Action,2004-04-16,R,Miramax,109,55000000,66207920,87328062,153535982,,6969255,0,2004,4,98535982,179.16,High Budget,Major Success
682,Tango & Cash,Action,1989-12-22,R,Warner Bros,97,55000000,63408614,0,63408614,6.3,6674591,0,1989,12,8408614,15.29,High Budget,Profit
683,Death Becomes Her,Comedy,1992-07-31,PG-13,Universal Pictures,104,55000000,58422650,90600000,149022650,6.4,6149753,0,1992,7,94022650,170.95,High Budget,Major Success
684,Free Birds,Adventure,2013-11-01,PG,Relativity,91,55000000,55750480,54636592,110387072,5.9,5868472,0,2013,11,55387072,100.7,High Budget,Major Success
685,Alien 3,Action,1992-05-22,R,20th Century Fox,145,55000000,54927174,103572826,158500000,6.4,5781808,0,1992,5,103500000,188.18,High Budget,Major Success
686,The Forbidden Kingdom,Action,2008-04-18,PG-13,Lionsgate,104,55000000,52075270,77000000,129075270,6.6,5481607,0,2008,4,74075270,134.68,High Budget,Major Success
687,Muppets Most Wanted,Adventure,2014-03-21,PG,Walt Disney,119,55000000,51178893,28133408,79312301,6.4,5387252,0,2014,3,24312301,44.2,High Budget,Profit
688,Kubo and the Two Strings,Adventure,2016-08-19,PG,Focus Features,97,55000000,48023088,29525476,77548564,,5055062,0,2016,8,22548564,41.0,High Budget,Profit
689,Ronin,Action,1998-09-25,R,MGM,122,55000000,41610884,29081217,70692101,7.3,4380093,0,1998,9,15692101,28.53,High Budget,Profit
690,Burlesque,Drama,2010-11-24,PG-13,Sony Pictures,119,55000000,39440655,51112020,90552675,6.4,4151648,0,2010,11,35552675,64.64,High Budget,Profit
691,The Ghost and the Darkness,Action,1996-10-11,R,Paramount,110,55000000,38564422,0,38564422,6.8,4059413,0,1996,10,-16435578,-29.88,High Budget,Major Loss
692,The Watch,Comedy,2012-07-27,R,20th Century Fox,102,55000000,34353000,32777045,67130045,5.7,3616105,0,2012,7,12130045,22.05,High Budget,Profit
693,Instinct,Drama,1999-06-04,R,Walt Disney,126,55000000,34105207,0,34105207,6.5,3590022,0,1999,6,-20894793,-37.99,High Budget,Major Loss
694,Stuck On You,Comedy,2003-12-12,PG-13,20th Century Fox,118,55000000,33832741,29704423,63537164,5.8,3561341,0,2003,12,8537164,15.52,High Budget,Profit
695,Semi-Pro,Comedy,2008-02-29,R,New Line,99,55000000,33479698,10500665,43980363,5.8,3524179,0,2008,2,-11019637,-20.04,High Budget,Major Loss
696,Crimson Peak,Horror,2015-10-16,R,Universal Pictures,98,55000000,31090320,44376275,75466595,,3272665,0,2015,10,20466595,37.21,High Budget,Profit
697,The Pirates! Band of Misfits,Adventure,2012-04-27,PG,Sony Pictures,88,55000000,31051126,105092479,136143605,6.7,3268540,0,2012,4,81143605,147.53,High Budget,Major Success
698,Aeon Flux,Action,2005-12-02,PG-13,Paramount,109,55000000,25857987,28055586,53913573,,2721893,0,2005,12,-1086427,-1.98,High Budget,Loss
699,Elizabeth: The Golden Age,Drama,2007-10-12,PG-13,Universal Pictures,114,55000000,16285240,58585626,74870866,6.9,1714236,0,2007,10,19870866,36.13,High Budget,Profit
700,Imagine That,Adventure,2009-06-12,PG,Paramount,107,55000000,16222392,0,16222392,5.6,1707620,0,2009,6,-38777608,-70.5,High Budget,Major Loss
701,Gods and Generals,Drama,2003-02-21,PG-13,Warner Bros,240,55000000,12882934,41002,12923936,6.3,1356098,0,2003,2,-42076064,-76.5,High Budget,Major Loss
702,Bullet to the Head,Action,2013-02-01,R,Warner Bros,92,55000000,9489829,13108140,22597969,5.7,998929,0,2013,2,-32402031,-58.91,High Budget,Major Loss
703,All the King's Men,Drama,2006-09-22,PG-13,Sony Pictures,128,55000000,7221458,2300000,9521458,6.2,760153,0,2006,9,-45478542,-82.69,High Budget,Major Loss
704,Thunderbirds,Adventure,2004-07-30,PG,Universal Pictures,95,55000000,6768055,21463389,28231444,4.2,712427,0,2004,7,-26768556,-48.67,High Budget,Major Loss
705,Un long dimanche de fiançailles,Drama,2004-11-26,R,Warner Bros,114,55000000,6167817,63591479,69759296,,649244,0,2004,11,14759296,26.84,High Budget,Profit
706,Lucky You,Drama,2007-05-04,PG-13,Warner Bros,124,55000000,5755286,766543,6521829,5.9,605820,0,2007,5,-48478171,-88.14,High Budget,Major Loss
707,Lolita,Drama,1998-07-22,R,MGM,152,55000000,1147784,0,1147784,7.7,120819,0,1998,7,-53852216,-97.91,High Budget,Major Loss
708,Superman II,Adventure,1981-06-19,PG,Warner Bros,116,54000000,108185706,0,108185706,6.8,11387969,0,1981,6,54185706,100.34,High Budget,Major Success
709,Blade 2,Action,2002-03-22,R,New Line,117,54000000,81676888,72661713,154338601,6.7,8597567,0,2002,3,100338601,185.81,High Budget,Major Success
710,"You, Me and Dupree",Comedy,2006-07-14,PG-13,Universal Pictures,110,54000000,75802010,54600000,130402010,5.6,7979159,0,2006,7,76402010,141.49,High Budget,Major Success
711,Seven Pounds,Drama,2008-12-19,PG-13,Sony Pictures,123,54000000,69951824,96665504,166617328,7.7,7363350,0,2008,12,112617328,208.55,High Budget,Major Success
712,The Godfather: Part III,Drama,1990-12-25,R,Paramount,170,54000000,66520529,0,66520529,7.6,7002161,0,1990,12,12520529,23.19,High Budget,Profit
713,Elizabethtown,Drama,2005-10-14,PG-13,Paramount,123,54000000,26850426,23868947,50719373,6.4,2826361,0,2005,10,-3280627,-6.08,High Budget,Loss
714,The Dukes of Hazzard,Comedy,2005-08-05,PG-13,Warner Bros,107,53000000,80270227,29578234,109848461,5.1,8449498,0,2005,8,56848461,107.26,High Budget,Major Success
715,Black Mass,Drama,2015-09-18,R,Warner Bros,123,53000000,62575678,36262194,98837872,7.0,6586913,0,2015,9,45837872,86.49,High Budget,Profit
716,Flags of Our Fathers,Drama,2006-10-20,R,Paramount,135,53000000,33602376,30055565,63657941,7.1,3537092,0,2006,10,10657941,20.11,High Budget,Profit
717,Grindhouse,Horror,2007-04-06,R,Weinstein/Dimension,189,53000000,25031037,25156752,50187789,7.6,2634846,0,2007,4,-2812211,-5.31,High Budget,Loss
718,Beloved,Drama,1998-10-16,R,Walt Disney,172,53000000,22852487,0,22852487,5.9,2405525,0,1998,10,-30147513,-56.88,High Budget,Major Loss
719,Zero Dark Thirty,Drama,2012-12-19,R,Sony Pictures,157,52500000,95720716,38891719,134612435,7.4,10075865,0,2012,12,82112435,156.4,High Budget,Major Success
720,Catch Me if You Can,Drama,2002-12-25,PG-13,DreamWorks,141,52000000,164606800,191005491,355612291,8.0,17327032,0,2002,12,303612291,583.87,High Budget,Major Success
721,Casino,Drama,1995-11-22,R,Universal Pictures,178,52000000,42438300,67961700,110400000,8.2,4467189,0,1995,11,58400000,112.31,High Budget,Major Success
722,The Change-Up,Comedy,2011-08-05,R,Universal Pictures,118,52000000,37243418,38753649,75997067,6.4,3920360,0,2011,8,23997067,46.15,High Budget,Profit
723,The Thin Red Line,Drama,1998-12-23,R,20th Century Fox,215,52000000,36400491,61308543,97709034,7.6,3831631,0,1998,12,45709034,87.9,High Budget,Profit
724,Man on the Moon,Drama,1999-12-22,R,Universal Pictures,118,52000000,34580635,12827000,47407635,7.4,3640067,0,1999,12,-4592365,-8.83,High Budget,Loss
725,Bulletproof Monk,Action,2003-04-16,PG-13,MGM,104,52000000,23010607,0,23010607,5.5,2422169,0,2003,4,-28989393,-55.75,High Budget,Major Loss
726,Deck the Halls,Comedy,2006-11-22,PG,20th Century Fox,93,51000000,35093569,11722238,46815807,4.9,3694060,0,2006,11,-4184193,-8.2,High Budget,Loss
727,The Twilight Saga: New Moon,Drama,2009-11-20,PG-13,Summit Entertainment,130,50000000,296623634,390934093,687557727,4.6,31223540,0,2009,11,637557727,1275.12,Medium Budget,Major Success
728,Shrek,Adventure,2001-05-18,PG,DreamWorks,90,50000000,267655011,224157783,491812794,7.9,28174212,0,2001,5,441812794,883.63,Medium Budget,Major Success
729,Ted,Adventure,2012-06-29,R,Universal Pictures,112,50000000,218665740,337350887,556016627,7.0,23017446,0,2012,6,506016627,1012.03,Medium Budget,Major Success
730,22 Jump Street,Comedy,2014-06-13,R,Sony Pictures,112,50000000,191719337,139614539,331333876,7.1,20180983,0,2014,6,281333876,562.67,Medium Budget,Major Success
731,Robin Hood: Prince of Thieves,Adventure,1991-06-14,PG-13,Warner Bros,155,50000000,165493908,225006092,390500000,6.9,17420411,0,1991,6,340500000,681.0,Medium Budget,Major Success
732,Daddy’s Home,Comedy,2015-12-25,PG-13,Paramount,96,50000000,150357137,92400000,242757137,6.1,15827067,0,2015,12,192757137,385.51,Medium Budget,Major Success
733,Patch Adams,Comedy,1998-12-25,PG-13,Universal Pictures,115,50000000,135014968,67158032,202173000,6.7,14212102,0,1998,12,152173000,304.35,Medium Budget,Major Success
734,Central Intelligence,Comedy,2016-06-17,PG-13,Warner Bros,107,50000000,127440871,89755940,217196811,6.6,13414829,0,2016,6,167196811,334.39,Medium Budget,Major Success
735,Anchorman 2: The Legend Continues,Comedy,2013-12-18,PG-13,Paramount,143,50000000,127352707,44833047,172185754,6.3,13405548,0,2013,12,122185754,244.37,Medium Budget,Major Success
736,Mr. Deeds,Comedy,2002-06-28,PG-13,Sony Pictures,96,50000000,126293452,44976083,171269535,5.8,13294048,0,2002,6,121269535,242.54,Medium Budget,Major Success
737,Erin Brockovich,Drama,2000-03-17,R,Universal Pictures,131,50000000,125548685,132256558,257805243,7.3,13215651,0,2000,3,207805243,415.61,Medium Budget,Major Success
738,Peter Rabbit,Adventure,2018-02-09,PG,Sony Pictures,97,50000000,115234093,231900808,347134901,6.6,12129905,0,2018,2,297134901,594.27,Medium Budget,Major Success
739,Yes Man,Comedy,2008-12-19,PG-13,Warner Bros,104,50000000,97690976,128300000,225990976,6.8,10283261,0,2008,12,175990976,351.98,Medium Budget,Major Success
740,Non-Stop,Action,2014-02-28,PG-13,Universal Pictures,106,50000000,91742160,130640895,222383055,7.0,9657069,0,2014,2,172383055,344.77,Medium Budget,Major Success
741,Stepmom,Drama,1998-12-25,PG-13,Sony/TriStar,124,50000000,91137662,68607617,159745279,6.7,9593438,0,1998,12,109745279,219.49,Medium Budget,Major Success
742,Disney Planes,Adventure,2013-08-09,PG,Walt Disney,97,50000000,90282580,147776989,238059569,,9503429,0,2013,8,188059569,376.12,Medium Budget,Major Success
743,The Emoji Movie,Adventure,2017-07-28,PG,Sony Pictures,97,50000000,86089513,130418788,216508301,,9062054,0,2017,7,166508301,333.02,Medium Budget,Major Success
744,"Crazy, Stupid, Love",Comedy,2011-07-29,PG-13,Warner Bros,118,50000000,84351197,62791131,147142328,7.4,8879073,0,2011,7,97142328,194.28,Medium Budget,Major Success
745,The Post,Drama,2017-12-22,PG-13,20th Century Fox,114,50000000,81903458,97865999,179769457,,8621417,0,2017,12,129769457,259.54,Medium Budget,Major Success
746,Payback,Action,1999-02-05,R,Paramount,90,50000000,81526121,80100000,161626121,7.1,8581697,0,1999,2,111626121,223.25,Medium Budget,Major Success
747,Congo,Adventure,1995-06-09,PG-13,Paramount,109,50000000,81022333,71000000,152022333,5.0,8528667,0,1995,6,102022333,204.04,Medium Budget,Major Success
748,The Ring Two,Horror,2005-03-18,PG-13,DreamWorks,128,50000000,75941727,86000000,161941727,5.4,7993866,0,2005,3,111941727,223.88,Medium Budget,Major Success
749,We Bought a Zoo,Drama,2011-12-23,PG,20th Century Fox,124,50000000,75624550,43104523,118729073,7.1,7960479,0,2011,12,68729073,137.46,Medium Budget,Major Success
750,Moneyball,Drama,2011-09-23,PG-13,Sony Pictures,133,50000000,75605492,35695343,111300835,7.6,7958473,0,2011,9,61300835,122.6,Medium Budget,Major Success
751,Garfield: The Movie,Adventure,2004-06-11,PG,20th Century Fox,97,50000000,75367693,132726857,208094550,,7933441,0,2004,6,158094550,316.19,Medium Budget,Major Success
752,Christmas with the Kranks,Comedy,2004-11-24,PG,Sony Pictures,99,50000000,73701902,22767285,96469187,5.2,7758095,0,2004,11,46469187,92.94,Medium Budget,Profit
753,V for Vendetta,Action,2006-03-17,R,Warner Bros,132,50000000,70511035,59703127,130214162,8.2,7422214,0,2006,3,80214162,160.43,Medium Budget,Major Success
754,Race to Witch Mountain,Adventure,2009-03-13,PG,Walt Disney,98,50000000,67172595,37931189,105103784,5.7,7070799,0,2009,3,55103784,110.21,Medium Budget,Major Success
755,Herbie: Fully Loaded,Adventure,2005-06-22,G,Walt Disney,101,50000000,66010682,78100000,144110682,4.7,6948493,0,2005,6,94110682,188.22,Medium Budget,Major Success
756,Shanghai Knights,Adventure,2003-02-07,PG-13,Walt Disney,114,50000000,60470220,27846615,88316835,6.2,6365286,0,2003,2,38316835,76.63,Medium Budget,Profit
757,Planes: Fire and Rescue,Adventure,2014-07-18,PG,Walt Disney,97,50000000,59157732,97241912,156399644,,6227130,0,2014,7,106399644,212.8,Medium Budget,Major Success
758,Curious George,Adventure,2006-02-10,G,Universal Pictures,78,50000000,58640119,12412485,71052604,6.6,6172644,0,2006,2,21052604,42.11,Medium Budget,Profit
759,American Reunion,Comedy,2012-04-06,R,Universal Pictures,113,50000000,56758835,180040376,236799211,6.7,5974614,0,2012,4,186799211,373.6,Medium Budget,Major Success
760,Hansel & Gretel: Witch Hunters,Action,2013-01-25,R,Paramount,98,50000000,55703475,159246241,214949716,6.1,5863524,0,2013,1,164949716,329.9,Medium Budget,Major Success
761,I am Number Four,Adventure,2011-02-18,PG-13,Walt Disney,109,50000000,55100437,91094722,146195159,6.1,5800046,0,2011,2,96195159,192.39,Medium Budget,Major Success
762,Unfaithful,Drama,2002-05-08,R,20th Century Fox,124,50000000,52752475,66362019,119114494,6.7,5552892,0,2002,5,69114494,138.23,Medium Budget,Major Success
763,Resident Evil: Apocalypse,Horror,2004-09-10,R,Sony Pictures,98,50000000,50740078,74428656,125168734,6.2,5341061,0,2004,9,75168734,150.34,Medium Budget,Major Success
764,The Book of Life,Adventure,2014-10-17,PG,20th Century Fox,95,50000000,50151543,47500000,97651543,7.3,5279110,0,2014,10,47651543,95.3,Medium Budget,Profit
765,G.I. Jane,Drama,1997-08-22,R,Walt Disney,125,50000000,48169156,0,48169156,5.8,5070437,0,1997,8,-1830844,-3.66,Medium Budget,Loss
766,The Judge,Drama,2014-10-10,R,Warner Bros,141,50000000,47119388,29000000,76119388,7.4,4959936,0,2014,10,26119388,52.24,Medium Budget,Profit
767,Silent Hill,Horror,2006-04-21,R,Sony Pictures,132,50000000,46982632,47721595,94704227,6.6,4945540,0,2006,4,44704227,89.41,Medium Budget,Profit
768,The Replacements,Comedy,2000-08-11,PG-13,Warner Bros,118,50000000,44737059,5317452,50054511,6.5,4709164,0,2000,8,54511,0.11,Medium Budget,Profit
769,The Negotiator,Action,1998-07-29,R,Warner Bros,140,50000000,44705766,4400000,49105766,7.3,4705870,0,1998,7,-894234,-1.79,Medium Budget,Loss
770,War Dogs,Comedy,2016-08-19,R,Warner Bros,98,50000000,43034523,43200000,86234523,,4529950,0,2016,8,36234523,72.47,Medium Budget,Profit
771,Beverly Hills Cop III,Action,1994-05-25,R,Paramount,104,50000000,42586861,76594077,119180938,5.5,4482827,0,1994,5,69180938,138.36,Medium Budget,Major Success
772,Gremlins 2: The New Batch,Comedy,1990-06-15,PG-13,Warner Bros,106,50000000,41476097,0,41476097,6.3,4365905,0,1990,6,-8523903,-17.05,Medium Budget,Loss
773,The Peacemaker,Action,1997-09-26,R,DreamWorks,124,50000000,41263140,21704228,62967368,5.9,4343488,0,1997,9,12967368,25.93,Medium Budget,Profit
774,The Beach,Drama,2000-02-11,R,20th Century Fox,119,50000000,39778599,0,39778599,6.6,4187221,0,2000,2,-10221401,-20.44,Medium Budget,Major Loss
775,On Deadly Ground,Action,1994-02-18,R,Warner Bros,101,50000000,38590458,0,38590458,4.4,4062153,0,1994,2,-11409542,-22.82,Medium Budget,Major Loss
776,Ninja Assassin,Action,2009-11-25,R,Warner Bros,99,50000000,38122883,24087009,62209892,6.4,4012935,0,2009,11,12209892,24.42,Medium Budget,Profit
777,Raising Helen,Comedy,2004-05-28,PG-13,Walt Disney,119,50000000,37485528,12443152,49928680,6.0,3945845,0,2004,5,-71320,-0.14,Medium Budget,Loss
778,For Love of the Game,Drama,1999-09-17,PG-13,Universal Pictures,137,50000000,35188640,10924000,46112640,6.5,3704067,0,1999,9,-3887360,-7.77,Medium Budget,Loss
779,Jack Frost,Comedy,1998-12-11,PG,Warner Bros,98,50000000,34645374,0,34645374,,3646881,0,1998,12,-15354626,-30.71,Medium Budget,Major Loss
780,Marmaduke,Adventure,2010-06-04,PG,20th Century Fox,87,50000000,33644788,56251142,89895930,4.2,3541557,0,2010,6,39895930,79.79,Medium Budget,Profit
781,Striptease,Comedy,1996-06-28,R,Sony Pictures,117,50000000,33109743,80200000,113309743,4.3,3485236,0,1996,6,63309743,126.62,Medium Budget,Major Success
782,Assassins,Action,1995-10-06,R,Warner Bros,132,50000000,30306268,53000000,83306268,6.3,3190133,0,1995,10,33306268,66.61,Medium Budget,Profit
783,Zoolander 2,Comedy,2016-02-12,PG-13,Paramount,102,50000000,28848693,26500000,55348693,4.8,3036705,0,2016,2,5348693,10.7,Medium Budget,Profit
784,Defiance,Drama,2009-01-16,R,Paramount Vantage,70,50000000,28644813,24342941,52987754,7.0,3015243,0,2009,1,2987754,5.98,Medium Budget,Profit
785,Run All Night,Action,2015-03-13,R,Warner Bros,114,50000000,26461644,40500000,66961644,6.6,2785436,0,2015,3,16961644,33.92,Medium Budget,Profit
786,Escape from L.A.,Action,1996-08-09,R,Paramount,101,50000000,25426861,0,25426861,5.7,2676512,0,1996,8,-24573139,-49.15,Medium Budget,Major Loss
787,The Life Aquatic with Steve Zissou,Comedy,2004-12-10,R,Walt Disney,119,50000000,24006726,10800000,34806726,7.3,2527024,0,2004,12,-15193274,-30.39,Medium Budget,Major Loss
788,The Iron Giant,Adventure,1999-08-04,PG,Warner Bros,90,50000000,23159305,8174612,31333917,8.0,2437822,0,1999,8,-18666083,-37.33,Medium Budget,Major Loss
789,Your Highness,Comedy,2011-04-08,R,Universal Pictures,102,50000000,21596445,4525193,26121638,5.6,2273310,0,2011,4,-23878362,-47.76,Medium Budget,Major Loss
790,Snowden,Drama,2016-09-16,R,Open Road,114,50000000,21587519,13253497,34841016,,2272370,0,2016,9,-15158984,-30.32,Medium Budget,Major Loss
791,Dream House,Horror,2011-09-30,PG-13,Universal Pictures,84,50000000,21302340,20339826,41642166,6.0,2242352,0,2011,9,-8357834,-16.72,Medium Budget,Loss
792,Free State of Jones,Drama,2016-06-24,R,STX Entertainment,139,50000000,20810036,2427139,23237175,6.7,2190530,0,2016,6,-26762825,-53.53,Medium Budget,Major Loss
793,Gamer,Action,2009-09-04,R,Lionsgate,95,50000000,20534907,21467122,42002029,5.8,2161569,0,2009,9,-7997971,-16.0,Medium Budget,Loss
794,Into the Blue,Adventure,2005-09-30,PG-13,Sony Pictures,110,50000000,18782227,23200000,41982227,5.8,1977077,0,2005,9,-8017773,-16.04,Medium Budget,Loss
795,Baby's Day Out,Adventure,1994-07-01,PG,20th Century Fox,99,50000000,16581575,0,16581575,5.9,1745429,0,1994,7,-33418425,-66.84,Medium Budget,Major Loss
796,Fair Game,Action,1995-11-03,R,Warner Bros,108,50000000,11497497,14600000,26097497,6.8,1210263,0,1995,11,-23902503,-47.81,Medium Budget,Major Loss
797,Drive Angry,Action,2011-02-25,R,Summit Entertainment,104,50000000,10721033,30321550,41042583,5.5,1128530,0,2011,2,-8957417,-17.91,Medium Budget,Loss
798,Mad City,Drama,1997-11-07,PG-13,Warner Bros,115,50000000,10561038,0,10561038,6.2,1111688,0,1997,11,-39438962,-78.88,Medium Budget,Major Loss
799,The Scarlet Letter,Drama,1995-10-13,R,Walt Disney,135,50000000,10359006,0,10359006,5.1,1090422,0,1995,10,-39640994,-79.28,Medium Budget,Major Loss
800,Domino,Action,2005-10-14,R,New Line,127,50000000,10169202,12800000,22969202,6.0,1070442,0,2005,10,-27030798,-54.06,Medium Budget,Major Loss
801,Early Man,Adventure,2018-02-16,PG,Lionsgate,97,50000000,8267544,36505774,44773318,,870268,0,2018,2,-5226682,-10.45,Medium Budget,Loss
802,The Boat That Rocked,Comedy,2009-11-13,R,Focus Features,98,50000000,8017467,29455184,37472651,,843944,0,2009,11,-12527349,-25.05,Medium Budget,Major Loss
803,The Big Bounce,Comedy,2004-01-30,PG-13,Warner Bros,88,50000000,6471394,154721,6626115,4.9,681199,0,2004,1,-43373885,-86.75,Medium Budget,Major Loss
804,What Planet Are You From?,Comedy,2000-03-03,R,Sony Pictures,87,50000000,6291602,0,6291602,5.6,662274,0,2000,3,-43708398,-87.42,Medium Budget,Major Loss
805,Outlander,Adventure,2009-01-23,R,Third Rail,70,50000000,166003,1084614,1250617,8.5,17474,0,2009,1,-48749383,-97.5,Medium Budget,Major Loss
806,Shanghai,Drama,2015-10-02,R,Weinstein Co.,114,50000000,46425,15459497,15505922,,4887,0,2015,10,-34494078,-68.99,Medium Budget,Major Loss
807,The One,Action,2001-11-02,PG-13,Sony Pictures,85,49000000,43905746,28783380,72689126,5.9,4621657,0,2001,11,23689126,48.35,Medium Budget,Profit
808,Chappie,Action,2015-03-06,R,Sony Pictures,120,49000000,31569268,73432788,105002056,6.9,3323081,0,2015,3,56002056,114.29,Medium Budget,Major Success
809,The Adventures of Ford Fairlane,Comedy,1990-07-11,R,20th Century Fox,104,49000000,20423389,0,20423389,6.3,2149830,0,1990,7,-28576611,-58.32,Medium Budget,Major Loss
810,Indiana Jones and the Last Crusade,Adventure,1989-05-24,PG-13,Paramount,127,48000000,197171806,277000000,474171806,8.3,20754927,0,1989,5,426171806,887.86,Medium Budget,Major Success
811,The Ring,Horror,2002-10-18,PG-13,DreamWorks,98,48000000,129094024,119124462,248218486,,13588845,0,2002,10,200218486,417.12,Medium Budget,Major Success
812,Traffic,Drama,2000-12-27,R,USA Films,190,48000000,124107476,84192524,208300000,7.6,13063945,0,2000,12,160300000,333.96,Medium Budget,Major Success
813,Taken 3,Action,2015-01-09,PG-13,20th Century Fox,115,48000000,89256424,238400000,327656424,6.0,9395413,0,2015,1,279656424,582.62,Medium Budget,Major Success
814,Three Kings,Action,1999-10-01,R,Warner Bros,114,48000000,60652036,47100000,107752036,7.1,6384425,0,1999,10,59752036,124.48,Medium Budget,Major Success
815,Tooth Fairy,Adventure,2010-01-22,PG,20th Century Fox,89,48000000,60022256,52588130,112610386,4.6,6318132,0,2010,1,64610386,134.6,Medium Budget,Major Success
816,Rat Race,Comedy,2001-08-17,PG-13,Paramount,112,48000000,56607223,30000000,86607223,6.4,5958655,0,2001,8,38607223,80.43,Medium Budget,Profit
817,K-PAX,Drama,2001-08-13,PG-13,Universal Pictures,120,48000000,50315140,0,50315140,7.4,5296331,0,2001,8,2315140,4.82,Medium Budget,Profit
818,Bedazzled,Comedy,2000-10-20,PG-13,20th Century Fox,93,48000000,37879996,52496228,90376224,6.0,3987368,0,2000,10,42376224,88.28,Medium Budget,Profit
819,Out of Sight,Drama,1998-06-26,R,Universal Pictures,123,48000000,37562568,40000000,77562568,7.0,3953955,0,1998,6,29562568,61.59,Medium Budget,Profit
820,The Cotton Club,Drama,1984-12-14,NR,Orion Pictures,123,48000000,25928721,0,25928721,6.5,2729339,0,1984,12,-22071279,-45.98,Medium Budget,Major Loss
821,Rambo,Action,2008-01-25,R,Lionsgate,109,47500000,42754105,69460426,112214531,,4500432,0,2008,1,64714531,136.24,Medium Budget,Major Success
822,Dick Tracy,Action,1990-06-15,PG,Walt Disney,105,47000000,103738726,59000000,162738726,6.1,10919866,0,1990,6,115738726,246.25,Medium Budget,Major Success
823,Arrival,Drama,2016-11-11,PG-13,Paramount,114,47000000,100546139,102616072,203162211,,10583804,0,2016,11,156162211,332.26,Medium Budget,Major Success
824,The Cable Guy,Comedy,1996-06-14,PG-13,Sony Pictures,96,47000000,60240295,42585501,102825796,6.0,6341084,0,1996,6,55825796,118.78,Medium Budget,Major Success
825,Riding in Cars with Boys,Drama,2001-10-19,PG-13,Sony Pictures,132,47000000,29781453,0,29781453,6.4,3134890,0,2001,10,-17218547,-36.64,Medium Budget,Major Loss
826,Happily N'Ever After,Adventure,2007-01-05,PG,Lionsgate,75,47000000,15849032,22074786,37923818,4.5,1668319,0,2007,1,-9076182,-19.31,Medium Budget,Loss
827,Solaris,Drama,2002-11-27,PG-13,20th Century Fox,115,47000000,14970038,0,14970038,8.1,1575793,0,2002,11,-32029962,-68.15,Medium Budget,Major Loss
828,Jonah Hex,Action,2010-06-18,PG-13,Warner Bros,81,47000000,10547117,475579,11022696,4.7,1110223,0,2010,6,-35977304,-76.55,Medium Budget,Major Loss
829,Mary Reilly,Drama,1996-02-23,R,Sony Pictures,108,47000000,5707094,7192906,12900000,5.8,600747,0,1996,2,-34100000,-72.55,Medium Budget,Major Loss
830,Silence,Drama,2016-12-23,R,Paramount,114,46500000,7100177,16627339,23727516,,747387,0,2016,12,-22772484,-48.97,Medium Budget,Major Loss
831,My Best Friend's Wedding,Comedy,1997-06-20,PG,Sony Pictures,105,46000000,126813153,172110266,298923419,6.3,13348753,0,1997,6,252923419,549.83,Medium Budget,Major Success
832,Star Trek: First Contact,Adventure,1996-11-22,PG-13,Paramount,111,46000000,92027888,57972112,150000000,7.6,9687146,0,1996,11,104000000,226.09,Medium Budget,Major Success
833,Courage Under Fire,Drama,1996-07-12,R,20th Century Fox,116,46000000,59003384,41829761,100833145,6.6,6210883,0,1996,7,54833145,119.2,Medium Budget,Major Success
834,Inchon,Drama,1982-09-17,NR,MGM,140,46000000,4408636,0,4408636,2.7,464067,0,1982,9,-41591364,-90.42,Medium Budget,Major Loss
835,Liar Liar,Comedy,1997-03-21,PG-13,Universal Pictures,86,45000000,181410615,121300000,302710615,6.8,19095854,0,1997,3,257710615,572.69,Medium Budget,Major Success
836,A Bug's Life,Adventure,1998-11-20,G,Walt Disney,95,45000000,162798565,200296754,363095319,7.2,17136691,0,1998,11,318095319,706.88,Medium Budget,Major Success
837,The Flintstones,Comedy,1994-05-27,PG,Universal Pictures,91,45000000,130531208,227968792,358500000,4.8,13740127,0,1994,5,313500000,696.67,Medium Budget,Major Success
838,Scary Movie 3,Comedy,2003-10-24,PG-13,Miramax/Dimension,84,45000000,110000082,45199918,155200000,5.5,11578956,0,2003,10,110200000,244.89,Medium Budget,Major Success
839,Miss Congeniality,Comedy,2000-12-22,PG-13,Warner Bros,109,45000000,106807667,106613284,213420951,6.2,11242912,0,2000,12,168420951,374.27,Medium Budget,Major Success
840,Pitch Perfect 3,Comedy,2017-12-22,PG-13,Universal Pictures,98,45000000,104897530,80838882,185736412,,11041845,0,2017,12,140736412,312.75,Medium Budget,Major Success
841,Journey to the Center of the Earth,Adventure,2008-07-11,PG,Warner Bros,93,45000000,101704370,141476567,243180937,5.8,10705723,0,2008,7,198180937,440.4,Medium Budget,Major Success
842,The Pelican Brief,Drama,1993-12-17,PG-13,Warner Bros,141,45000000,100768056,87227803,187995859,6.5,10607164,0,1993,12,142995859,317.77,Medium Budget,Major Success
843,The Bucket List,Comedy,2007-12-25,PG-13,Warner Bros,97,45000000,93466502,81340943,174807445,7.4,9838579,0,2007,12,129807445,288.46,Medium Budget,Major Success
844,The Client,Drama,1994-07-20,PG-13,Warner Bros,119,45000000,92115211,25500000,117615211,6.7,9696338,0,1994,7,72615211,161.37,Medium Budget,Major Success
845,The Muppets,Adventure,2011-11-23,PG,Walt Disney,103,45000000,88625922,72346000,160971922,7.1,9329044,0,2011,11,115971922,257.72,Medium Budget,Major Success
846,Patriot Games,Action,1992-06-05,R,Paramount,117,45000000,83287363,94812637,178100000,6.9,8767091,0,1992,6,133100000,295.78,Medium Budget,Major Success
847,Monster-in-Law,Comedy,2005-05-13,PG-13,New Line,101,45000000,82931301,73000000,155931301,5.5,8729611,0,2005,5,110931301,246.51,Medium Budget,Major Success
848,Training Day,Drama,2001-10-05,R,Warner Bros,122,45000000,76261036,28244326,104505362,7.7,8027477,0,2001,10,59505362,132.23,Medium Budget,Major Success
849,Galaxy Quest,Adventure,1999-12-24,PG,DreamWorks,102,45000000,71423726,19100000,90523726,7.3,7518287,0,1999,12,45523726,101.16,Medium Budget,Profit
850,Scary Movie 2,Comedy,2001-07-04,R,Miramax/Dimension,83,45000000,71277420,69911681,141189101,5.2,7502886,0,2001,7,96189101,213.75,Medium Budget,Major Success
851,Blade,Action,1998-08-21,R,New Line,110,45000000,70141876,61095812,131237688,7.1,7383355,0,1998,8,86237688,191.64,Medium Budget,Major Success
852,Coach Carter,Drama,2005-01-14,PG-13,Paramount,136,45000000,67264877,9400630,76665507,7.2,7080513,0,2005,1,31665507,70.37,Medium Budget,Profit
853,Anaconda,Horror,1997-04-11,PG-13,Sony Pictures,89,45000000,65598907,71400000,136998907,4.6,6905148,0,1997,4,91998907,204.44,Medium Budget,Major Success
854,Underworld: Evolution,Action,2006-01-20,R,Sony Pictures,102,45000000,62318875,51098887,113417762,6.8,6559882,0,2006,1,68417762,152.04,Medium Budget,Major Success
855,Coyote Ugly,Drama,2000-08-04,PG-13,Walt Disney,107,45000000,60786269,53130205,113916474,5.6,6398555,0,2000,8,68916474,153.15,Medium Budget,Major Success
856,Jack,Drama,1996-08-09,PG-13,Walt Disney,114,45000000,58617334,0,58617334,,6170246,0,1996,8,13617334,30.26,Medium Budget,Profit
857,The Specialist,Action,1994-10-07,R,Warner Bros,110,45000000,57362581,0,57362581,5.4,6038166,0,1994,10,12362581,27.47,Medium Budget,Profit
858,Office Christmas Party,Comedy,2016-12-09,R,Paramount,98,45000000,54767494,36572882,91340376,,5764999,0,2016,12,46340376,102.98,Medium Budget,Profit
859,"Yours, Mine and Ours",Comedy,2005-11-23,PG,Paramount,111,45000000,53359917,19000000,72359917,7.2,5616833,0,2005,11,27359917,60.8,Medium Budget,Profit
860,Resident Evil: Extinction,Action,2007-09-21,R,Sony Pictures,94,45000000,50648679,95514241,146162920,6.3,5331440,0,2007,9,101162920,224.81,Medium Budget,Major Success
861,Fat Albert,Comedy,2004-12-25,PG,20th Century Fox,93,45000000,48114556,449000,48563556,4.3,5064690,0,2004,12,3563556,7.92,Medium Budget,Profit
862,The River Wild,Action,1994-09-30,PG-13,Universal Pictures,111,45000000,46815000,47400000,94215000,6.3,4927895,0,1994,9,49215000,109.37,Medium Budget,Profit
863,All Eyez on Me,Drama,2017-06-16,R,Lionsgate,114,45000000,44922302,9954553,54876855,,4728663,0,2017,6,9876855,21.95,Medium Budget,Profit
864,Last Holiday,Comedy,2006-01-13,PG-13,Paramount,112,45000000,38399961,4943286,43343247,6.4,4042101,0,2006,1,-1656753,-3.68,Medium Budget,Loss
865,16 Blocks,Action,2006-03-03,PG-13,Warner Bros,102,45000000,36895141,28700000,65595141,6.6,3883699,0,2006,3,20595141,45.77,Medium Budget,Profit
866,The Indian in the Cupboard,Adventure,1995-07-14,PG,Paramount,96,45000000,35627222,0,35627222,5.9,3750234,0,1995,7,-9372778,-20.83,Medium Budget,Loss
867,The Ant Bully,Adventure,2006-07-28,PG,Warner Bros,88,45000000,28142535,21468363,49610898,5.9,2962372,0,2006,7,4610898,10.25,Medium Budget,Profit
868,Johnny English,Adventure,2003-07-18,PG,Universal Pictures,87,45000000,28013509,135113167,163126676,6.1,2948790,0,2003,7,118126676,262.5,Medium Budget,Major Success
869,Dune,Action,1984-12-14,NR,Universal Pictures,177,45000000,27447471,0,27447471,6.6,2889207,0,1984,12,-17552529,-39.01,Medium Budget,Major Loss
870,Aliens in the Attic,Adventure,2009-07-31,PG,20th Century Fox,86,45000000,25200412,34350871,59551283,5.4,2652675,0,2009,7,14551283,32.34,Medium Budget,Profit
871,Revolutionary Road,Drama,2008-12-26,R,Paramount Vantage,119,45000000,22951340,56653480,79604820,7.3,2415931,0,2008,12,34604820,76.9,Medium Budget,Profit
872,Babylon A.D.,Action,2008-08-29,PG-13,20th Century Fox,101,45000000,22532572,47683925,70216497,5.6,2371850,0,2008,8,25216497,56.04,Medium Budget,Profit
873,Frankenstein,Horror,1994-11-04,R,Sony Pictures,98,45000000,22006296,90000000,112006296,,2316452,0,1994,11,67006296,148.9,Medium Budget,Major Success
874,The Glimmer Man,Action,1996-10-04,R,Warner Bros,91,45000000,20404841,16000000,36404841,5.3,2147878,0,1996,10,-8595159,-19.1,Medium Budget,Loss
875,Multiplicity,Comedy,1996-07-17,PG-13,Sony Pictures,117,45000000,20133326,0,20133326,6.0,2119297,0,1996,7,-24866674,-55.26,Medium Budget,Major Loss
876,The Pledge,Drama,2001-01-19,R,Warner Bros,124,45000000,19719930,9686202,29406132,6.8,2075782,0,2001,1,-15593868,-34.65,Medium Budget,Major Loss
877,The Phantom,Action,1996-06-07,PG,Paramount,100,45000000,17220599,0,17220599,4.9,1812695,0,1996,6,-27779401,-61.73,Medium Budget,Major Loss
878,Rebound,Comedy,2005-07-01,PG,20th Century Fox,98,45000000,16809014,683000,17492014,,1769370,0,2005,7,-27507986,-61.13,Medium Budget,Major Loss
879,Nixon,Drama,1995-12-20,R,Walt Disney,212,45000000,13668249,21000000,34668249,7.1,1438763,0,1995,12,-10331751,-22.96,Medium Budget,Major Loss
880,Dredd,Action,2012-09-21,R,Lionsgate,95,45000000,13414714,28052892,41467606,7.1,1412075,0,2012,9,-3532394,-7.85,Medium Budget,Loss
881,The Rum Diary,Drama,2011-10-28,R,FilmDistrict,114,45000000,13109815,8434917,21544732,,1379981,0,2011,10,-23455268,-52.12,Medium Budget,Major Loss
882,Deep Rising,Action,1998-01-30,R,Walt Disney,106,45000000,11203026,0,11203026,6.0,1179266,0,1998,1,-33796974,-75.1,Medium Budget,Major Loss
883,Johnny English Reborn,Adventure,2011-10-21,PG,Universal Pictures,101,45000000,8406711,156233690,164640401,6.3,884917,0,2011,10,119640401,265.87,Medium Budget,Major Success
884,Miracle at St. Anna,Drama,2008-09-26,R,Walt Disney,160,45000000,7916887,1759610,9676497,6.0,833357,0,2008,9,-35323503,-78.5,Medium Budget,Major Loss
885,Big Trouble,Comedy,2002-04-05,PG-13,Walt Disney,74,45000000,7262288,1226583,8488871,6.5,764451,0,2002,4,-36511129,-81.14,Medium Budget,Major Loss
886,Man cheng jin dai huang jin jia,Action,2006-12-21,R,Sony Pictures Classics,109,45000000,6566773,70337656,76904429,,691239,0,2006,12,31904429,70.9,Medium Budget,Profit
887,Love in the Time of Cholera,Drama,2007-11-16,R,New Line,139,45000000,4617608,26459810,31077418,6.4,486064,0,2007,11,-13922582,-30.94,Medium Budget,Major Loss
888,Rambo: First Blood Part II,Action,1985-05-22,R,Sony/TriStar,96,44000000,150415432,149984568,300400000,6.4,15833203,0,1985,5,256400000,582.73,Medium Budget,Major Success
889,Sleepers,Drama,1996-10-18,R,Warner Bros,147,44000000,53300852,112300000,165600852,7.5,5610616,0,1996,10,121600852,276.37,Medium Budget,Major Success
890,Charlie St. Cloud,Drama,2010-07-30,PG-13,Universal Pictures,99,44000000,31206263,17271821,48478084,6.5,3284870,0,2010,7,4478084,10.18,Medium Budget,Profit
891,The Interview,Comedy,2014-02-06,R,Sony Pictures,112,44000000,6105175,6237457,12342632,6.6,642650,0,2014,2,-31657368,-71.95,Medium Budget,Major Loss
892,The Heat,Comedy,2013-06-28,R,20th Century Fox,123,43000000,159581587,70146187,229727774,6.6,16798062,0,2013,6,186727774,434.25,Medium Budget,Major Success
893,Finding Forrester,Drama,2000-12-19,PG-13,Sony Pictures,136,43000000,51768623,28245000,80013623,7.3,5449329,0,2000,12,37013623,86.08,Medium Budget,Profit
894,28 Days,Comedy,2000-04-14,PG-13,Sony Pictures,103,43000000,37035515,25028457,62063972,6.0,3898475,0,2000,4,19063972,44.33,Medium Budget,Profit
895,Danny the Dog,Action,2005-05-13,R,Focus/Rogue Pictures,109,43000000,24537621,24500000,49037621,,2582907,0,2005,5,6037621,14.04,Medium Budget,Profit
896,A Monster Calls,Drama,2017-01-06,PG-13,Focus Features,114,43000000,3740823,42674141,46414964,,393771,0,2017,1,3414964,7.94,Medium Budget,Profit
897,The Mechanic,Action,2011-01-28,R,CBS Films,93,42500000,29121498,47225895,76347393,6.6,3065421,0,2011,1,33847393,79.64,Medium Budget,Profit
898,21 Jump Street,Comedy,2012-03-16,R,Sony Pictures,109,42000000,138447667,64364762,202812429,7.2,14573439,0,2012,3,160812429,382.89,Medium Budget,Major Success
899,Chicken Run,Adventure,2000-06-21,G,DreamWorks,84,42000000,106793915,121000000,227793915,7.0,11241465,0,2000,6,185793915,442.37,Medium Budget,Major Success
900,Boomerang,Comedy,1992-07-01,R,Paramount,117,42000000,70052444,61000000,131052444,5.4,7373941,0,1992,7,89052444,212.03,Medium Budget,Major Success
901,Brüno,Comedy,2009-07-10,R,Universal Pictures,81,42000000,60054530,78653997,138708527,5.8,6321529,0,2009,7,96708527,230.26,Medium Budget,Major Success
902,Cleopatra,Drama,1963-06-12,G,20th Century Fox,240,42000000,57000000,14000000,71000000,7.0,6000000,0,1963,6,29000000,69.05,Medium Budget,Profit
903,Snatched,Comedy,2017-05-12,R,20th Century Fox,98,42000000,45852178,11999999,57852177,,4826545,0,2017,5,15852177,37.74,Medium Budget,Profit
904,Here Comes the Boom,Comedy,2012-10-12,PG,Sony Pictures,105,42000000,45290318,27948940,73239258,6.5,4767402,0,2012,10,31239258,74.38,Medium Budget,Profit
905,Licence to Kill,Action,1989-07-14,PG-13,MGM,133,42000000,34667015,121500000,156167015,6.6,3649159,0,1989,7,114167015,271.83,Medium Budget,Major Success
906,One for the Money,Comedy,2012-01-27,PG-13,Lionsgate,91,42000000,26414527,9782694,36197221,5.3,2780477,0,2012,1,-5802779,-13.82,Medium Budget,Loss
907,Lord of War,Action,2005-09-16,R,Lionsgate,122,42000000,24149632,36288095,60437727,7.6,2542067,0,2005,9,18437727,43.9,Medium Budget,Profit
908,Super Mario Bros.,Action,1993-05-28,PG,Walt Disney,104,42000000,20844907,0,20844907,4.0,2194201,0,1993,5,-21155093,-50.37,Medium Budget,Major Loss
909,Hero,Comedy,1992-10-02,PG-13,Sony Pictures,80,42000000,19487173,47300000,66787173,7.9,2051281,0,1992,10,24787173,59.02,Medium Budget,Profit
910,McHale's Navy,Comedy,1997-04-18,PG,Universal Pictures,70,42000000,4408420,0,4408420,7.5,464044,0,1997,4,-37591580,-89.5,Medium Budget,Major Loss
911,Micmacs,Comedy,2010-05-28,R,Sony Pictures Classics,105,42000000,1259693,10497229,11756922,7.2,132599,0,2010,5,-30243078,-72.01,Medium Budget,Major Loss
912,8 Mile,Drama,2002-11-08,R,Universal Pictures,110,41000000,116724075,129044309,245768384,7.0,12286745,0,2002,11,204768384,499.44,Medium Budget,Major Success
913,A Knight’s Tale,Adventure,2001-05-11,PG-13,Sony Pictures,144,41000000,56083966,44538620,100622586,6.9,5903575,0,2001,5,59622586,145.42,Medium Budget,Major Success
914,The Medallion,Comedy,2003-08-22,PG-13,Sony Pictures,108,41000000,22108977,0,22108977,5.2,2327261,0,2003,8,-18891023,-46.08,Medium Budget,Major Loss
915,The Big Year,Comedy,2011-10-14,PG,20th Century Fox,100,41000000,7204138,480386,7684524,6.2,758330,0,2011,10,-33315476,-81.26,Medium Budget,Major Loss
916,Wedding Crashers,Comedy,2005-07-15,R,New Line,98,40000000,209218368,74000000,283218368,,22022986,0,2005,7,243218368,608.05,Medium Budget,Major Success
917,Fifty Shades of Grey,Drama,2015-02-13,R,Universal Pictures,129,40000000,166167230,404830871,570998101,4.1,17491287,0,2015,2,530998101,1327.5,Medium Budget,Major Success
918,Cheaper by the Dozen,Comedy,2003-12-25,PG,20th Century Fox,94,40000000,138614544,51597569,190212113,5.8,14591005,0,2003,12,150212113,375.53,Medium Budget,Major Success
919,Lucy,Action,2014-07-25,R,Universal Pictures,89,40000000,126573960,330933816,457507776,6.4,13323575,0,2014,7,417507776,1043.77,Medium Budget,Major Success
920,Lone Survivor,Action,2013-12-25,R,Universal Pictures,121,40000000,125095601,24709031,149804632,7.6,13167958,0,2013,12,109804632,274.51,Medium Budget,Major Success
921,Back to the Future Part II,Adventure,1989-11-22,PG,Universal Pictures,108,40000000,118450002,213549998,332000000,7.8,12468421,0,1989,11,292000000,730.0,Medium Budget,Major Success
922,Double Jeopardy,Action,1999-09-24,R,Paramount,105,40000000,116735231,61100000,177835231,6.4,12287919,0,1999,9,137835231,344.59,Medium Budget,Major Success
923,Spy Kids 3-D: Game Over,Adventure,2003-07-25,PG,Miramax/Dimension,84,40000000,111760631,56091364,167851995,4.1,11764277,0,2003,7,127851995,319.63,Medium Budget,Major Success
924,A Time to Kill,Drama,1996-07-24,R,Warner Bros,149,40000000,108766007,43500000,152266007,7.4,11449053,0,1996,7,112266007,280.67,Medium Budget,Major Success
925,A League of Their Own,Comedy,1992-07-01,PG,Sony Pictures,128,40000000,107533925,24906141,132440066,7.2,11319361,0,1992,7,92440066,231.1,Medium Budget,Major Success
926,The Social Network,Drama,2010-10-01,PG-13,Sony Pictures,120,40000000,96962694,127959441,224922135,7.7,10206599,0,2010,10,184922135,462.31,Medium Budget,Major Success
927,Julie & Julia,Comedy,2009-08-07,PG-13,Sony Pictures,123,40000000,94125426,32520693,126646119,7.0,9907940,0,2009,8,86646119,216.62,Medium Budget,Major Success
928,John Wick: Chapter Two,Action,2017-02-10,R,Lionsgate,109,40000000,92029184,79341313,171370497,,9687283,0,2017,2,131370497,328.43,Medium Budget,Major Success
929,Ride Along 2,Comedy,2016-01-15,PG-13,Universal Pictures,102,40000000,90862685,33964631,124827316,5.9,9564493,0,2016,1,84827316,212.07,Medium Budget,Major Success
930,Scary Movie 4,Comedy,2006-04-14,PG-13,Weinstein/Dimension,89,40000000,90710620,88000000,178710620,5.1,9548486,0,2006,4,138710620,346.78,Medium Budget,Major Success
931,Get Hard,Comedy,2015-03-27,R,Warner Bros,107,40000000,90411453,16100000,106511453,6.0,9516995,0,2015,3,66511453,166.28,Medium Budget,Major Success
932,Scream 3,Horror,2000-02-04,R,Miramax,116,40000000,89138076,72700000,161838076,5.5,9382955,0,2000,2,121838076,304.6,Medium Budget,Major Success
933,Back to the Future Part III,Adventure,1990-05-24,PG,Universal Pictures,118,40000000,88055283,156033371,244088654,7.4,9268977,0,1990,5,204088654,510.22,Medium Budget,Major Success
934,Dumb and Dumber To,Comedy,2014-11-14,PG-13,Universal Pictures,109,40000000,86208010,70345582,156553592,5.7,9074527,0,2014,11,116553592,291.38,Medium Budget,Major Success
935,Bram Stoker's Dracula,Horror,1992-11-13,R,Sony Pictures,155,40000000,82522790,133339902,215862692,7.5,8686609,0,1992,11,175862692,439.66,Medium Budget,Major Success
936,Eight Below,Adventure,2006-02-17,PG,Walt Disney,120,40000000,81612565,38843429,120455994,7.3,8590796,0,2006,2,80455994,201.14,Medium Budget,Major Success
937,The Talented Mr. Ripley,Drama,1999-12-24,R,Paramount,139,40000000,81292135,47500000,128792135,7.3,8557067,0,1999,12,88792135,221.98,Medium Budget,Major Success
938,The Intern,Comedy,2015-09-25,PG-13,Warner Bros,121,40000000,75764672,121468062,197232734,7.2,7975229,0,2015,9,157232734,393.08,Medium Budget,Major Success
939,The Last of the Mohicans,Action,1992-09-25,R,20th Century Fox,117,40000000,75505856,0,75505856,7.8,7947985,0,1992,9,35505856,88.76,Medium Budget,Profit
940,Ray,Drama,2004-10-29,PG-13,Universal Pictures,178,40000000,75305995,49517099,124823094,7.7,7926947,0,2004,10,84823094,212.06,Medium Budget,Major Success
941,Sin City,Action,2005-04-01,R,Miramax/Dimension,147,40000000,74103820,84424098,158527918,8.1,7800402,0,2005,4,118527918,296.32,Medium Budget,Major Success
942,"I Love You, Man",Comedy,2009-03-20,R,Paramount,105,40000000,72013010,20289492,92302502,7.1,7580317,0,2009,3,52302502,130.76,Medium Budget,Major Success
943,JFK,Drama,1991-12-20,R,Warner Bros,206,40000000,70405498,134994502,205400000,8.0,7411105,0,1991,12,165400000,413.5,Medium Budget,Major Success
944,Big Momma's House 2,Comedy,2006-01-27,PG-13,20th Century Fox,99,40000000,70165972,66881404,137047376,4.6,7385892,0,2006,1,97047376,242.62,Medium Budget,Major Success
945,Hacksaw Ridge,Drama,2016-11-04,R,Lionsgate,114,40000000,67209615,101730968,168940583,,7074696,0,2016,11,128940583,322.35,Medium Budget,Major Success
946,The Mexican,Action,2001-03-02,R,DreamWorks,123,40000000,66808615,78429635,145238250,6.1,7032486,0,2001,3,105238250,263.1,Medium Budget,Major Success
947,The Final Destination,Horror,2009-08-28,R,Warner Bros,98,40000000,66477700,120906927,187384627,6.7,6997653,0,2009,8,147384627,368.46,Medium Budget,Major Success
948,17 Again,Comedy,2009-04-17,PG-13,Warner Bros,102,40000000,64167069,75307837,139474906,6.4,6754428,0,2009,4,99474906,248.69,Medium Budget,Major Success
949,Get Him to the Greek,Comedy,2010-06-04,R,Universal Pictures,114,40000000,61153526,30302349,91455875,6.4,6437213,0,2010,6,51455875,128.64,Medium Budget,Major Success
950,Gothika,Horror,2003-11-21,R,Warner Bros,98,40000000,59588068,81896744,141484812,5.8,6272428,0,2003,11,101484812,253.71,Medium Budget,Major Success
951,Behind Enemy Lines,Action,2001-11-30,PG-13,20th Century Fox,106,40000000,58855732,0,58855732,6.4,6195340,0,2001,11,18855732,47.14,Medium Budget,Profit
952,Invincible,Drama,2006-08-25,PG,Walt Disney,114,40000000,57806952,694175,58501127,,6084942,0,2006,8,18501127,46.25,Medium Budget,Profit
953,Escape From Planet Earth,Adventure,2013-02-15,PG,Weinstein Co.,89,40000000,57012977,17143633,74156610,5.9,6001366,0,2013,2,34156610,85.39,Medium Budget,Profit
954,Small Soldiers,Adventure,1998-07-10,PG-13,DreamWorks,108,40000000,55143823,16600000,71743823,6.1,5804613,0,1998,7,31743823,79.36,Medium Budget,Profit
955,Spawn,Action,1997-07-31,PG-13,New Line,98,40000000,54979992,32969867,87949859,5.2,5787368,0,1997,7,47949859,119.87,Medium Budget,Profit
956,Horrible Bosses 2,Comedy,2014-11-26,R,Warner Bros,116,40000000,54445357,51500000,105945357,6.3,5731090,0,2014,11,65945357,164.86,Medium Budget,Major Success
957,The Count of Monte Cristo,Drama,2002-01-25,PG-13,Walt Disney,131,40000000,54228104,21160986,75389090,7.7,5708221,0,2002,1,35389090,88.47,Medium Budget,Profit
958,The Lake House,Drama,2006-06-16,PG,Warner Bros,99,40000000,52330111,62500000,114830111,6.8,5508433,0,2006,6,74830111,187.08,Medium Budget,Major Success
959,Predators,Action,2010-07-09,R,20th Century Fox,107,40000000,52000688,75233701,127234389,6.4,5473757,0,2010,7,87234389,218.09,Medium Budget,Major Success
960,The Odd Life of Timothy Green,Drama,2012-08-15,PG,Walt Disney,105,40000000,51853450,3395709,55249159,6.6,5458258,0,2012,8,15249159,38.12,Medium Budget,Profit
961,The Living Daylights,Action,1987-07-31,PG,MGM,130,40000000,51185000,140015000,191200000,6.7,5387895,0,1987,7,151200000,378.0,Medium Budget,Major Success
962,Apocalypto,Action,2006-12-08,R,Walt Disney,139,40000000,50866635,70165637,121032272,7.8,5354383,0,2006,12,81032272,202.58,Medium Budget,Major Success
963,Legal Eagles,Comedy,1986-06-18,PG,Universal Pictures,116,40000000,49851591,0,49851591,5.9,5247536,0,1986,6,9851591,24.63,Medium Budget,Profit
964,The Skeleton Key,Horror,2005-08-12,PG-13,Universal Pictures,104,40000000,47907715,44349203,92256918,6.5,5042917,0,2005,8,52256918,130.64,Medium Budget,Major Success
965,Jersey Boys,Drama,2014-06-20,R,Warner Bros,134,40000000,47047013,18235719,65282732,6.9,4952317,0,2014,6,25282732,63.21,Medium Budget,Profit
966,The Rainmaker,Drama,1997-11-21,PG-13,Paramount,135,40000000,45916769,0,45916769,7.1,4833344,0,1997,11,5916769,14.79,Medium Budget,Profit
967,Medicine Man,Drama,1992-02-07,PG-13,Walt Disney,106,40000000,44948240,0,44948240,6.0,4731394,0,1992,2,4948240,12.37,Medium Budget,Profit
968,Amistad,Drama,1997-12-12,R,DreamWorks,155,40000000,44212592,14037559,58250151,7.2,4653957,0,1997,12,18250151,45.63,Medium Budget,Profit
969,A Million Ways to Die in The West,Comedy,2014-05-30,R,Universal Pictures,136,40000000,42720965,44057592,86778557,6.1,4496944,0,2014,5,46778557,116.95,Medium Budget,Profit
970,Final Destination 5,Horror,2011-08-12,R,Warner Bros,92,40000000,42587643,112423522,155011165,5.9,4482910,0,2011,8,115011165,287.53,Medium Budget,Major Success
971,Aliens vs. Predator - Requiem,Action,2007-12-25,R,20th Century Fox,102,40000000,41797066,87087428,128884494,4.7,4399691,0,2007,12,88884494,222.21,Medium Budget,Major Success
972,The Water Horse: Legend of the Deep,Drama,2007-12-25,PG,Sony Pictures,114,40000000,40412817,63016938,103429755,,4253981,0,2007,12,63429755,158.57,Medium Budget,Major Success
973,Sex Tape,Comedy,2014-07-18,R,Sony Pictures,94,40000000,38543473,87526036,126069509,5.1,4057208,0,2014,7,86069509,215.17,Medium Budget,Major Success
974,Scream 4,Horror,2011-04-15,R,Weinstein/Dimension,111,40000000,38180928,57808662,95989590,6.2,4019045,0,2011,4,55989590,139.97,Medium Budget,Major Success
975,Ri¢hie Ri¢h,Comedy,1994-12-21,PG,Warner Bros,95,40000000,38087756,0,38087756,5.2,4009237,0,1994,12,-1912244,-4.78,Medium Budget,Loss
976,Autumn in New York,Drama,2000-08-11,PG-13,MGM,103,40000000,37752931,52964753,90717684,5.5,3973993,0,2000,8,50717684,126.79,Medium Budget,Major Success
977,Paul,Comedy,2011-03-18,R,Universal Pictures,109,40000000,37412945,63749161,101162106,7.0,3938205,0,2011,3,61162106,152.91,Medium Budget,Major Success
978,The Guilt Trip,Comedy,2012-12-19,PG-13,Paramount,95,40000000,37134215,4160459,41294674,5.8,3908865,0,2012,12,1294674,3.24,Medium Budget,Profit
979,Hanging Up,Comedy,2000-02-18,PG-13,Sony Pictures,94,40000000,36037909,15829814,51867723,4.7,3793464,0,2000,2,11867723,29.67,Medium Budget,Profit
980,The Doors,Drama,1991-03-01,R,Sony Pictures,140,40000000,34416893,0,34416893,7.2,3622831,0,1991,3,-5583107,-13.96,Medium Budget,Loss
981,Mickey Blue Eyes,Comedy,1999-08-20,PG-13,Warner Bros,102,40000000,33864342,20000000,53864342,5.8,3564668,0,1999,8,13864342,34.66,Medium Budget,Profit
982,Pay it Forward,Drama,2000-10-20,PG-13,Warner Bros,123,40000000,33508922,22187783,55696705,7.2,3527255,0,2000,10,15696705,39.24,Medium Budget,Profit
983,Drillbit Taylor,Comedy,2008-03-21,PG-13,Paramount,102,40000000,32862104,16824159,49686263,5.7,3459169,0,2008,3,9686263,24.22,Medium Budget,Profit
984,Extremely Loud and Incredibly Close,Drama,2011-12-25,PG-13,Warner Bros,129,40000000,31847881,23400000,55247881,6.9,3352409,0,2011,12,15247881,38.12,Medium Budget,Profit
985,The Shadow,Action,1994-07-01,PG-13,Universal Pictures,93,40000000,31835600,0,31835600,6.0,3351116,0,1994,7,-8164400,-20.41,Medium Budget,Loss
986,Morning Glory,Comedy,2010-11-10,PG-13,Paramount,107,40000000,31011732,28783338,59795070,6.5,3264393,0,2010,11,19795070,49.49,Medium Budget,Profit
987,Get Rich or Die Tryin',Drama,2005-11-09,R,Paramount,117,40000000,30981850,15685105,46666955,5.0,3261247,0,2005,11,6666955,16.67,Medium Budget,Profit
988,Grudge Match,Comedy,2013-12-25,PG-13,Warner Bros,113,40000000,29807260,40000000,69807260,6.4,3137606,0,2013,12,29807260,74.52,Medium Budget,Profit
989,The Out-of-Towners,Comedy,1999-04-02,PG-13,Paramount,90,40000000,28544120,0,28544120,5.3,3004644,0,1999,4,-11455880,-28.64,Medium Budget,Major Loss
990,The Nut Job 2: Nutty by Nature,Adventure,2017-08-11,PG,Open Road,97,40000000,28370522,29094634,57465156,,2986371,0,2017,8,17465156,43.66,Medium Budget,Profit
991,The Island of Dr. Moreau,Adventure,1996-08-23,PG-13,New Line,99,40000000,27682712,0,27682712,4.4,2913970,0,1996,8,-12317288,-30.79,Medium Budget,Major Loss
992,The Musketeer,Adventure,2001-09-07,PG-13,Universal Pictures,104,40000000,27053815,0,27053815,4.7,2847770,0,2001,9,-12946185,-32.37,Medium Budget,Major Loss
993,Resident Evil: The Final Chapter,Action,2017-01-27,R,Sony Pictures,109,40000000,26844692,285980994,312825686,,2825757,0,2017,1,272825686,682.06,Medium Budget,Major Success
994,The Other Boleyn Girl,Drama,2008-02-29,PG-13,Sony Pictures,115,40000000,26814957,51455013,78269970,6.7,2822627,0,2008,2,38269970,95.67,Medium Budget,Profit
995,The House,Comedy,2017-06-30,R,Warner Bros,98,40000000,25584504,5608239,31192743,,2693106,0,2017,6,-8807257,-22.02,Medium Budget,Loss
996,Sweet November,Drama,2001-02-16,PG-13,Warner Bros,119,40000000,25288103,40466125,65754228,6.7,2661906,0,2001,2,25754228,64.39,Medium Budget,Profit
997,The Reaping,Horror,2007-04-05,R,Warner Bros,99,40000000,25126214,37100000,62226214,5.7,2644865,0,2007,4,22226214,55.57,Medium Budget,Profit
998,Renaissance Man,Comedy,1994-06-03,PG-13,Walt Disney,128,40000000,24172899,0,24172899,6.1,2544516,0,1994,6,-15827101,-39.57,Medium Budget,Major Loss
999,Quest for Camelot,Adventure,1998-05-15,G,Warner Bros,97,40000000,22772500,15400000,38172500,,2397105,0,1998,5,-1827500,-4.57,Medium Budget,Loss
1000,City by the Sea,Drama,2002-09-06,R,Warner Bros,108,40000000,22433915,0,22433915,6.2,2361465,0,2002,9,-17566085,-43.92,Medium Budget,Major Loss
1001,At First Sight,Drama,1999-01-15,PG-13,MGM,128,40000000,22365133,0,22365133,5.9,2354225,0,1999,1,-17634867,-44.09,Medium Budget,Major Loss
1002,Torque,Action,2004-01-16,PG-13,Warner Bros,84,40000000,21176322,25000000,46176322,4.0,2229087,0,2004,1,6176322,15.44,Medium Budget,Profit
1003,Fantastic Mr. Fox,Adventure,2009-11-13,PG,20th Century Fox,87,40000000,21002919,26080493,47083412,7.8,2210834,0,2009,11,7083412,17.71,Medium Budget,Profit
1004,City Hall,Drama,1996-02-16,R,Sony Pictures,111,40000000,20278055,0,20278055,6.2,2134532,0,1996,2,-19721945,-49.3,Medium Budget,Major Loss
1005,Big Miracle,Drama,2012-02-03,PG,Universal Pictures,107,40000000,20157300,5111380,25268680,6.5,2121821,0,2012,2,-14731320,-36.83,Medium Budget,Major Loss
1006,The Impossible,Drama,2012-12-21,PG-13,Lionsgate,114,40000000,19019882,150570724,169590606,7.6,2002093,0,2012,12,129590606,323.98,Medium Budget,Major Success
1007,A Thousand Words,Comedy,2012-03-09,PG-13,Paramount,91,40000000,18450127,2340359,20790486,5.9,1942119,0,2012,3,-19209514,-48.02,Medium Budget,Major Loss
1008,Marie Antoinette,Drama,2006-10-20,PG-13,Sony Pictures,123,40000000,15962471,44900000,60862471,6.4,1680260,0,2006,10,20862471,52.16,Medium Budget,Profit
1009,Get Carter,Drama,2000-10-06,R,Warner Bros,102,40000000,14967182,4450000,19417182,5.1,1575493,0,2000,10,-20582818,-51.46,Medium Budget,Major Loss
1010,Kiss of Death,Drama,1995-04-21,R,20th Century Fox,101,40000000,14942422,0,14942422,5.9,1572887,0,1995,4,-25057578,-62.64,Medium Budget,Major Loss
1011,Ishtar,Comedy,1987-05-15,PG-13,Sony Pictures,107,40000000,14375181,0,14375181,4.2,1513177,0,1987,5,-25624819,-64.06,Medium Budget,Major Loss
1012,Memoirs of an Invisible Man,Comedy,1992-02-28,PG-13,Warner Bros,99,40000000,14358033,0,14358033,5.9,1511372,0,1992,2,-25641967,-64.1,Medium Budget,Major Loss
1013,Amelia,Drama,2009-10-23,PG,Fox Searchlight,114,40000000,14279575,5476502,19756077,,1503113,0,2009,10,-20243923,-50.61,Medium Budget,Major Loss
1014,New York Minute,Comedy,2004-05-07,PG,Warner Bros,91,40000000,14018364,7197518,21215882,4.8,1475617,0,2004,5,-18784118,-46.96,Medium Budget,Major Loss
1015,The Deep End of the Ocean,Drama,1999-03-12,PG-13,Sony Pictures,106,40000000,13508635,0,13508635,6.3,1421962,0,1999,3,-26491365,-66.23,Medium Budget,Major Loss
1016,FearDotCom,Horror,2002-08-30,R,Warner Bros,101,40000000,13208023,0,13208023,3.3,1390318,0,2002,8,-26791977,-66.98,Medium Budget,Major Loss
1017,Soul Men,Comedy,2008-11-07,R,MGM,100,40000000,12082391,263492,12345883,6.5,1271831,0,2008,11,-27654117,-69.14,Medium Budget,Major Loss
1018,Universal Soldier II: The Return,Action,1999-08-20,R,Sony Pictures,109,40000000,10447421,270000,10717421,,1099729,0,1999,8,-29282579,-73.21,Medium Budget,Major Loss
1019,Pandorum,Horror,2009-09-25,R,Overture Films,108,40000000,10330853,6702578,17033431,6.8,1087458,0,2009,9,-22966569,-57.42,Medium Budget,Major Loss
1020,Duplex,Comedy,2003-09-26,PG-13,Miramax,89,40000000,9652000,418651,10070651,5.8,1016000,0,2003,9,-29929349,-74.82,Medium Budget,Major Loss
1021,Extreme Ops,Action,2002-11-27,PG-13,Paramount,93,40000000,4835968,7788503,12624471,4.5,509049,0,2002,11,-27375529,-68.44,Medium Budget,Major Loss
1022,Just Visiting,Comedy,2001-04-06,PG-13,Walt Disney,84,40000000,4777007,11395193,16172200,5.8,502843,0,2001,4,-23827800,-59.57,Medium Budget,Major Loss
1023,The Hudsucker Proxy,Comedy,1994-03-11,PG,Warner Bros,111,40000000,2816518,12121631,14938149,7.3,296476,0,1994,3,-25061851,-62.65,Medium Budget,Major Loss
1024,Billy Lynn’s Long Halftime Walk,Drama,2016-11-11,R,Sony Pictures,114,40000000,1738477,28491925,30230402,,182998,0,2016,11,-9769598,-24.42,Medium Budget,Loss
1025,Delgo,Adventure,2008-12-12,PG,Freestyle Releasing,94,40000000,915840,0,915840,4.4,96404,0,2008,12,-39084160,-97.71,Medium Budget,Major Loss
1026,The Hunting Party,Adventure,2007-09-07,R,Weinstein Co.,101,40000000,876671,6852881,7729552,6.9,92281,0,2007,9,-32270448,-80.68,Medium Budget,Major Loss
1027,Alex Rider: Operation Stormbreaker,Action,2006-10-13,PG,Weinstein Co.,93,40000000,659210,20063240,20722450,5.1,69391,0,2006,10,-19277550,-48.19,Medium Budget,Major Loss
1028,Red Cliff,Action,2009-11-20,R,Magnolia Pictures,150,40000000,627047,119000000,119627047,7.4,66005,0,2009,11,79627047,199.07,Medium Budget,Major Success
1029,The Last Shot,Comedy,2004-09-24,R,Walt Disney,93,40000000,463730,0,463730,5.7,48814,0,2004,9,-39536270,-98.84,Medium Budget,Major Loss
1030,Nomad,Drama,2007-03-16,R,Weinstein Co.,114,40000000,79123,0,79123,,8329,0,2007,3,-39920877,-99.8,Medium Budget,Major Loss
1031,USS Indianapolis: Men of Courage,Drama,2016-11-11,R,Saban Films,114,40000000,0,1641255,1641255,,0,0,2016,11,-38358745,-95.9,Medium Budget,Major Loss
1032,The Time Traveler's Wife,Drama,2009-08-14,PG-13,Warner Bros,107,39000000,63414846,38917289,102332135,7.1,6675247,0,2009,8,63332135,162.39,Medium Budget,Major Success
1033,Superman III,Adventure,1983-06-17,PG,Warner Bros,125,39000000,59950623,0,59950623,4.9,6310592,0,1983,6,20950623,53.72,Medium Budget,Profit
1034,Because I Said So,Comedy,2007-02-02,PG-13,Universal Pictures,102,39000000,42674040,26864793,69538833,5.6,4492004,0,2007,2,30538833,78.3,Medium Budget,Profit
1035,Frankenweenie,Adventure,2012-10-05,PG,Walt Disney,87,39000000,35287788,45863000,81150788,7.0,3714504,0,2012,10,42150788,108.08,Medium Budget,Profit
1036,Sgt. Bilko,Comedy,1996-03-29,PG,Universal Pictures,93,39000000,30356589,7600000,37956589,5.7,3195430,0,1996,3,-1043411,-2.68,Medium Budget,Loss
1037,Serenity,Action,2005-09-30,PG-13,Universal Pictures,119,39000000,25514517,14804923,40319440,8.0,2685739,0,2005,9,1319440,3.38,Medium Budget,Profit
1038,Against the Ropes,Drama,2004-02-20,PG-13,Paramount,110,39000000,5881504,548361,6429865,5.3,619106,0,2004,2,-32570135,-83.51,Medium Budget,Major Loss
1039,Yi dai zong shi,Action,2013-08-23,PG-13,Weinstein Co.,109,38600000,6594959,51392340,57987299,,694206,0,2013,8,19387299,50.23,Medium Budget,Profit
1040,The Fast and the Furious,Action,2001-06-22,PG-13,Universal Pictures,106,38000000,144512310,62000000,206512310,6.7,15211822,0,2001,6,168512310,443.45,Medium Budget,Major Success
1041,Sweet Home Alabama,Comedy,2002-09-27,PG-13,Walt Disney,108,38000000,127214072,55151042,182365114,6.1,13390955,0,2002,9,144365114,379.91,Medium Budget,Major Success
1042,Star Trek: Generations,Adventure,1994-11-18,PG,Paramount,118,38000000,75671262,44328738,120000000,6.6,7965396,0,1994,11,82000000,215.79,Medium Budget,Major Success
1043,Paul Blart: Mall Cop 2,Adventure,2015-04-17,PG,Sony Pictures,94,38000000,71091594,36559052,107650646,4.4,7483326,0,2015,4,69650646,183.29,Medium Budget,Major Success
1044,Mouse Hunt,Adventure,1997-12-19,PG,DreamWorks,97,38000000,61894591,0,61894591,,6515220,0,1997,12,23894591,62.88,Medium Budget,Profit
1045,Why Him?,Comedy,2016-12-23,R,20th Century Fox,98,38000000,60323786,57115752,117439538,,6349872,0,2016,12,79439538,209.05,Medium Budget,Major Success
1046,Water for Elephants,Drama,2011-04-22,PG-13,20th Century Fox,120,38000000,58709717,58100000,116809717,6.9,6179970,0,2011,4,78809717,207.39,Medium Budget,Major Success
1047,The Hurricane,Drama,1999-12-29,R,Universal Pictures,146,38000000,50699241,23257000,73956241,7.6,5336762,0,1999,12,35956241,94.62,Medium Budget,Profit
1048,Riddick,Action,2013-09-06,R,Universal Pictures,127,38000000,42025135,52738623,94763758,6.4,4423698,0,2013,9,56763758,149.38,Medium Budget,Major Success
1049,The 5th Wave,Action,2016-01-22,PG-13,Sony Pictures,112,38000000,34912982,76423416,111336398,5.2,3675051,0,2016,1,73336398,192.99,Medium Budget,Major Success
1050,Rush,Drama,2013-09-20,R,Universal Pictures,123,38000000,26947624,71283215,98230839,8.1,2836592,0,2013,9,60230839,158.5,Medium Budget,Major Success
1051,Angel Eyes,Drama,2001-05-18,R,Warner Bros,102,38000000,24044532,5500000,29544532,5.6,2531003,0,2001,5,-8455468,-22.25,Medium Budget,Loss
1052,Joe Somebody,Comedy,2001-12-21,PG,20th Century Fox,98,38000000,22770864,1745126,24515990,5.5,2396933,0,2001,12,-13484010,-35.48,Medium Budget,Major Loss
1053,Only the Brave,Drama,2017-10-20,PG-13,Sony Pictures,114,38000000,18340051,5841578,24181629,,1930532,0,2017,10,-13818371,-36.36,Medium Budget,Major Loss
1054,Extreme Measures,Drama,1996-09-27,R,Sony Pictures,118,38000000,17378193,0,17378193,6.1,1829283,0,1996,9,-20621807,-54.27,Medium Budget,Major Loss
1055,Rock Star,Drama,2001-09-07,R,Warner Bros,105,38000000,16991902,2325863,19317765,6.2,1788621,0,2001,9,-18682235,-49.16,Medium Budget,Major Loss
1056,White Squall,Adventure,1996-02-02,PG-13,Walt Disney,129,38000000,10229300,0,10229300,6.6,1076768,0,1996,2,-27770700,-73.08,Medium Budget,Major Loss
1057,City of Ember,Adventure,2008-10-10,PG,20th Century Fox,90,38000000,7873007,9958551,17831558,6.5,828738,0,2008,10,-20168442,-53.07,Medium Budget,Major Loss
1058,Switchback,Action,1997-10-31,R,Paramount,118,38000000,6504442,0,6504442,6.4,684678,0,1997,10,-31495558,-82.88,Medium Budget,Major Loss
1059,The Master,Drama,2012-09-14,R,Weinstein Co.,144,37500000,16247159,34400257,50647416,7.1,1710227,0,2012,9,13147416,35.06,Medium Budget,Profit
1060,The Express,Drama,2008-10-10,PG,Universal Pictures,130,37500000,9793406,19903,9813309,7.3,1030885,0,2008,10,-27686691,-73.83,Medium Budget,Major Loss
1061,We're the Millers,Comedy,2013-08-07,R,Warner Bros,118,37000000,150394119,117422157,267816276,7.0,15830960,0,2013,8,230816276,623.83,Medium Budget,Major Success
1062,Creed,Drama,2015-11-25,PG-13,Warner Bros,133,37000000,109767581,63800000,173567581,7.7,11554482,0,2015,11,136567581,369.1,Medium Budget,Major Success
1063,The Town,Drama,2010-09-17,R,Warner Bros,150,37000000,92186262,60380619,152566881,7.6,9703817,0,2010,9,115566881,312.34,Medium Budget,Major Success
1064,Dolphin Tale,Drama,2011-09-23,PG,Warner Bros,113,37000000,72286779,23781945,96068724,6.9,7609135,0,2011,9,59068724,159.65,Medium Budget,Major Success
1065,Game Night,Comedy,2018-02-23,R,Warner Bros,98,37000000,69001013,48200000,117201013,,7263265,0,2018,2,80201013,216.76,Medium Budget,Major Success
1066,13 Going On 30,Comedy,2004-04-23,PG-13,Sony Pictures,98,37000000,57139723,40518989,97658712,6.1,6014708,0,2004,4,60658712,163.94,Medium Budget,Major Success
1067,Nim's Island,Adventure,2008-04-04,PG,20th Century Fox,96,37000000,48006762,53850663,101857425,6.0,5053343,0,2008,4,64857425,175.29,Medium Budget,Major Success
1068,Cop Out,Comedy,2010-02-26,R,Warner Bros,107,37000000,44875481,11034429,55909910,5.6,4723735,0,2010,2,18909910,51.11,Medium Budget,Profit
1069,The Rite,Horror,2011-01-28,PG-13,Warner Bros,114,37000000,33047633,64096354,97143987,6.0,3478698,0,2011,1,60143987,162.55,Medium Budget,Major Success
1070,Space Chimps,Adventure,2008-07-18,G,20th Century Fox,81,37000000,30105968,36923988,67029956,4.5,3169049,0,2008,7,30029956,81.16,Medium Budget,Profit
1071,Magnolia,Drama,1999-12-17,R,New Line,188,37000000,22450975,25995827,48446802,8.0,2363261,0,1999,12,11446802,30.94,Medium Budget,Profit
1072,Aloha,Drama,2015-05-29,PG-13,Sony Pictures,105,37000000,21052030,3883769,24935799,5.4,2216003,0,2015,5,-12064201,-32.61,Medium Budget,Major Loss
1073,A Star is Born,Drama,2018-10-05,R,Warner Bros,114,36000000,126181246,74700000,200881246,7.6,13282236,0,2018,10,164881246,458.0,Medium Budget,Major Success
1074,Gnomeo and Juliet,Comedy,2011-02-11,G,Walt Disney,98,36000000,99967670,93770307,193737977,,10522913,0,2011,2,157737977,438.16,Medium Budget,Major Success
1075,John Q,Drama,2002-02-15,PG-13,New Line,116,36000000,71026631,31200000,102226631,7.0,7476487,0,2002,2,66226631,183.96,Medium Budget,Major Success
1076,Blue Streak,Action,1999-09-17,PG-13,Sony Pictures,93,36000000,68208190,49239967,117448157,6.3,7179809,0,1999,9,81448157,226.24,Medium Budget,Major Success
1077,Never Say Never Again,Action,1983-10-07,PG,Warner Bros,121,36000000,55500000,104500000,160000000,6.2,5842105,0,1983,10,124000000,344.44,Medium Budget,Major Success
1078,Hot Tub Time Machine,Comedy,2010-03-26,R,MGM,101,36000000,50269859,15697891,65967750,6.4,5291564,0,2010,3,29967750,83.24,Medium Budget,Profit
1079,Dolphin Tale 2,Drama,2014-09-12,PG,Warner Bros,107,36000000,42024533,15800000,57824533,6.4,4423635,0,2014,9,21824533,60.62,Medium Budget,Profit
1080,Collateral Beauty,Drama,2016-12-16,PG-13,Warner Bros,114,36000000,31016021,54299049,85315070,,3264844,0,2016,12,49315070,136.99,Medium Budget,Profit
1081,A Man Apart,Action,2003-04-04,R,New Line,109,36000000,26500000,17297731,43797731,6.1,2789474,0,2003,4,7797731,21.66,Medium Budget,Profit
1082,Reindeer Games,Action,2000-02-25,R,Miramax,124,36000000,23360779,0,23360779,5.7,2459029,0,2000,2,-12639221,-35.11,Medium Budget,Major Loss
1083,Snow Falling on Cedars,Drama,1999-12-24,PG-13,Universal Pictures,127,36000000,14378353,0,14378353,6.8,1513511,0,1999,12,-21621647,-60.06,Medium Budget,Major Loss
1084,Ghosts of Mississippi,Drama,1996-12-20,PG-13,Sony Pictures,130,36000000,13052741,0,13052741,6.7,1373973,0,1996,12,-22947259,-63.74,Medium Budget,Major Loss
1085,Gattaca,Drama,1997-10-24,PG-13,Sony Pictures,106,36000000,12532777,0,12532777,7.8,1319240,0,1997,10,-23467223,-65.19,Medium Budget,Major Loss
1086,Isn't She Great,Comedy,2000-01-28,R,Universal Pictures,95,36000000,2954405,0,2954405,5.3,310990,0,2000,1,-33045595,-91.79,Medium Budget,Major Loss
1087,Yip Man 3,Action,2016-01-22,PG-13,Well Go USA,109,36000000,2679437,154621517,157300954,,282046,0,2016,1,121300954,336.95,Medium Budget,Major Success
1088,There Be Dragons,Drama,2011-05-06,PG-13,Samuel Goldwyn Films,102,36000000,1069334,2951656,4020990,5.9,112561,0,2011,5,-31979010,-88.83,Medium Budget,Major Loss
1089,Queen of the Desert,Drama,2017-04-14,PG-13,IFC Films,114,36000000,0,1578543,1578543,,0,0,2017,4,-34421457,-95.62,Medium Budget,Major Loss
1090,Head of State,Comedy,2003-03-28,PG-13,DreamWorks,95,35200000,37788228,495537,38283765,5.4,3977708,0,2003,3,3083765,8.76,Medium Budget,Profit
1091,It,Horror,2017-09-08,R,Warner Bros,98,35000000,327481748,369977480,697459228,7.3,34471763,0,2017,9,662459228,1892.74,Medium Budget,Major Success
1092,The Hangover,Comedy,2009-06-05,R,Warner Bros,108,35000000,277322503,188441583,465764086,7.8,29191842,0,2009,6,430764086,1230.75,Medium Budget,Major Success
1093,The Blind Side,Drama,2009-11-20,PG-13,Warner Bros,129,35000000,255959475,49746319,305705794,7.7,26943103,0,2009,11,270705794,773.45,Medium Budget,Major Success
1094,Batman,Action,1989-06-23,PG-13,Warner Bros,126,35000000,251188924,160160000,411348924,7.6,26440939,0,1989,6,376348924,1075.28,Medium Budget,Major Success
1095,Lethal Weapon 3,Action,1992-05-15,R,Warner Bros,121,35000000,144731527,174968473,319700000,6.7,15234898,0,1992,5,284700000,813.43,Medium Budget,Major Success
1096,Rush Hour,Action,1998-09-18,PG-13,New Line,70,35000000,141186864,104113136,245300000,5.8,14861775,0,1998,9,210300000,600.86,Medium Budget,Major Success
1097,Identity Thief,Comedy,2013-02-08,R,Universal Pictures,120,35000000,134506920,40854658,175361578,5.7,14158623,0,2013,2,140361578,401.03,Medium Budget,Major Success
1098,The Devil Wears Prada,Comedy,2006-06-30,PG-13,20th Century Fox,109,35000000,124740460,201332695,326073155,6.8,13130575,0,2006,6,291073155,831.64,Medium Budget,Major Success
1099,Horrible Bosses,Comedy,2011-07-08,R,Warner Bros,106,35000000,117538559,94879042,212417601,6.9,12372480,0,2011,7,177417601,506.91,Medium Budget,Major Success
1100,Spy Kids,Adventure,2001-03-30,PG,Miramax/Dimension,88,35000000,112692062,85000000,197692062,5.4,11862322,0,2001,3,162692062,464.83,Medium Budget,Major Success
1101,Trainwreck,Comedy,2015-07-17,R,Universal Pictures,129,35000000,110212700,30911197,141123897,6.3,11601337,0,2015,7,106123897,303.21,Medium Budget,Major Success
1102,Saving Mr. Banks,Drama,2013-12-13,PG-13,Walt Disney,125,35000000,83299761,31662764,114962525,7.5,8768396,0,2013,12,79962525,228.46,Medium Budget,Major Success
1103,Star Trek: The Motion Picture,Adventure,1979-12-07,PG,Paramount,143,35000000,82258456,56741544,139000000,6.4,8658785,0,1979,12,104000000,297.14,Medium Budget,Major Success
1104,The English Patient,Drama,1996-11-15,R,Miramax,162,35000000,78716374,152993634,231710008,7.4,8285934,0,1996,11,196710008,562.03,Medium Budget,Major Success
1105,Hotel for Dogs,Adventure,2009-01-16,PG,Paramount,100,35000000,73178547,49178625,122357172,5.4,7703005,0,2009,1,87357172,249.59,Medium Budget,Major Success
1106,Guess Who,Comedy,2005-03-25,PG-13,Sony Pictures,105,35000000,68915888,33200000,102115888,5.9,7254304,0,2005,3,67115888,191.76,Medium Budget,Major Success
1107,This is 40,Comedy,2012-12-21,R,Universal Pictures,134,35000000,67544505,22676677,90221182,6.2,7109948,0,2012,12,55221182,157.77,Medium Budget,Major Success
1108,L.A. Confidential,Drama,1997-09-19,R,Warner Bros,138,35000000,64604977,61600000,126204977,8.3,6800524,0,1997,9,91204977,260.59,Medium Budget,Major Success
1109,Sky High,Adventure,2005-07-29,PG,Walt Disney,100,35000000,63939454,19169905,83109359,6.2,6730469,0,2005,7,48109359,137.46,Medium Budget,Profit
1110,In & Out,Comedy,1997-09-19,PG-13,Paramount,90,35000000,63826569,19400000,83226569,6.3,6718586,0,1997,9,48226569,137.79,Medium Budget,Profit
1111,Species,Action,1995-07-07,R,MGM,108,35000000,60054449,53300000,113354449,5.8,6321521,0,1995,7,78354449,223.87,Medium Budget,Major Success
1112,The Benchwarmers,Comedy,2006-04-07,PG-13,Sony Pictures,75,35000000,59843754,5219972,65063726,5.6,6299343,0,2006,4,30063726,85.9,Medium Budget,Profit
1113,Secretariat,Drama,2010-10-08,PG,Walt Disney,123,35000000,59699513,676734,60376247,7.2,6284159,0,2010,10,25376247,72.5,Medium Budget,Profit
1114,The Man in the Iron Mask,Adventure,1998-03-13,PG-13,MGM,132,35000000,56968169,0,56968169,6.4,5996649,0,1998,3,21968169,62.77,Medium Budget,Profit
1115,Neighbors 2: Sorority Rising,Comedy,2016-05-20,R,Universal Pictures,92,35000000,55340730,53417791,108758521,6.0,5825340,0,2016,5,73758521,210.74,Medium Budget,Major Success
1116,TMNT,Action,2007-03-23,PG,Warner Bros,87,35000000,54149098,41946920,96096018,6.3,5699905,0,2007,3,61096018,174.56,Medium Budget,Major Success
1117,Radio,Drama,2003-10-24,PG,Sony Pictures,109,35000000,52333738,959890,53293628,6.9,5508815,0,2003,10,18293628,52.27,Medium Budget,Profit
1118,Sicario: Day of the Soldado,Action,2018-06-29,R,Sony Pictures,109,35000000,50065850,23219346,73285196,,5270089,0,2018,6,38285196,109.39,Medium Budget,Profit
1119,Old Dogs,Comedy,2009-11-25,PG,Walt Disney,88,35000000,49492060,45612244,95104304,5.4,5209691,0,2009,11,60104304,171.73,Medium Budget,Major Success
1120,Malcolm X,Drama,1992-11-18,PG-13,Warner Bros,202,35000000,48169910,0,48169910,7.7,5070517,0,1992,11,13169910,37.63,Medium Budget,Profit
1121,Underworld 3: Rise of the Lycans,Action,2009-01-23,R,Sony Pictures,109,35000000,45802315,43300000,89102315,,4821296,0,2009,1,54102315,154.58,Medium Budget,Major Success
1122,12 Strong,Drama,2018-01-19,R,Warner Bros,114,35000000,45500164,25298665,70798829,,4789491,0,2018,1,35798829,102.28,Medium Budget,Profit
1123,Donnie Brasco,Drama,1997-02-28,R,Sony Pictures,147,35000000,41954997,23348055,65303052,7.8,4416315,0,1997,2,30303052,86.58,Medium Budget,Profit
1124,Max Payne,Action,2008-10-17,PG-13,20th Century Fox,103,35000000,40689393,45074495,85763888,5.4,4283094,0,2008,10,50763888,145.04,Medium Budget,Major Success
1125,Resident Evil,Horror,2002-03-15,R,Sony Pictures,100,35000000,40119709,63667692,103787401,6.7,4223127,0,2002,3,68787401,196.54,Medium Budget,Major Success
1126,The Ladykillers,Comedy,2004-03-26,R,Walt Disney,104,35000000,39692139,37700000,77392139,6.2,4178120,0,2004,3,42392139,121.12,Medium Budget,Profit
1127,The Nativity Story,Drama,2006-12-01,PG,New Line,101,35000000,37629831,8679813,46309644,6.8,3961035,0,2006,12,11309644,32.31,Medium Budget,Profit
1128,J. Edgar,Drama,2011-11-09,R,Warner Bros,137,35000000,37306030,47300000,84606030,6.6,3926951,0,2011,11,49606030,141.73,Medium Budget,Profit
1129,Bounce,Drama,2000-11-17,PG-13,Miramax,114,35000000,36805288,16620004,53425292,,3874241,0,2000,11,18425292,52.64,Medium Budget,Profit
1130,Mile 22,Action,2018-08-17,R,STX Entertainment,109,35000000,36108758,28600000,64708758,,3800922,0,2018,8,29708758,84.88,Medium Budget,Profit
1131,The Foreigner,Action,2017-10-13,R,STX Entertainment,109,35000000,34393507,106390139,140783646,,3620369,0,2017,10,105783646,302.24,Medium Budget,Major Success
1132,Closer,Drama,2004-12-03,R,Sony Pictures,98,35000000,33987757,82189938,116177695,7.3,3577659,0,2004,12,81177695,231.94,Medium Budget,Major Success
1133,Street Fighter,Action,1994-12-23,PG-13,Universal Pictures,102,35000000,33423000,66000000,99423000,3.8,3518211,0,1994,12,64423000,184.07,Medium Budget,Major Success
1134,Black Knight,Adventure,2001-11-21,PG-13,20th Century Fox,95,35000000,33422806,0,33422806,4.8,3518190,0,2001,11,-1577194,-4.51,Medium Budget,Loss
1135,The Pianist,Drama,2002-12-27,R,Focus Features,150,35000000,32519322,79334860,111854182,8.5,3423087,0,2002,12,76854182,219.58,Medium Budget,Major Success
1136,House of Wax,Horror,2005-05-06,R,Warner Bros,108,35000000,32064800,38000000,70064800,5.3,3375242,0,2005,5,35064800,100.19,Medium Budget,Profit
1137,Adrift,Drama,2018-06-01,PG-13,STX Entertainment,114,35000000,31445011,26486365,57931376,,3310001,0,2018,6,22931376,65.52,Medium Budget,Profit
1138,Mirrors,Horror,2008-08-15,R,20th Century Fox,112,35000000,30691439,46529157,77220596,6.2,3230678,0,2008,8,42220596,120.63,Medium Budget,Profit
1139,Queen of the Damned,Horror,2002-02-22,R,Warner Bros,101,35000000,30307804,0,30307804,5.2,3190295,0,2002,2,-4692196,-13.41,Medium Budget,Loss
1140,Nanny McPhee and the Big Bang,Adventure,2010-08-20,PG,Universal Pictures,97,35000000,29197642,68602223,97799865,,3073436,0,2010,8,62799865,179.43,Medium Budget,Major Success
1141,Goosebumps 2: Haunted Halloween,Horror,2018-10-12,PG,Sony Pictures,98,35000000,28804812,11100000,39904812,,3032085,0,2018,10,4904812,14.01,Medium Budget,Profit
1142,Predator 2,Action,1990-11-21,R,20th Century Fox,103,35000000,28317513,26450905,54768418,6.2,2980791,0,1990,11,19768418,56.48,Medium Budget,Profit
1143,Flash Gordon,Action,1980-12-05,NR,Universal Pictures,111,35000000,27107960,0,27107960,6.4,2853469,0,1980,12,-7892040,-22.55,Medium Budget,Loss
1144,Superhero Movie,Comedy,2008-03-28,PG-13,MGM,82,35000000,26638520,46387782,73026302,4.5,2804055,0,2008,3,38026302,108.65,Medium Budget,Profit
1145,Blast from the Past,Comedy,1999-02-12,PG-13,New Line,112,35000000,26613620,0,26613620,6.6,2801434,0,1999,2,-8386380,-23.96,Medium Budget,Loss
1146,Jersey Girl,Comedy,2004-03-26,PG-13,Miramax,102,35000000,25266129,11800000,37066129,6.2,2659593,0,2004,3,2066129,5.9,Medium Budget,Profit
1147,Heist,Action,2001-11-09,R,New Line,93,35000000,23483357,5423460,28906817,6.1,2471932,0,2001,11,-6093183,-17.41,Medium Budget,Loss
1148,Hoffa,Drama,1992-12-25,R,20th Century Fox,140,35000000,23365858,5025615,28391473,6.6,2459564,0,1992,12,-6608527,-18.88,Medium Budget,Loss
1149,Whiskey Tango Foxtrot,Comedy,2016-03-04,R,Paramount,98,35000000,23083334,2267413,25350747,,2429825,0,2016,3,-9649253,-27.57,Medium Budget,Loss
1150,Ella Enchanted,Comedy,2004-04-09,PG,Miramax,96,35000000,22913677,0,22913677,6.3,2411966,0,2004,4,-12086323,-34.53,Medium Budget,Major Loss
1151,Hitman: Agent 47,Action,2015-08-21,R,20th Century Fox,109,35000000,22467450,59492132,81959582,,2364995,0,2015,8,46959582,134.17,Medium Budget,Profit
1152,The X-Files: I Want to Believe,Action,2008-07-25,PG-13,20th Century Fox,108,35000000,20982478,47188314,68170792,5.9,2208682,0,2008,7,33170792,94.77,Medium Budget,Profit
1153,Valiant,Adventure,2005-08-19,G,Walt Disney,76,35000000,19478106,44710281,64188387,5.6,2050327,0,2005,8,29188387,83.4,Medium Budget,Profit
1154,Wonder Boys,Comedy,2000-02-23,R,Paramount,107,35000000,19389454,14033031,33422485,7.4,2040995,0,2000,2,-1577515,-4.51,Medium Budget,Loss
1155,Cursed,Horror,2005-02-25,PG-13,Miramax/Dimension,99,35000000,19294901,5820000,25114901,5.0,2031042,0,2005,2,-9885099,-28.24,Medium Budget,Loss
1156,Walk Hard: The Dewey Cox Story,Comedy,2007-12-21,R,Sony Pictures,120,35000000,18317151,2288902,20606053,6.7,1928121,0,2007,12,-14393947,-41.13,Medium Budget,Major Loss
1157,The Four Feathers,Drama,2002-09-20,PG-13,Paramount,125,35000000,18306166,11576479,29882645,6.5,1926965,0,2002,9,-5117355,-14.62,Medium Budget,Loss
1158,Furry Vengeance,Adventure,2010-04-30,PG,Summit Entertainment,92,35000000,17630465,21709712,39340177,3.8,1855838,0,2010,4,4340177,12.4,Medium Budget,Profit
1159,Bait,Action,2000-09-15,R,Warner Bros,93,35000000,15325127,146842,15471969,5.2,1613171,0,2000,9,-19528031,-55.79,Medium Budget,Major Loss
1160,Dungeons and Dragons,Adventure,2000-12-08,PG-13,New Line,97,35000000,15185241,18586724,33771965,,1598446,0,2000,12,-1228035,-3.51,Medium Budget,Loss
1161,Lions for Lambs,Drama,2007-11-09,R,United Artists,92,35000000,14998070,48213018,63211088,6.2,1578744,0,2007,11,28211088,80.6,Medium Budget,Profit
1162,Flight of the Intruder,Action,1991-01-18,PG-13,Paramount,115,35000000,14471440,0,14471440,5.7,1523309,0,1991,1,-20528560,-58.65,Medium Budget,Major Loss
1163,The Tree of Life,Drama,2011-05-27,PG-13,Fox Searchlight,139,35000000,13305665,48416161,61721826,6.7,1400596,0,2011,5,26721826,76.35,Medium Budget,Profit
1164,Zoom,Adventure,2006-08-11,PG,Sony Pictures,83,35000000,11989328,516860,12506188,4.2,1262035,0,2006,8,-22493812,-64.27,Medium Budget,Major Loss
1165,The Shipping News,Drama,2001-12-25,R,Miramax,111,35000000,11405825,13000000,24405825,6.8,1200613,0,2001,12,-10594175,-30.27,Medium Budget,Major Loss
1166,The Young Victoria,Drama,2009-12-18,PG,Apparition,100,35000000,11001272,20877619,31878891,7.3,1158029,0,2009,12,-3121109,-8.92,Medium Budget,Loss
1167,Sabotage,Action,2014-03-28,R,Open Road,109,35000000,10508518,7867925,18376443,5.7,1106160,0,2014,3,-16623557,-47.5,Medium Budget,Major Loss
1168,Knock Off,Action,1998-09-04,R,Sony Pictures,91,35000000,10319915,0,10319915,4.8,1086307,0,1998,9,-24680085,-70.51,Medium Budget,Major Loss
1169,Unfinished Business,Comedy,2015-03-06,R,20th Century Fox,91,35000000,10219501,2600000,12819501,5.4,1075737,0,2015,3,-22180499,-63.37,Medium Budget,Major Loss
1170,The Walk,Drama,2015-09-30,PG,Sony Pictures,123,35000000,10161183,51035862,61197045,7.4,1069598,0,2015,9,26197045,74.85,Medium Budget,Profit
1171,The Fountain,Drama,2006-11-22,PG-13,Warner Bros,96,35000000,10144010,5317628,15461638,7.3,1067791,0,2006,11,-19538362,-55.82,Medium Budget,Major Loss
1172,Mandela: Long Walk to Freedom,Drama,2013-11-29,PG-13,Weinstein Co.,141,35000000,8323085,21567317,29890402,7.1,876114,0,2013,11,-5109598,-14.6,Medium Budget,Loss
1173,Punisher: War Zone,Action,2008-12-05,R,Lionsgate,103,35000000,8050977,2106557,10157534,6.0,847471,0,2008,12,-24842466,-70.98,Medium Budget,Major Loss
1174,A Good Year,Drama,2006-11-10,PG-13,20th Century Fox,117,35000000,7459300,34604805,42064105,6.9,785189,0,2006,11,7064105,20.18,Medium Budget,Profit
1175,The Brothers Grimsby,Comedy,2016-03-11,R,Sony Pictures,98,35000000,6864016,21857392,28721408,,722528,0,2016,3,-6278592,-17.94,Medium Budget,Loss
1176,Warriors of Virtue,Action,1997-05-02,PG,MGM,101,35000000,6448817,0,6448817,4.6,678823,0,1997,5,-28551183,-81.57,Medium Budget,Major Loss
1177,Luther,Drama,2003-09-26,PG-13,RS Entertainment,70,35000000,5781086,26955793,32736879,8.6,608535,0,2003,9,-2263121,-6.47,Medium Budget,Loss
1178,Biutiful,Drama,2011-01-28,R,Roadside Attractions,148,35000000,5101237,19586287,24687524,7.5,536972,0,2011,1,-10312476,-29.46,Medium Budget,Major Loss
1179,Radio Flyer,Drama,1992-02-21,PG-13,Sony Pictures,114,35000000,4651977,0,4651977,6.9,489682,0,1992,2,-30348023,-86.71,Medium Budget,Major Loss
1180,A Hologram for the King,Drama,2016-04-22,R,Roadside Attractions,114,35000000,4212494,7635564,11848058,,443420,0,2016,4,-23151942,-66.15,Medium Budget,Major Loss
1181,Lion of the Desert,Drama,1980-01-01,NR,United Film Distrib…,156,35000000,1500000,0,1500000,8.4,157895,0,1980,1,-33500000,-95.71,Medium Budget,Major Loss
1182,Le hussard sur le toit,Drama,1996-04-19,R,Miramax,114,35000000,1320043,0,1320043,,138952,0,1996,4,-33679957,-96.23,Medium Budget,Major Loss
1183,Stolen,Action,2012-09-14,R,Alchemy,96,35000000,289773,17677973,17967746,5.5,30502,0,2012,9,-17032254,-48.66,Medium Budget,Major Loss
1184,The Lovers,Adventure,2015-03-13,PG-13,IFC Films,109,35000000,0,11106,11106,4.5,0,0,2015,3,-34988894,-99.97,Medium Budget,Major Loss
1185,The Darkest Hour,Action,2011-12-25,PG-13,Summit Entertainment,89,34800000,21443494,41388221,62831715,4.9,2257210,0,2011,12,28031715,80.55,Medium Budget,Profit
1186,The Longest Ride,Drama,2015-04-10,PG-13,20th Century Fox,128,34000000,37446117,26356811,63802928,7.1,3941697,0,2015,4,29802928,87.66,Medium Budget,Profit
1187,The Age of Innocence,Drama,1993-09-17,PG,Sony Pictures,139,34000000,32014993,0,32014993,7.2,3369999,0,1993,9,-1985007,-5.84,Medium Budget,Loss
1188,Gake no ue no Ponyo,Adventure,2009-08-14,G,Walt Disney,97,34000000,15090399,190222267,205312666,,1588463,0,2009,8,171312666,503.86,Medium Budget,Major Success
1189,Chill Factor,Action,1999-09-01,R,Warner Bros,102,34000000,11263966,0,11263966,5.2,1185681,0,1999,9,-22736034,-66.87,Medium Budget,Major Loss
1190,I Dreamed of Africa,Drama,2000-05-05,PG-13,Sony Pictures,114,34000000,6543194,7748805,14291999,5.6,688757,0,2000,5,-19708001,-57.96,Medium Budget,Major Loss
1191,Reds,Drama,1981-12-04,PG,Paramount,195,33500000,50000000,0,50000000,7.5,5263158,0,1981,12,16500000,49.25,Medium Budget,Profit
1192,A Few Good Men,Drama,1992-12-11,R,Sony Pictures,138,33000000,141340178,95159822,236500000,7.6,14877913,0,1992,12,203500000,616.67,Medium Budget,Major Success
1193,Big Momma's House,Comedy,2000-06-02,PG-13,20th Century Fox,99,33000000,117559438,56000000,173559438,5.1,12374678,0,2000,6,140559438,425.94,Medium Budget,Major Success
1194,Exit Wounds,Action,2001-03-16,R,Warner Bros,101,33000000,51758599,28200000,79958599,5.5,5448274,0,2001,3,46958599,142.3,Medium Budget,Profit
1195,Mike and Dave Need Wedding Dates,Comedy,2016-07-08,R,20th Century Fox,98,33000000,46009673,29900000,75909673,,4843123,0,2016,7,42909673,130.03,Medium Budget,Profit
1196,Step Up Revolution,Drama,2012-07-27,PG-13,Lionsgate,99,33000000,35074677,130477613,165552290,6.5,3692071,0,2012,7,132552290,401.67,Medium Budget,Major Success
1197,The Punisher,Action,2004-04-16,R,Lionsgate,140,33000000,33664370,20869404,54533774,6.5,3543618,0,2004,4,21533774,65.25,Medium Budget,Profit
1198,Safe,Action,2012-04-27,R,Lionsgate,94,33000000,17142080,24353133,41495213,6.5,1804429,0,2012,4,8495213,25.74,Medium Budget,Profit
1199,Doomsday,Action,2008-03-14,R,Universal Pictures,113,33000000,11008770,10612418,21621188,6.0,1158818,0,2008,3,-11378812,-34.48,Medium Budget,Major Loss
1200,Pushing Tin,Comedy,1999-04-23,R,20th Century Fox,124,33000000,8408835,0,8408835,6.0,885141,0,1999,4,-24591165,-74.52,Medium Budget,Major Loss
1201,Goal! The Dream Begins,Drama,2006-05-12,PG,Walt Disney,118,33000000,4283255,23327618,27610873,6.8,450869,0,2006,5,-5389127,-16.33,Medium Budget,Loss
1202,Bridesmaids,Comedy,2011-05-13,R,Universal Pictures,131,32500000,169211718,120420305,289632023,6.8,17811760,0,2011,5,257132023,791.18,Medium Budget,Major Success
1203,The Reader,Drama,2008-12-10,R,Weinstein Co.,124,32500000,34194407,78770468,112964875,7.6,3599411,0,2008,12,80464875,247.58,Medium Budget,Major Success
1204,Wanderlust,Comedy,2012-02-24,R,Universal Pictures,98,32500000,17288155,6871779,24159934,5.6,1819806,0,2012,2,-8340066,-25.66,Medium Budget,Loss
1205,Elf,Adventure,2003-11-07,PG,New Line,97,32000000,173398518,46837892,220236410,6.9,18252476,0,2003,11,188236410,588.24,Medium Budget,Major Success
1206,Phenomenon,Drama,1996-07-05,PG,Walt Disney,123,32000000,104636382,47400000,152036382,6.4,11014356,0,1996,7,120036382,375.11,Medium Budget,Major Success
1207,This is the End,Comedy,2013-06-12,R,Sony Pictures,107,32000000,101470202,25068915,126539117,6.7,10681074,0,2013,6,94539117,295.43,Medium Budget,Major Success
1208,Snow Dogs,Adventure,2002-01-18,PG,Walt Disney,99,32000000,81150692,35747336,116898028,5.1,8542178,0,2002,1,84898028,265.31,Medium Budget,Major Success
1209,Nacho Libre,Comedy,2006-06-16,PG,Paramount,92,32000000,80197993,19098469,99296462,5.7,8441894,0,2006,6,67296462,210.3,Medium Budget,Major Success
1210,Scrooged,Comedy,1988-11-23,PG-13,Paramount,101,32000000,59450353,0,59450353,7.0,6257932,0,1988,11,27450353,85.78,Medium Budget,Profit
1211,Takers,Drama,2010-08-27,PG-13,Sony Pictures,107,32000000,57744720,12842548,70587268,6.2,6078392,0,2010,8,38587268,120.59,Medium Budget,Profit
1212,Stigmata,Horror,1999-09-10,R,MGM,103,32000000,50041732,39400000,89441732,6.2,5267551,0,1999,9,57441732,179.51,Medium Budget,Major Success
1213,Men of Honor,Drama,2000-11-10,R,20th Century Fox,129,32000000,48814909,33524574,82339483,7.2,5138411,0,2000,11,50339483,157.31,Medium Budget,Major Success
1214,I Feel Pretty,Comedy,2018-04-20,PG-13,STX Entertainment,98,32000000,48795601,42774097,91569698,,5136379,0,2018,4,59569698,186.16,Medium Budget,Major Success
1215,The Transporter 2,Action,2005-09-02,PG-13,20th Century Fox,87,32000000,43095856,45882602,88978458,6.3,4536406,0,2005,9,56978458,178.06,Medium Budget,Major Success
1216,"Big Mommas: Like Father, Like Son",Comedy,2011-02-18,PG-13,20th Century Fox,113,32000000,37915414,44417036,82332450,4.4,3991096,0,2011,2,50332450,157.29,Medium Budget,Major Success
1217,Alive,Drama,1993-01-15,R,Walt Disney,120,32000000,36299670,0,36299670,7.1,3821018,0,1993,1,4299670,13.44,Medium Budget,Profit
1218,Dreamer: Inspired by a True Story,Drama,2005-10-21,PG,DreamWorks,98,32000000,33022286,6476074,39498360,6.9,3476030,0,2005,10,7498360,23.43,Medium Budget,Profit
1219,A History of Violence,Drama,2005-09-23,R,New Line,96,32000000,31493782,29984015,61477797,7.5,3315135,0,2005,9,29477797,92.12,Medium Budget,Profit
1220,The Incredible Burt Wonderstone,Comedy,2013-03-15,PG-13,Warner Bros,100,32000000,22537881,4854728,27392609,5.9,2372409,0,2013,3,-4607391,-14.4,Medium Budget,Loss
1221,Repo Men,Action,2010-03-19,R,Universal Pictures,119,32000000,13942007,4253231,18195238,6.3,1467580,0,2010,3,-13804762,-43.14,Medium Budget,Major Loss
1222,Dragon Wars: D-War,Action,2007-09-14,PG-13,Freestyle Releasing,107,32000000,10977721,68937640,79915361,3.6,1155550,0,2007,9,47915361,149.74,Medium Budget,Profit
1223,Bogus,Comedy,1996-09-06,PG,Warner Bros,110,32000000,4357406,0,4357406,5.3,458674,0,1996,9,-27642594,-86.38,Medium Budget,Major Loss
1224,Cradle Will Rock,Drama,1999-12-08,R,Walt Disney,132,32000000,2899970,0,2899970,6.9,305260,0,1999,12,-29100030,-90.94,Medium Budget,Major Loss
1225,The Good German,Drama,2006-12-15,R,Warner Bros,105,32000000,1308696,5369337,6678033,6.1,137757,0,2006,12,-25321967,-79.13,Medium Budget,Major Loss
1226,Apocalypse Now,Action,1979-08-15,R,United Artists,240,31500000,78800000,2450485,81250485,8.5,8294737,0,1979,8,49750485,157.94,Medium Budget,Profit
1227,Criminal,Action,2016-04-15,R,Lionsgate,113,31500000,14708696,24062566,38771262,6.3,1548284,0,2016,4,7271262,23.08,Medium Budget,Profit
1228,Flight,Drama,2012-11-02,R,Paramount,138,31000000,93772375,66786063,160558438,7.3,9870776,0,2012,11,129558438,417.93,Medium Budget,Major Success
1229,Mr. Holland’s Opus,Drama,1995-12-29,PG,Walt Disney,143,31000000,82582604,23700000,106282604,7.3,8692906,0,1995,12,75282604,242.85,Medium Budget,Major Success
1230,Out of Africa,Drama,1985-12-18,PG,Universal Pictures,161,31000000,79096868,179113992,258210860,7.2,8325986,0,1985,12,227210860,732.94,Medium Budget,Major Success
1231,Moonraker,Action,1979-06-29,PG,United Artists,126,31000000,70300000,140000000,210300000,6.3,7400000,0,1979,6,179300000,578.39,Medium Budget,Major Success
1232,The Grand Budapest Hotel,Comedy,2014-03-07,R,Fox Searchlight,99,31000000,59076019,105104528,164180547,8.1,6218528,0,2014,3,133180547,429.61,Medium Budget,Major Success
1233,Vacation,Comedy,2015-07-29,R,Warner Bros,99,31000000,58884188,42743801,101627989,6.1,6198336,0,2015,7,70627989,227.83,Medium Budget,Major Success
1234,Frequency,Drama,2000-04-28,PG-13,New Line,118,31000000,44983704,23095967,68079671,7.3,4735127,0,2000,4,37079671,119.61,Medium Budget,Profit
1235,Hearts in Atlantis,Drama,2001-09-28,PG-13,Warner Bros,101,31000000,24185781,6700000,30885781,6.9,2545872,0,2001,9,-114219,-0.37,Medium Budget,Loss
1236,Extraordinary Measures,Drama,2010-01-22,PG,CBS Films,106,31000000,12482741,3344243,15826984,6.5,1313973,0,2010,1,-15173016,-48.95,Medium Budget,Major Loss
1237,Birth of the Dragon,Action,2017-08-25,PG-13,BH Tilt,109,31000000,6901965,318549,7220514,,726523,0,2017,8,-23779486,-76.71,Medium Budget,Major Loss
1238,Get Shorty,Comedy,1995-10-20,R,MGM,105,30250000,72021008,43000000,115021008,6.9,7581159,0,1995,10,84771008,280.23,Medium Budget,Major Success
1239,Ghostbusters,Adventure,1984-06-08,PG,Sony Pictures,116,30000000,242212467,53000000,295212467,5.5,25496049,0,1984,6,265212467,884.04,Medium Budget,Major Success
1240,Toy Story,Adventure,1995-11-22,G,Walt Disney,74,30000000,191796233,172749283,364545516,8.3,20189077,0,1995,11,334545516,1115.15,Medium Budget,Major Success
1241,Big Daddy,Comedy,1999-06-25,PG-13,Sony Pictures,93,30000000,163479795,65161488,228641283,6.4,17208399,0,1999,6,198641283,662.14,Medium Budget,Major Success
1242,American Pie 2,Comedy,2001-08-10,R,Universal Pictures,108,30000000,145096820,141403180,286500000,6.4,15273349,0,2001,8,256500000,855.0,Medium Budget,Major Success
1243,The Vow,Drama,2012-02-10,PG-13,Sony Pictures,104,30000000,125014030,72604130,197618160,6.8,13159372,0,2012,2,167618160,558.73,Medium Budget,Major Success
1244,Speed,Action,1994-06-10,R,20th Century Fox,116,30000000,121248145,161951855,283200000,7.2,12762963,0,1994,6,253200000,844.0,Medium Budget,Major Success
1245,Lee Daniels' The Butler,Drama,2013-08-16,PG-13,Weinstein Co.,132,30000000,116632095,60393403,177025498,7.2,12277063,0,2013,8,147025498,490.08,Medium Budget,Major Success
1246,Remember the Titans,Drama,2000-09-29,PG,Walt Disney,120,30000000,115654751,21051932,136706683,7.8,12174184,0,2000,9,106706683,355.69,Medium Budget,Major Success
1247,Dodgeball: A True Underdog Story,Comedy,2004-06-18,PG-13,20th Century Fox,92,30000000,114326736,53464968,167791704,6.7,12034393,0,2004,6,137791704,459.31,Medium Budget,Major Success
1248,Ace Ventura: When Nature Calls,Comedy,1995-11-10,PG-13,Warner Bros,90,30000000,108360063,104039937,212400000,6.3,11406322,0,1995,11,182400000,608.0,Medium Budget,Major Success
1249,The Princess Diaries,Comedy,2001-08-03,G,Walt Disney,111,30000000,108244774,57090000,165334774,6.2,11394187,0,2001,8,135334774,451.12,Medium Budget,Major Success
1250,Analyze This,Comedy,1999-03-05,R,Warner Bros,103,30000000,106885658,70000000,176885658,6.7,11251122,0,1999,3,146885658,489.62,Medium Budget,Major Success
1251,The First Wives Club,Comedy,1996-09-20,PG,Paramount,103,30000000,105489203,76000000,181489203,6.2,11104127,0,1996,9,151489203,504.96,Medium Budget,Major Success
1252,Million Dollar Baby,Drama,2004-12-15,PG-13,Warner Bros,132,30000000,100492203,131436024,231928227,8.1,10578127,0,2004,12,201928227,673.09,Medium Budget,Major Success
1253,Mystic River,Drama,2003-10-08,R,Warner Bros,138,30000000,90135191,66686829,156822020,8.0,9487915,0,2003,10,126822020,422.74,Medium Budget,Major Success
1254,Sisters,Comedy,2015-12-18,R,Universal Pictures,98,30000000,87044645,18986015,106030660,,9162594,0,2015,12,76030660,253.44,Medium Budget,Major Success
1255,Pokemon: The First Movie,Adventure,1999-11-10,G,Warner Bros,97,30000000,85744662,77900000,163644662,,9025754,0,1999,11,133644662,445.48,Medium Budget,Major Success
1256,SpongeBob SquarePants: The Movie,Adventure,2004-11-19,PG,Paramount,97,30000000,85416609,56634646,142051255,,8991222,0,2004,11,112051255,373.5,Medium Budget,Major Success
1257,Up in the Air,Drama,2009-12-04,R,Paramount,108,30000000,83823381,83019358,166842739,7.4,8823514,0,2009,12,136842739,456.14,Medium Budget,Major Success
1258,The Notebook,Drama,2004-06-25,PG-13,New Line,123,30000000,81001787,35023236,116025023,7.9,8526504,0,2004,6,86025023,286.75,Medium Budget,Major Success
1259,Hannah Montana the Movie,Drama,2009-04-10,G,Walt Disney,102,30000000,79576189,89597017,169173206,4.2,8376441,0,2009,4,139173206,463.91,Medium Budget,Major Success
1260,Rugrats in Paris,Adventure,2000-11-17,G,Paramount,97,30000000,76501438,26783375,103284813,,8052783,0,2000,11,73284813,244.28,Medium Budget,Major Success
1261,The Hitman’s Bodyguard,Action,2017-08-18,R,Lionsgate,109,30000000,75468583,97310709,172779292,,7944061,0,2017,8,142779292,475.93,Medium Budget,Major Success
1262,The Prince of Tides,Drama,1991-12-25,R,Sony Pictures,132,30000000,74787599,0,74787599,6.6,7872379,0,1991,12,44787599,149.29,Medium Budget,Profit
1263,Four Brothers,Drama,2005-08-12,R,Paramount,109,30000000,74494381,18000000,92494381,6.9,7841514,0,2005,8,62494381,208.31,Medium Budget,Major Success
1264,Legends of the Fall,Drama,1994-12-23,R,Sony Pictures,133,30000000,66502573,94000000,160502573,7.5,7000271,0,1994,12,130502573,435.01,Medium Budget,Major Success
1265,Looper,Action,2012-09-28,R,Sony Pictures,119,30000000,66486205,103980200,170466405,7.4,6998548,0,2012,9,140466405,468.22,Medium Budget,Major Success
1266,About Schmidt,Drama,2002-12-13,R,New Line,125,30000000,65005217,42049267,107054484,7.2,6842654,0,2002,12,77054484,256.85,Medium Budget,Major Success
1267,The Nut Job,Adventure,2014-01-17,PG,Open Road,85,30000000,64251538,58278428,122529966,5.8,6763320,0,2014,1,92529966,308.43,Medium Budget,Major Success
1268,Down to Earth,Comedy,2001-02-16,PG-13,Paramount,87,30000000,64172251,7000000,71172251,5.4,6754974,0,2001,2,41172251,137.24,Medium Budget,Profit
1269,Babe,Adventure,1995-08-04,G,Universal Pictures,91,30000000,63658910,182441090,246100000,6.8,6700938,0,1995,8,216100000,720.33,Medium Budget,Major Success
1270,Forgetting Sarah Marshall,Comedy,2008-04-18,R,Universal Pictures,118,30000000,63172463,42000579,105173042,7.2,6649733,0,2008,4,75173042,250.58,Medium Budget,Major Success
1271,Friday Night Lights,Drama,2004-10-08,PG-13,Universal Pictures,70,30000000,61255921,694849,61950770,8.7,6447992,0,2004,10,31950770,106.5,Medium Budget,Profit
1272,Harlem Nights,Comedy,1989-11-17,R,Paramount,98,30000000,60857262,35000000,95857262,,6406028,0,1989,11,65857262,219.52,Medium Budget,Major Success
1273,Baby Mama,Comedy,2008-04-25,PG-13,Universal Pictures,99,30000000,60494212,3676235,64170447,6.0,6367812,0,2008,4,34170447,113.9,Medium Budget,Profit
1274,Hope Floats,Drama,1998-05-29,PG-13,20th Century Fox,114,30000000,60110313,21418687,81529000,5.9,6327401,0,1998,5,51529000,171.76,Medium Budget,Major Success
1275,Bride Wars,Comedy,2009-01-09,PG,20th Century Fox,89,30000000,58715510,56434914,115150424,5.4,6180580,0,2009,1,85150424,283.83,Medium Budget,Major Success
1276,Without a Paddle,Comedy,2004-08-20,PG-13,Paramount,95,30000000,58156435,6964845,65121280,5.9,6121730,0,2004,8,35121280,117.07,Medium Budget,Profit
1277,Darkest Hour,Drama,2017-11-22,PG-13,Focus Features,89,30000000,56443120,93912708,150355828,4.9,5941381,0,2017,11,120355828,401.19,Medium Budget,Major Success
1278,Corpse Bride,Adventure,2005-09-23,PG,Warner Bros,77,30000000,53359111,61411543,114770654,7.4,5616749,0,2005,9,84770654,282.57,Medium Budget,Major Success
1279,Letters to Juliet,Drama,2010-05-14,PG,Summit Entertainment,105,30000000,53032453,29116085,82148538,6.5,5582363,0,2010,5,52148538,173.83,Medium Budget,Major Success
1280,Blow,Drama,2001-04-06,R,New Line,124,30000000,52990775,30291521,83282296,7.6,5577976,0,2001,4,53282296,177.61,Medium Budget,Major Success
1281,Message in a Bottle,Drama,1999-02-12,PG-13,Warner Bros,131,30000000,52880016,0,52880016,6.1,5566317,0,1999,2,22880016,76.27,Medium Budget,Profit
1282,Life of the Party,Comedy,2018-05-11,PG-13,Warner Bros,98,30000000,52856061,12700000,65556061,,5563796,0,2018,5,35556061,118.52,Medium Budget,Profit
1283,Southpaw,Drama,2015-07-24,R,Weinstein Co.,124,30000000,52421953,41785908,94207861,7.5,5518100,0,2015,7,64207861,214.03,Medium Budget,Major Success
1284,Star Trek V: The Final Frontier,Action,1989-06-09,PG,Paramount,107,30000000,52210049,17989951,70200000,5.4,5495795,0,1989,6,40200000,134.0,Medium Budget,Profit
1285,Like Mike,Adventure,2002-07-03,PG,20th Century Fox,99,30000000,51432423,11000000,62432423,5.1,5413939,0,2002,7,32432423,108.11,Medium Budget,Profit
1286,Naked Gun 33 1/3: The Final Insult,Comedy,1994-03-18,PG-13,Paramount,83,30000000,51041856,0,51041856,6.4,5372827,0,1994,3,21041856,70.14,Medium Budget,Profit
1287,Atonement,Drama,2007-12-07,R,Focus Features,123,30000000,50980159,78799569,129779728,7.8,5366333,0,2007,12,99779728,332.6,Medium Budget,Major Success
1288,A View to a Kill,Action,1985-05-24,PG,MGM,131,30000000,50327960,102300000,152627960,6.3,5297680,0,1985,5,122627960,408.76,Medium Budget,Major Success
1289,Racing Stripes,Adventure,2005-01-14,PG,Warner Bros,102,30000000,49772522,40183018,89955540,5.2,5239213,0,2005,1,59955540,199.85,Medium Budget,Major Success
1290,Den of Thieves,Action,2018-01-19,R,STX Entertainment,109,30000000,44947622,34476699,79424321,,4731329,0,2018,1,49424321,164.75,Medium Budget,Profit
1291,The Three Stooges,Adventure,2012-04-13,PG,20th Century Fox,92,30000000,44338224,9714025,54052249,5.1,4667181,0,2012,4,24052249,80.17,Medium Budget,Profit
1292,Pokemon 2000,Adventure,2000-07-21,G,Warner Bros,97,30000000,43746923,90200000,133946923,,4604939,0,2000,7,103946923,346.49,Medium Budget,Major Success
1293,John Wick,Action,2014-10-24,R,Lionsgate,109,30000000,43037835,33197166,76235001,,4530298,0,2014,10,46235001,154.12,Medium Budget,Profit
1294,Glory Road,Drama,2006-01-13,PG,Walt Disney,118,30000000,42647449,151611,42799060,7.2,4489205,0,2006,1,12799060,42.66,Medium Budget,Profit
1295,The Age of Adaline,Drama,2015-04-24,PG-13,Lionsgate,112,30000000,42629776,26427639,69057415,7.2,4487345,0,2015,4,39057415,130.19,Medium Budget,Profit
1296,Step Up 3D,Drama,2010-08-06,PG-13,Walt Disney,107,30000000,42400223,123488894,165889117,6.2,4463181,0,2010,8,135889117,452.96,Medium Budget,Major Success
1297,Drag Me To Hell,Horror,2009-05-29,PG-13,Universal Pictures,99,30000000,42100625,49287862,91388487,6.6,4431645,0,2009,5,61388487,204.63,Medium Budget,Major Success
1298,Secondhand Lions,Drama,2003-09-19,PG,New Line,111,30000000,42070939,5831627,47902566,7.6,4428520,0,2003,9,17902566,59.68,Medium Budget,Profit
1299,Stranger Than Fiction,Comedy,2006-11-10,PG-13,Sony Pictures,113,30000000,40435190,13137632,53572822,7.6,4256336,0,2006,11,23572822,78.58,Medium Budget,Profit
1300,Hanna,Drama,2011-04-08,PG-13,Focus Features,111,30000000,40259119,25084575,65343694,6.8,4237802,0,2011,4,35343694,117.81,Medium Budget,Profit
1301,Blue Crush,Drama,2002-08-16,PG-13,Universal Pictures,104,30000000,40118420,11500000,51618420,5.6,4222992,0,2002,8,21618420,72.06,Medium Budget,Profit
1302,30 Days of Night,Horror,2007-10-19,R,Sony Pictures,113,30000000,39568996,40707160,80276156,6.6,4165157,0,2007,10,50276156,167.59,Medium Budget,Major Success
1303,Gridiron Gang,Drama,2006-09-15,PG-13,Sony Pictures,125,30000000,38432823,3025011,41457834,6.9,4045560,0,2006,9,11457834,38.19,Medium Budget,Profit
1304,Midnight Run,Action,1988-07-20,R,Universal Pictures,126,30000000,38413606,43200000,81613606,7.6,4043537,0,1988,7,51613606,172.05,Medium Budget,Major Success
1305,Meet the Spartans,Comedy,2008-01-25,PG-13,20th Century Fox,86,30000000,38233676,46413155,84646831,2.7,4024597,0,2008,1,54646831,182.16,Medium Budget,Major Success
1306,The Running Man,Action,1987-11-13,R,Sony/TriStar,101,30000000,38122000,0,38122000,6.6,4012842,0,1987,11,8122000,27.07,Medium Budget,Profit
1307,The 15:17 to Paris,Drama,2018-02-09,PG-13,Warner Bros,114,30000000,36250957,19819940,56070897,,3815890,0,2018,2,26070897,86.9,Medium Budget,Profit
1308,Mortal Kombat: Annihilation,Action,1997-11-21,PG-13,New Line,95,30000000,35927406,15400000,51327406,3.7,3781832,0,1997,11,21327406,71.09,Medium Budget,Profit
1309,Take the Lead,Drama,2006-04-07,PG-13,New Line,118,30000000,34742066,30648427,65390493,6.7,3657060,0,2006,4,35390493,117.97,Medium Budget,Profit
1310,Love and Other Drugs,Drama,2010-11-24,R,20th Century Fox,112,30000000,32367005,70349316,102716321,6.7,3407053,0,2010,11,72716321,242.39,Medium Budget,Major Success
1311,Entourage,Comedy,2015-06-03,R,Warner Bros,70,30000000,32363404,13999045,46362449,8.5,3406674,0,2015,6,16362449,54.54,Medium Budget,Profit
1312,What's the Worst That Could Happen?,Comedy,2001-06-01,PG-13,MGM,94,30000000,32267774,6194297,38462071,5.5,3396608,0,2001,6,8462071,28.21,Medium Budget,Profit
1313,Deliver Us from Evil,Horror,2014-07-02,R,Sony Pictures,118,30000000,30577122,57379496,87956618,6.2,3218644,0,2014,7,57956618,193.19,Medium Budget,Major Success
1314,Get on Up,Drama,2014-08-01,PG-13,Universal Pictures,139,30000000,30569935,2769933,33339868,6.9,3217888,0,2014,8,3339868,11.13,Medium Budget,Profit
1315,Winnie the Pooh,Adventure,2011-07-15,G,Walt Disney,70,30000000,26692846,23452761,50145607,7.3,2809773,0,2011,7,20145607,67.15,Medium Budget,Profit
1316,Bulworth,Comedy,1998-05-15,R,20th Century Fox,108,30000000,26528684,2674699,29203383,6.8,2792493,0,1998,5,-796617,-2.66,Medium Budget,Loss
1317,Virtuosity,Action,1995-08-04,R,Paramount,106,30000000,23998226,0,23998226,5.5,2526129,0,1995,8,-6001774,-20.01,Medium Budget,Loss
1318,White Boy Rick,Drama,2018-09-14,R,Sony Pictures,114,30000000,23851700,0,23851700,,2510705,0,2018,9,-6148300,-20.49,Medium Budget,Loss
1319,One True Thing,Drama,1998-09-18,R,Universal Pictures,127,30000000,23337196,3371000,26708196,7.0,2456547,0,1998,9,-3291804,-10.97,Medium Budget,Loss
1320,Sanctum,Adventure,2011-02-04,R,Universal Pictures,108,30000000,23209310,81074443,104283753,5.9,2443085,0,2011,2,74283753,247.61,Medium Budget,Major Success
1321,My Super Ex-Girlfriend,Comedy,2006-07-21,PG-13,20th Century Fox,95,30000000,22530295,38242561,60772856,5.1,2371610,0,2006,7,30772856,102.58,Medium Budget,Profit
1322,Ballerina,Adventure,2017-08-25,PG,Weinstein Co.,97,30000000,21858070,75050087,96908157,,2300849,0,2017,8,66908157,223.03,Medium Budget,Major Success
1323,Mr. 3000,Comedy,2004-09-17,PG-13,Walt Disney,104,30000000,21800302,26994,21827296,5.5,2294769,0,2004,9,-8172704,-27.24,Medium Budget,Loss
1324,Assault On Precinct 13,Action,2005-01-19,R,Focus/Rogue Pictures,109,30000000,20040895,16000000,36040895,6.3,2109568,0,2005,1,6040895,20.14,Medium Budget,Profit
1325,The Replacement Killers,Action,1998-02-06,R,Sony Pictures,96,30000000,19035741,0,19035741,6.1,2003762,0,1998,2,-10964259,-36.55,Medium Budget,Major Loss
1326,Ultraviolet,Action,2006-03-03,PG-13,Sony Pictures,94,30000000,18522064,12440048,30962112,4.4,1949691,0,2006,3,962112,3.21,Medium Budget,Profit
1327,North Country,Drama,2005-10-21,R,Warner Bros,126,30000000,18324242,5352529,23676771,7.3,1928868,0,2005,10,-6323229,-21.08,Medium Budget,Loss
1328,Steve Jobs,Drama,2015-10-09,R,Universal Pictures,122,30000000,17766658,17812349,35579007,7.2,1870175,0,2015,10,5579007,18.6,Medium Budget,Profit
1329,Eight Legged Freaks,Comedy,2002-07-17,PG-13,Warner Bros,99,30000000,17266505,19455806,36722311,5.4,1817527,0,2002,7,6722311,22.41,Medium Budget,Profit
1330,Fled,Action,1996-07-19,R,MGM,105,30000000,17192205,2700000,19892205,5.3,1809706,0,1996,7,-10107795,-33.69,Medium Budget,Major Loss
1331,Splice,Horror,2010-06-04,R,Warner Bros,104,30000000,17010170,11532324,28542494,5.8,1790544,0,2010,6,-1457506,-4.86,Medium Budget,Loss
1332,The Whole Ten Yards,Comedy,2004-04-09,PG-13,Warner Bros,98,30000000,16323969,10000000,26323969,5.5,1718313,0,2004,4,-3676031,-12.25,Medium Budget,Loss
1333,Howard the Duck,Action,1986-08-01,NR,Universal Pictures,110,30000000,16295774,0,16295774,4.6,1715345,0,1986,8,-13704226,-45.68,Medium Budget,Major Loss
1334,Pride and Glory,Drama,2008-10-24,R,Warner Bros,130,30000000,15740721,27700000,43440721,6.7,1656918,0,2008,10,13440721,44.8,Medium Budget,Profit
1335,The Cave,Horror,2005-08-26,PG-13,Sony Pictures,93,30000000,15007991,12140000,27147991,5.1,1579789,0,2005,8,-2852009,-9.51,Medium Budget,Loss
1336,Alex & Emma,Drama,2003-06-20,PG-13,Warner Bros,96,30000000,14208384,1150199,15358583,5.6,1495619,0,2003,6,-14641417,-48.8,Medium Budget,Major Loss
1337,The New World,Adventure,2005-12-25,PG-13,New Line,150,30000000,12712093,13472307,26184400,6.7,1338115,0,2005,12,-3815600,-12.72,Medium Budget,Loss
1338,Evening,Drama,2007-06-29,PG-13,Focus Features,114,30000000,12406646,478928,12885574,,1305963,0,2007,6,-17114426,-57.05,Medium Budget,Major Loss
1339,The Last Stand,Action,2013-01-18,R,Lionsgate,107,30000000,12050299,36280458,48330757,6.4,1268453,0,2013,1,18330757,61.1,Medium Budget,Profit
1340,In Dreams,Horror,1999-01-15,R,DreamWorks,100,30000000,12017369,0,12017369,5.5,1264986,0,1999,1,-17982631,-59.94,Medium Budget,Major Loss
1341,Wing Commander,Action,1999-03-12,PG-13,20th Century Fox,100,30000000,11578022,0,11578022,4.1,1218739,0,1999,3,-18421978,-61.41,Medium Budget,Major Loss
1342,Hoodwinked Too: Hood vs. Evil,Adventure,2011-04-29,PG,Weinstein Co.,86,30000000,10143779,13209332,23353111,4.8,1067766,0,2011,4,-6646889,-22.16,Medium Budget,Loss
1343,Dragonball Evolution,Adventure,2009-04-10,PG,20th Century Fox,100,30000000,9362785,48865675,58228460,2.7,985556,0,2009,4,28228460,94.09,Medium Budget,Profit
1344,An Unfinished Life,Drama,2005-09-09,PG-13,Miramax,108,30000000,8535575,10000000,18535575,7.0,898482,0,2005,9,-11464425,-38.21,Medium Budget,Major Loss
1345,The Space Between Us,Drama,2017-02-03,PG-13,STX Entertainment,114,30000000,7885294,8596111,16481405,,830031,0,2017,2,-13518595,-45.06,Medium Budget,Major Loss
1346,The Imaginarium of Doctor Parnassus,Adventure,2009-12-25,PG-13,Sony Pictures Classics,123,30000000,7689607,56663000,64352607,6.8,809432,0,2009,12,34352607,114.51,Medium Budget,Profit
1347,Barney's Version,Drama,2011-01-14,R,Sony Pictures Classics,134,30000000,7502560,1343015,8845575,7.3,789743,0,2011,1,-21154425,-70.51,Medium Budget,Major Loss
1348,Once Upon a Time in America,Drama,1984-06-01,R,Warner Bros,240,30000000,5321508,254140,5575648,8.4,560159,0,1984,6,-24424352,-81.41,Medium Budget,Major Loss
1349,Gloria,Drama,1999-01-22,R,Sony Pictures,114,30000000,4167493,800000,4967493,,438683,0,1999,1,-25032507,-83.44,Medium Budget,Major Loss
1350,The Merchant of Venice,Drama,2004-12-29,R,Sony Pictures Classics,131,30000000,3765585,15000000,18765585,7.1,396377,0,2004,12,-11234415,-37.45,Medium Budget,Major Loss
1351,The Good Thief,Drama,2003-04-02,R,Fox Searchlight,109,30000000,3517797,2942961,6460758,6.6,370294,0,2003,4,-23539242,-78.46,Medium Budget,Major Loss
1352,Supercross,Action,2005-08-17,PG-13,20th Century Fox,80,30000000,3102550,150000,3252550,4.0,326584,0,2005,8,-26747450,-89.16,Medium Budget,Major Loss
1353,Miss Potter,Drama,2006-12-29,PG,MGM,88,30000000,3005605,32885652,35891257,7.0,316379,0,2006,12,5891257,19.64,Medium Budget,Profit
1354,Wu ji,Action,2006-05-05,PG-13,Warner Independent,109,30000000,669625,35200309,35869934,,70487,0,2006,5,5869934,19.57,Medium Budget,Profit
1355,Machine Gun Preacher,Drama,2011-09-23,R,Relativity,129,30000000,538690,3183298,3721988,6.8,56704,0,2011,9,-26278012,-87.59,Medium Budget,Major Loss
1356,Bilal: A New Breed of Hero,Adventure,2018-02-02,PG-13,Vertical Entertainment,97,30000000,490973,157626,648599,,51681,0,2018,2,-29351401,-97.84,Medium Budget,Major Loss
1357,DOA: Dead or Alive,Action,2007-06-15,PG-13,Weinstein/Dimension,87,30000000,480314,7275372,7755686,4.8,50559,0,2007,6,-22244314,-74.15,Medium Budget,Major Loss
1358,Xinhai geming,Drama,2011-10-07,R,Variance Films,114,30000000,135739,8457415,8593154,,14288,0,2011,10,-21406846,-71.36,Medium Budget,Major Loss
1359,Wild Card,Action,2015-01-30,R,Lionsgate,92,30000000,3200,3986264,3989464,5.6,337,0,2015,1,-26010536,-86.7,Medium Budget,Major Loss
1360,Goodbye Bafana,Drama,2007-12-14,NR,Paramount Vantage,114,30000000,0,2717302,2717302,,0,0,2007,12,-27282698,-90.94,Medium Budget,Major Loss
1361,Collide,Action,2017-02-24,PG-13,Open Road,109,29200000,2280004,3186627,5466631,,240000,0,2017,2,-23733369,-81.28,Medium Budget,Major Loss
1362,Pitch Perfect 2,Comedy,2015-05-15,PG-13,Universal Pictures,115,29000000,184296230,103345386,287641616,6.5,19399603,0,2015,5,258641616,891.87,Medium Budget,Major Success
1363,Walk the Line,Drama,2005-11-18,PG-13,20th Century Fox,153,29000000,119519402,68188093,187707495,7.9,12580990,0,2005,11,158707495,547.27,Medium Budget,Major Success
1364,Night School,Comedy,2018-09-28,PG-13,Universal Pictures,98,29000000,66906825,17500000,84406825,,7042824,0,2018,9,55406825,191.06,Medium Budget,Major Success
1365,The Boss,Comedy,2016-04-08,R,Universal Pictures,99,29000000,63077560,15574835,78652395,5.3,6639743,0,2016,4,49652395,171.22,Medium Budget,Profit
1366,Twelve Monkeys,Drama,1995-12-27,R,Universal Pictures,114,29000000,57141459,111700000,168841459,,6014890,0,1995,12,139841459,482.21,Medium Budget,Major Success
1367,Once Upon a Time in Mexico,Action,2003-09-12,R,Sony Pictures,102,29000000,56330657,41082870,97413527,6.4,5929543,0,2003,9,68413527,235.91,Medium Budget,Major Success
1368,Logan Lucky,Comedy,2017-08-18,PG-13,Bleecker Street,98,29000000,27778642,16107505,43886147,,2924068,0,2017,8,14886147,51.33,Medium Budget,Profit
1369,Florence Foster Jenkins,Drama,2016-08-12,PG-13,Paramount,110,29000000,27383770,28633921,56017691,7.1,2882502,0,2016,8,27017691,93.16,Medium Budget,Profit
1370,The Borrowers,Adventure,1998-02-13,PG,Polygram,89,29000000,22619589,31426243,54045832,5.8,2381009,0,1998,2,25045832,86.36,Medium Budget,Profit
1371,Frost/Nixon,Drama,2008-12-05,R,Universal Pictures,122,29000000,18622031,9830914,28452945,7.7,1960214,0,2008,12,-547055,-1.89,Medium Budget,Loss
1372,Seed of Chucky,Horror,2004-11-12,R,Focus/Rogue Pictures,88,29000000,17016190,7700000,24716190,4.9,1791178,0,2004,11,-4283810,-14.77,Medium Budget,Loss
1373,Confessions of a Dangerous Mind,Drama,2002-12-31,R,Miramax,113,29000000,16007718,17006087,33013805,7.1,1685023,0,2002,12,4013805,13.84,Medium Budget,Profit
1374,Taking Woodstock,Drama,2009-08-26,R,Focus Features,120,29000000,7460204,2606162,10066366,6.7,785285,0,2009,8,-18933634,-65.29,Medium Budget,Major Loss
1375,Cry Freedom,Drama,1987-11-06,NR,Universal Pictures,147,29000000,5899797,20000000,25899797,7.5,621031,0,1987,11,-3100203,-10.69,Medium Budget,Loss
1376,Mumford,Comedy,1999-09-24,R,Walt Disney,112,28700000,4559569,0,4559569,6.9,479955,0,1999,9,-24140431,-84.11,Medium Budget,Major Loss
1377,Aladdin,Adventure,1992-11-11,G,Walt Disney,90,28000000,217350219,286700000,504050219,8.0,22878970,0,1992,11,476050219,1700.18,Medium Budget,Major Success
1378,Straight Outta Compton,Drama,2015-08-14,R,Universal Pictures,167,28000000,161197785,40985196,202182981,7.9,16968188,0,2015,8,174182981,622.08,Medium Budget,Major Success
1379,Girls Trip,Comedy,2017-07-21,R,Universal Pictures,98,28000000,115108515,25777838,140886353,,12116686,0,2017,7,112886353,403.17,Medium Budget,Major Success
1380,The Rugrats Movie,Adventure,1998-11-20,G,Paramount,83,28000000,100494685,40400000,140894685,5.9,10578388,0,1998,11,112894685,403.2,Medium Budget,Major Success
1381,Die Hard,Action,1988-07-15,R,20th Century Fox,131,28000000,81350242,57759104,139109346,8.2,8563183,0,1988,7,111109346,396.82,Medium Budget,Major Success
1382,A Bad Moms Christmas,Comedy,2017-11-01,R,STX Entertainment,98,28000000,72110659,55600000,127710659,,7590596,0,2017,11,99710659,356.11,Medium Budget,Major Success
1383,Safe Haven,Drama,2013-02-14,PG-13,Relativity,115,28000000,71399120,22651831,94050951,6.7,7515697,0,2013,2,66050951,235.9,Medium Budget,Major Success
1384,The Big Short,Drama,2015-12-11,R,Paramount,130,28000000,70259870,62902882,133162752,7.8,7395776,0,2015,12,105162752,375.58,Medium Budget,Major Success
1385,Role Models,Comedy,2008-11-07,R,Universal Pictures,101,28000000,67300955,27199871,94500826,6.9,7084311,0,2008,11,66500826,237.5,Medium Budget,Major Success
1386,Miracle,Drama,2004-02-06,PG,Walt Disney,135,28000000,64378093,96612,64474705,7.5,6776641,0,2004,2,36474705,130.27,Medium Budget,Profit
1387,Last Vegas,Comedy,2013-01-28,PG-13,CBS Films,105,28000000,63914167,49000000,112914167,6.6,6727807,0,2013,1,84914167,303.26,Medium Budget,Major Success
1388,For Your Eyes Only,Action,1981-06-26,PG,Universal Pictures,127,28000000,54800000,140500000,195300000,6.8,5768421,0,1981,6,167300000,597.5,Medium Budget,Major Success
1389,Tag,Comedy,2018-06-15,R,Warner Bros,98,28000000,54547470,22297318,76844788,,5741839,0,2018,6,48844788,174.45,Medium Budget,Profit
1390,Zoolander,Comedy,2001-09-28,PG-13,Paramount,90,28000000,45172250,15608731,60780981,6.6,4754974,0,2001,9,32780981,117.07,Medium Budget,Profit
1391,Timecop,Action,1994-09-16,R,Universal Pictures,99,28000000,44853581,57200000,102053581,5.8,4721430,0,1994,9,74053581,264.48,Medium Budget,Major Success
1392,Hocus Pocus,Comedy,1993-07-16,PG,Walt Disney,96,28000000,39360491,0,39360491,6.7,4143210,0,1993,7,11360491,40.57,Medium Budget,Profit
1393,Pride & Prejudice,Drama,2005-11-11,PG,Focus Features,135,28000000,38372662,88176945,126549607,7.8,4039228,0,2005,11,98549607,351.96,Medium Budget,Major Success
1394,30 Minutes or Less,Comedy,2011-08-12,R,Sony Pictures,83,28000000,37053924,3912792,40966716,6.1,3900413,0,2011,8,12966716,46.31,Medium Budget,Profit
1395,Dracula 2000,Horror,2000-12-22,R,Miramax,99,28000000,33000377,0,33000377,4.9,3473724,0,2000,12,5000377,17.86,Medium Budget,Profit
1396,Rob Roy,Drama,1995-04-07,R,MGM,139,28000000,31390587,0,31390587,6.9,3304272,0,1995,4,3390587,12.11,Medium Budget,Profit
1397,Kick-Ass 2,Action,2013-08-16,R,Universal Pictures,103,28000000,28795985,34333924,63129909,6.6,3031156,0,2013,8,35129909,125.46,Medium Budget,Profit
1398,We Own the Night,Drama,2007-10-12,R,Sony Pictures,117,28000000,28563179,26744678,55307857,6.9,3006650,0,2007,10,27307857,97.53,Medium Budget,Profit
1399,A Walk Among the Tombstones,Action,2014-09-19,R,Universal Pictures,114,28000000,26017685,36090902,62108587,6.5,2738704,0,2014,9,34108587,121.82,Medium Budget,Profit
1400,The Spy Next Door,Adventure,2010-01-15,PG,Lionsgate,94,28000000,24307106,22445752,46752858,5.4,2558643,0,2010,1,18752858,66.97,Medium Budget,Profit
1401,Brick Mansions,Action,2014-04-25,PG-13,Relativity,100,28000000,20396829,53024395,73421224,5.7,2147035,0,2014,4,45421224,162.22,Medium Budget,Profit
1402,"Mystery, Alaska",Comedy,1999-10-01,R,Walt Disney,119,28000000,8891623,0,8891623,6.7,935960,0,1999,10,-19108377,-68.24,Medium Budget,Major Loss
1403,John Carpenter's Ghosts of Mars,Action,2001-08-24,R,Screen Media Films,109,28000000,8434601,0,8434601,,887853,0,2001,8,-19565399,-69.88,Medium Budget,Major Loss
1404,A Simple Wish,Comedy,1997-07-11,PG,Universal Pictures,89,28000000,8165213,0,8165213,5.4,859496,0,1997,7,-19834787,-70.84,Medium Budget,Major Loss
1405,Our Brand is Crisis,Drama,2015-10-30,R,Warner Bros,107,28000000,7002261,1590171,8592432,6.1,737080,0,2015,10,-19407568,-69.31,Medium Budget,Major Loss
1406,Kundun,Drama,1997-12-25,PG-13,Walt Disney,134,28000000,5686694,0,5686694,7.0,598599,0,1997,12,-22313306,-79.69,Medium Budget,Major Loss
1407,Octopussy,Action,1983-06-10,PG,MGM,131,27500000,67900000,119600000,187500000,6.6,7147368,0,1983,6,160000000,581.82,Medium Budget,Major Success
1408,My Sister's Keeper,Drama,2009-06-26,PG-13,Warner Bros,109,27500000,49200230,47472772,96673002,7.4,5178972,0,2009,6,69173002,251.54,Medium Budget,Major Success
1409,Welcome Home Roscoe Jenkins,Comedy,2008-02-08,PG-13,Universal Pictures,114,27500000,42436517,1171110,43607627,5.3,4467002,0,2008,2,16107627,58.57,Medium Budget,Profit
1410,A Passage to India,Drama,1984-12-14,NR,Sony Pictures,164,27500000,27187653,0,27187653,7.4,2861858,0,1984,12,-312347,-1.14,Medium Budget,Loss
1411,Notes on a Scandal,Drama,2006-12-25,R,Fox Searchlight,92,27500000,17510118,33068293,50578411,7.4,1843170,0,2006,12,23078411,83.92,Medium Budget,Profit
1412,The Jungle Book,Adventure,1994-12-25,PG,Walt Disney,106,27000000,44342956,0,44342956,7.8,4667680,0,1994,12,17342956,64.23,Medium Budget,Profit
1413,Spy Kids: All the Time in the World,Adventure,2011-08-19,PG,Weinstein/Dimension,97,27000000,38536376,42144807,80681183,,4056461,0,2011,8,53681183,198.82,Medium Budget,Major Success
1414,The Right Stuff,Action,1983-10-21,NR,Warner Bros,193,27000000,21500000,0,21500000,7.9,2263158,0,1983,10,-5500000,-20.37,Medium Budget,Loss
1415,Die Unendliche Geschichte,Adventure,1984-07-20,NR,Warner Bros,97,27000000,21300000,0,21300000,,2242105,0,1984,7,-5700000,-21.11,Medium Budget,Loss
1416,The Duchess,Drama,2008-09-19,PG-13,Paramount Vantage,110,27000000,13848978,31311132,45160110,6.9,1457787,0,2008,9,18160110,67.26,Medium Budget,Profit
1417,Case 39,Horror,2010-10-01,R,Paramount Vantage,109,27000000,13261851,15511976,28773827,6.2,1395984,0,2010,10,1773827,6.57,Medium Budget,Profit
1418,The Honeymooners,Comedy,2005-06-10,PG-13,Paramount,70,27000000,12834849,339577,13174426,8.7,1351037,0,2005,6,-13825574,-51.21,Medium Budget,Major Loss
1419,Return to Oz,Adventure,1985-06-21,PG,Walt Disney,109,27000000,10618813,0,10618813,6.7,1117770,0,1985,6,-16381187,-60.67,Medium Budget,Major Loss
1420,The Newton Boys,Drama,1998-03-27,PG-13,20th Century Fox,123,27000000,10341093,0,10341093,6.0,1088536,0,1998,3,-16658907,-61.7,Medium Budget,Major Loss
1421,Martian Child,Drama,2007-11-02,PG,New Line,106,27000000,7500310,1851779,9352089,6.8,789506,0,2007,11,-17647911,-65.36,Medium Budget,Major Loss
1422,Formula 51,Action,2002-10-18,R,Screen Media Films,93,27000000,5204007,0,5204007,6.3,547790,0,2002,10,-21795993,-80.73,Medium Budget,Major Loss
1423,Flawless,Drama,1999-11-24,R,MGM,112,27000000,4485485,0,4485485,6.4,472156,0,1999,11,-22514515,-83.39,Medium Budget,Major Loss
1424,What Just Happened,Comedy,2008-10-17,R,Magnolia Pictures,104,27000000,1090947,1321176,2412123,5.7,114837,0,2008,10,-24587877,-91.07,Medium Budget,Major Loss
1425,Paul Blart: Mall Cop,Adventure,2009-01-16,PG,Sony Pictures,91,26000000,146336178,39568572,185904750,5.2,15403808,0,2009,1,159904750,615.02,Medium Budget,Major Success
1426,The 40 Year-old Virgin,Comedy,2005-08-19,R,Universal Pictures,133,26000000,109449237,67894993,177344230,7.1,11520972,0,2005,8,151344230,582.09,Medium Budget,Major Success
1427,Kindergarten Cop,Comedy,1990-12-21,PG-13,Universal Pictures,111,26000000,91457688,110542312,202000000,6.0,9627125,0,1990,12,176000000,676.92,Medium Budget,Major Success
1428,Pineapple Express,Comedy,2008-08-06,R,Sony Pictures,117,26000000,87341380,15062639,102404019,7.0,9193829,0,2008,8,76404019,293.86,Medium Budget,Major Success
1429,Philadelphia,Drama,1993-12-22,PG-13,Sony/TriStar,125,26000000,77324422,124000000,201324422,7.7,8139413,0,1993,12,175324422,674.32,Medium Budget,Major Success
1430,Ever After: A Cinderella Story,Drama,1998-07-31,PG,20th Century Fox,121,26000000,65705772,0,65705772,7.0,6916397,0,1998,7,39705772,152.71,Medium Budget,Profit
1431,A Bridge Too Far,Action,1977-06-15,PG,United Artists,175,26000000,50800000,0,50800000,7.4,5347368,0,1977,6,24800000,95.38,Medium Budget,Profit
1432,Pain & Gain,Action,2013-04-26,R,Paramount,129,26000000,49875291,31400000,81275291,6.5,5250031,0,2013,4,55275291,212.6,Medium Budget,Major Success
1433,Final Destination 2,Horror,2003-01-31,R,New Line,90,26000000,46896664,43500000,90396664,6.2,4936491,0,2003,1,64396664,247.68,Medium Budget,Major Success
1434,"O Brother, Where Art Thou?",Comedy,2000-12-22,PG-13,Walt Disney,107,26000000,45506619,30257195,75763814,7.8,4790170,0,2000,12,49763814,191.4,Medium Budget,Profit
1435,In Good Company,Comedy,2004-12-29,PG-13,Universal Pictures,109,26000000,45489752,18000000,63489752,6.5,4788395,0,2004,12,37489752,144.19,Medium Budget,Profit
1436,Lawless,Drama,2012-08-29,R,Weinstein Co.,114,26000000,37397291,16996346,54393637,,3936557,0,2012,8,28393637,109.21,Medium Budget,Profit
1437,Clockstoppers,Adventure,2002-03-29,PG,Paramount,94,26000000,36985501,1803327,38788828,5.2,3893211,0,2002,3,12788828,49.19,Medium Budget,Profit
1438,Brothers,Drama,2009-12-04,R,Lionsgate,105,26000000,28544157,16499713,45043870,7.1,3004648,0,2009,12,19043870,73.25,Medium Budget,Profit
1439,The Best of Me,Drama,2014-10-17,PG-13,Relativity,118,26000000,26766213,14293205,41059418,6.7,2817496,0,2014,10,15059418,57.92,Medium Budget,Profit
1440,Welcome to Mooseport,Comedy,2004-02-20,PG-13,20th Century Fox,110,26000000,14469428,0,14469428,5.2,1523098,0,2004,2,-11530572,-44.35,Medium Budget,Major Loss
1441,Highlander: The Final Dimension,Action,1995-01-27,PG-13,Miramax,99,26000000,13738574,0,13738574,4.3,1446166,0,1995,1,-12261426,-47.16,Medium Budget,Major Loss
1442,The Curse of the Jade Scorpion,Comedy,2001-08-24,PG-13,DreamWorks,103,26000000,7496522,11000000,18496522,6.8,789108,0,2001,8,-7503478,-28.86,Medium Budget,Loss
1443,The Fifth Estate,Drama,2013-10-18,R,Walt Disney,128,26000000,3254172,2900000,6154172,6.2,342544,0,2013,10,-19845828,-76.33,Medium Budget,Major Loss
1444,Blood Ties,Drama,2014-03-21,R,Roadside Attractions,144,26000000,42472,2881487,2923959,6.5,4471,0,2014,3,-23076041,-88.75,Medium Budget,Major Loss
1445,The Grimm Brothers' Snow White,Horror,1997-08-24,PG-13,Gramercy,98,26000000,5000,0,5000,,526,0,1997,8,-25995000,-99.98,Medium Budget,Major Loss
1446,Accidental Love,Comedy,2015-03-17,PG-13,Alchemy,100,26000000,0,135436,135436,4.0,0,0,2015,3,-25864564,-99.48,Medium Budget,Major Loss
1447,Flipper,Adventure,1996-05-17,PG,Universal Pictures,95,25530000,20080020,10513293,30593313,5.2,2113686,0,1996,5,5063313,19.83,Medium Budget,Profit
1448,The Constant Gardener,Drama,2005-08-31,R,Focus Features,129,25500000,33579798,52721801,86301599,7.5,3534716,0,2005,8,60801599,238.44,Medium Budget,Major Success
1449,W.,Drama,2008-10-17,PG-13,Lionsgate,129,25100000,25534493,3041285,28575778,6.4,2687841,0,2008,10,3475778,13.85,Medium Budget,Profit
1450,The Passion of the Christ,Drama,2004-02-25,R,Newmarket Films,120,25000000,370782930,251558994,622341924,7.1,39029782,0,2004,2,597341924,2389.37,Medium Budget,Major Success
1451,Mrs. Doubtfire,Comedy,1993-11-24,PG-13,20th Century Fox,125,25000000,219195051,222090952,441286003,6.9,23073163,0,1993,11,416286003,1665.14,Medium Budget,Major Success
1452,Rain Man,Comedy,1988-12-16,R,MGM,133,25000000,172825435,239974565,412800000,8.0,18192151,0,1988,12,387800000,1551.2,Medium Budget,Major Success
1453,The Help,Drama,2011-08-10,PG-13,Walt Disney,146,25000000,169705587,43414417,213120004,8.1,17863746,0,2011,8,188120004,752.48,Medium Budget,Major Success
1454,Hidden Figures,Drama,2016-12-25,PG,20th Century Fox,114,25000000,169607287,62164429,231771716,,17853399,0,2016,12,206771716,827.09,Medium Budget,Major Success
1455,Gran Torino,Drama,2008-12-12,R,Warner Bros,116,25000000,148095302,126447783,274543085,8.2,15588979,0,2008,12,249543085,998.17,Medium Budget,Major Success
1456,Ride Along,Comedy,2014-01-17,PG-13,Universal Pictures,99,25000000,134202565,19531235,153733800,6.2,14126586,0,2014,1,128733800,514.94,Medium Budget,Major Success
1457,Schindler’s List,Drama,1993-12-15,R,Universal Pictures,185,25000000,96067179,225298388,321365567,8.9,10112335,0,1993,12,296365567,1185.46,Medium Budget,Major Success
1458,Scooby-Doo 2: Monsters Unleashed,Adventure,2004-03-26,PG,Warner Bros,93,25000000,84185387,97000000,181185387,4.9,8861620,0,2004,3,156185387,624.74,Medium Budget,Major Success
1459,Freddy vs. Jason,Horror,2003-08-15,R,New Line,97,25000000,82622655,31953748,114576403,5.8,8697122,0,2003,8,89576403,358.31,Medium Budget,Major Success
1460,Bridge to Terabithia,Drama,2007-02-16,PG,Walt Disney,96,25000000,82234139,55750649,137984788,7.2,8656225,0,2007,2,112984788,451.94,Medium Budget,Major Success
1461,Jimmy Neutron: Boy Genius,Adventure,2001-12-21,G,Paramount,82,25000000,80936232,22056304,102992536,6.0,8519603,0,2001,12,77992536,311.97,Medium Budget,Major Success
1462,Cloverfield,Action,2008-01-18,PG-13,Paramount,85,25000000,80048433,91253793,171302226,7.0,8426151,0,2008,1,146302226,585.21,Medium Budget,Major Success
1463,Dear John,Drama,2010-02-05,PG-13,Sony Pictures,108,25000000,80014842,62018667,142033509,6.3,8422615,0,2010,2,117033509,468.13,Medium Budget,Major Success
1464,Parental Guidance,Adventure,2012-12-25,PG,20th Century Fox,105,25000000,77267296,43565087,120832383,6.1,8133400,0,2012,12,95832383,383.33,Medium Budget,Major Success
1465,The Untouchables,Action,1987-06-03,R,Paramount,119,25000000,76270454,0,76270454,7.9,8028469,0,1987,6,51270454,205.08,Medium Budget,Major Success
1466,No Country for Old Men,Action,2007-11-09,R,Miramax,122,25000000,74273505,89762248,164035753,8.1,7818264,0,2007,11,139035753,556.14,Medium Budget,Major Success
1467,Contraband,Action,2012-01-13,R,Universal Pictures,109,25000000,66528000,31878855,98406855,6.5,7002947,0,2012,1,73406855,293.63,Medium Budget,Major Success
1468,A Dog’s Purpose,Drama,2017-01-27,PG,Universal Pictures,114,25000000,64321890,139409817,203731707,,6770725,0,2017,1,178731707,714.93,Medium Budget,Major Success
1469,The Lucky One,Drama,2012-04-20,PG-13,Warner Bros,101,25000000,60457138,36176695,96633833,6.5,6363909,0,2012,4,71633833,286.54,Medium Budget,Major Success
1470,Romeo Must Die,Action,2000-03-22,R,Warner Bros,115,25000000,55973336,35063424,91036760,6.1,5891930,0,2000,3,66036760,264.15,Medium Budget,Major Success
1471,Final Destination 3,Horror,2006-02-10,R,New Line,86,25000000,54098051,58700000,112798051,5.8,5694532,0,2006,2,87798051,351.19,Medium Budget,Major Success
1472,Madea's Big Happy Family,Drama,2011-04-22,PG-13,Lionsgate,114,25000000,53345287,815531,54160818,,5615293,0,2011,4,29160818,116.64,Medium Budget,Profit
1473,Tyler Perry's A Madea Christmas,Comedy,2013-12-13,PG-13,Lionsgate,98,25000000,52543354,0,52543354,,5530879,0,2013,12,27543354,110.17,Medium Budget,Profit
1474,Finding Neverland,Drama,2004-11-12,PG,Miramax,101,25000000,51676606,63359502,115036108,7.8,5439643,0,2004,11,90036108,360.14,Medium Budget,Major Success
1475,Cobra,Action,1986-05-23,R,Cannon,109,25000000,49042224,0,49042224,,5162339,0,1986,5,24042224,96.17,Medium Budget,Profit
1476,The House Bunny,Comedy,2008-08-22,PG-13,Sony Pictures,97,25000000,48237389,23153212,71390601,5.5,5077620,0,2008,8,46390601,185.56,Medium Budget,Profit
1477,Agent Cody Banks,Adventure,2003-03-14,PG,MGM,102,25000000,47545060,10695398,58240458,5.0,5004743,0,2003,3,33240458,132.96,Medium Budget,Profit
1478,Nanny McPhee,Adventure,2006-01-27,PG,Universal Pictures,97,25000000,47279279,81466299,128745578,6.6,4976766,0,2006,1,103745578,414.98,Medium Budget,Major Success
1479,Goodfellas,Drama,1990-09-19,R,Warner Bros,146,25000000,46743809,33538,46777347,8.7,4920401,0,1990,9,21777347,87.11,Medium Budget,Profit
1480,The Giver,Drama,2014-08-15,PG-13,Weinstein Co.,97,25000000,45090374,10000000,55090374,6.5,4746355,0,2014,8,30090374,120.36,Medium Budget,Profit
1481,Nothing To Lose,Comedy,1997-07-18,R,Walt Disney,98,25000000,44480039,20114022,64594061,6.7,4682109,0,1997,7,39594061,158.38,Medium Budget,Profit
1482,The Last Emperor,Drama,1987-11-20,PG-13,Sony Pictures,219,25000000,43984987,20086,44005073,7.8,4629999,0,1987,11,19005073,76.02,Medium Budget,Profit
1483,The Night Before,Comedy,2015-11-20,R,Sony Pictures,98,25000000,43035725,9391621,52427346,,4530076,0,2015,11,27427346,109.71,Medium Budget,Profit
1484,The Beverly Hillbillies,Comedy,1993-10-15,PG,20th Century Fox,98,25000000,42222647,13375834,55598481,,4444489,0,1993,10,30598481,122.39,Medium Budget,Profit
1485,The Hours,Drama,2002-12-27,PG-13,Paramount,114,25000000,41675994,55354474,97030468,7.6,4386947,0,2002,12,72030468,288.12,Medium Budget,Major Success
1486,Money Talks,Action,1997-08-22,R,New Line,97,25000000,41076865,0,41076865,6.1,4323881,0,1997,8,16076865,64.31,Medium Budget,Profit
1487,There Will Be Blood,Drama,2007-12-26,R,Paramount Vantage,158,25000000,40222514,36986197,77208711,8.1,4233949,0,2007,12,52208711,208.83,Medium Budget,Major Success
1488,The Wild Thornberrys Movie,Adventure,2002-12-20,PG,Paramount,85,25000000,40108697,20586040,60694737,5.2,4221968,0,2002,12,35694737,142.78,Medium Budget,Profit
1489,Rugrats Go Wild,Adventure,2003-06-13,PG,Paramount,80,25000000,39402572,16040460,55443032,5.6,4147639,0,2003,6,30443032,121.77,Medium Budget,Profit
1490,Undercover Brother,Comedy,2002-05-31,PG-13,Universal Pictures,86,25000000,38230435,2565710,40796145,5.8,4024256,0,2002,5,15796145,63.18,Medium Budget,Profit
1491,Kiss of the Dragon,Action,2001-07-06,R,20th Century Fox,98,25000000,36833473,0,36833473,6.6,3877208,0,2001,7,11833473,47.33,Medium Budget,Profit
1492,Million Dollar Arm,Drama,2014-05-16,PG,Walt Disney,124,25000000,36447959,2769953,39217912,7.0,3836627,0,2014,5,14217912,56.87,Medium Budget,Profit
1493,Beauty Shop,Comedy,2004-01-01,PG-13,MGM,105,25000000,36351350,2000000,38351350,5.5,3826458,0,2004,1,13351350,53.41,Medium Budget,Profit
1494,What a Girl Wants,Comedy,2003-04-04,PG,Warner Bros,105,25000000,35990505,0,35990505,5.8,3788474,0,2003,4,10990505,43.96,Medium Budget,Profit
1495,Jeepers Creepers II,Horror,2003-08-29,R,MGM,104,25000000,35623801,84300000,119923801,5.6,3749874,0,2003,8,94923801,379.7,Medium Budget,Major Success
1496,Cradle 2 the Grave,Action,2003-02-28,R,Warner Bros,101,25000000,34657731,21777211,56434942,5.8,3648182,0,2003,2,31434942,125.74,Medium Budget,Profit
1497,Mr. Bean’s Holiday,Adventure,2007-08-24,G,Universal Pictures,90,25000000,33302167,201679175,234981342,6.3,3505491,0,2007,8,209981342,839.93,Medium Budget,Major Success
1498,Bride of Chucky,Horror,1998-10-16,R,Universal Pictures,89,25000000,32404188,18288000,50692188,5.3,3410967,0,1998,10,25692188,102.77,Medium Budget,Profit
1499,Fist Fight,Comedy,2017-02-17,R,Warner Bros,98,25000000,32187017,8100000,40287017,,3388107,0,2017,2,15287017,61.15,Medium Budget,Profit
1500,August Rush,Drama,2007-11-21,PG,Warner Bros,114,25000000,31664162,34351707,66015869,7.5,3333070,0,2007,11,41015869,164.06,Medium Budget,Profit
1501,The Sitter,Comedy,2011-12-09,R,20th Century Fox,87,25000000,30542576,8206828,38749404,5.7,3215008,0,2011,12,13749404,55.0,Medium Budget,Profit
1502,Elizabeth,Drama,1998-11-06,R,Gramercy,124,25000000,30082699,52067943,82150642,7.5,3166600,0,1998,11,57150642,228.6,Medium Budget,Major Success
1503,Spice World,Comedy,1998-01-23,PG,Sony Pictures,93,25000000,29342592,26700000,56042592,3.3,3088694,0,1998,1,31042592,124.17,Medium Budget,Profit
1504,Draft Day,Drama,2014-04-11,PG-13,Lionsgate,110,25000000,28842237,1005243,29847480,6.8,3036025,0,2014,4,4847480,19.39,Medium Budget,Profit
1505,The Shawshank Redemption,Drama,1994-09-23,R,Sony Pictures,142,25000000,28241469,65623,28307092,9.3,2972786,0,1994,9,3307092,13.23,Medium Budget,Profit
1506,Rings,Horror,2017-02-03,PG-13,Paramount,98,25000000,27793018,55140183,82933201,,2925581,0,2017,2,57933201,231.73,Medium Budget,Major Success
1507,Dance Flick,Comedy,2009-05-22,PG-13,Paramount,88,25000000,25794018,6430606,32224624,3.5,2715160,0,2009,5,7224624,28.9,Medium Budget,Profit
1508,Crocodile Dundee in Los Angeles,Adventure,2001-04-20,PG,Paramount,92,25000000,25590119,13802992,39393111,4.8,2693697,0,2001,4,14393111,57.57,Medium Budget,Profit
1509,Kingpin,Comedy,1996-07-26,R,MGM,117,25000000,25023424,7200000,32223424,6.9,2634045,0,1996,7,7223424,28.89,Medium Budget,Profit
1510,Ice Princess,Comedy,2005-03-18,G,Walt Disney,98,25000000,24381334,1351000,25732334,6.0,2566456,0,2005,3,732334,2.93,Medium Budget,Profit
1511,Don't Be Afraid of the Dark,Horror,2011-08-26,R,FilmDistrict,99,25000000,24046682,15079745,39126427,5.6,2531230,0,2011,8,14126427,56.51,Medium Budget,Profit
1512,The Losers,Action,2010-04-23,PG-13,Warner Bros,97,25000000,23591432,6272408,29863840,6.4,2483309,0,2010,4,4863840,19.46,Medium Budget,Profit
1513,War,Action,2007-08-24,R,Lionsgate,103,25000000,22486409,18200000,40686409,6.3,2366990,0,2007,8,15686409,62.75,Medium Budget,Profit
1514,Don Juan DeMarco,Drama,1995-04-07,PG-13,New Line,97,25000000,22032635,0,22032635,6.8,2319225,0,1995,4,-2967365,-11.87,Medium Budget,Loss
1515,A Lot Like Love,Comedy,2005-04-22,PG-13,Walt Disney,107,25000000,21835784,20085806,41921590,6.6,2298504,0,2005,4,16921590,67.69,Medium Budget,Profit
1516,He Got Game,Drama,1998-05-01,R,Walt Disney,136,25000000,21567853,844095,22411948,6.9,2270300,0,1998,5,-2588052,-10.35,Medium Budget,Loss
1517,The Eagle,Action,2011-02-11,PG-13,Focus Features,109,25000000,19490041,19503507,38993548,,2051583,0,2011,2,13993548,55.97,Medium Budget,Profit
1518,Shaun the Sheep,Adventure,2015-08-05,PG,Lionsgate,70,25000000,19375982,82551080,101927062,8.3,2039577,0,2015,8,76927062,307.71,Medium Budget,Major Success
1519,Shark Night 3D,Horror,2011-09-02,PG-13,Relativity,90,25000000,18877153,0,18877153,4.0,1987069,0,2011,9,-6122847,-24.49,Medium Budget,Loss
1520,CHiPS,Action,2017-03-24,R,Warner Bros,109,25000000,18600152,4590545,23190697,,1957911,0,2017,3,-1809303,-7.24,Medium Budget,Loss
1521,Punch-Drunk Love,Comedy,2002-10-11,R,Sony Pictures,95,25000000,17791031,6800000,24591031,7.3,1872740,0,2002,10,-408969,-1.64,Medium Budget,Loss
1522,Eurotrip,Comedy,2004-02-20,R,DreamWorks,93,25000000,17718223,3000000,20718223,6.6,1865076,0,2004,2,-4281777,-17.13,Medium Budget,Loss
1523,Father Figures,Comedy,2017-12-22,R,Warner Bros,98,25000000,17501244,3537582,21038826,,1842236,0,2017,12,-3961174,-15.84,Medium Budget,Loss
1524,The Ruins,Horror,2008-04-04,R,Paramount,93,25000000,17432844,5477719,22910563,5.9,1835036,0,2008,4,-2089437,-8.36,Medium Budget,Loss
1525,Unaccompanied Minors,Adventure,2006-12-08,PG,Warner Bros,90,25000000,16655224,5315607,21970831,5.1,1753181,0,2006,12,-3029169,-12.12,Medium Budget,Loss
1526,"Bright Lights, Big City",Drama,1988-04-01,R,United Artists,107,25000000,16118077,0,16118077,5.6,1696640,0,1988,4,-8881923,-35.53,Medium Budget,Loss
1527,Half Past Dead,Action,2002-11-15,PG-13,Sony Pictures,98,25000000,15567860,3665420,19233280,4.6,1638722,0,2002,11,-5766720,-23.07,Medium Budget,Loss
1528,Legend,Adventure,1986-04-18,PG,Universal Pictures,132,25000000,15502112,8004125,23506237,7.0,1631801,0,1986,4,-1493763,-5.98,Medium Budget,Loss
1529,The Adventures of Pinocchio,Adventure,1996-07-26,G,New Line,90,25000000,15382170,21300000,36682170,5.3,1619176,0,1996,7,11682170,46.73,Medium Budget,Profit
1530,The Greatest Game Ever Played,Drama,2005-09-30,PG,Walt Disney,120,25000000,15331289,136977,15468266,7.5,1613820,0,2005,9,-9531734,-38.13,Medium Budget,Loss
1531,The Next Best Thing,Drama,2000-03-03,PG-13,Paramount,99,25000000,14983572,9372190,24355762,4.7,1577218,0,2000,3,-644238,-2.58,Medium Budget,Loss
1532,My Soul to Take,Horror,2010-10-08,R,Universal Pictures,107,25000000,14744435,1983035,16727470,4.8,1552046,0,2010,10,-8272530,-33.09,Medium Budget,Loss
1533,Fly Me To the Moon,Adventure,2008-08-15,G,Summit Entertainment,97,25000000,14543943,28986338,43530281,,1530941,0,2008,8,18530281,74.12,Medium Budget,Profit
1534,Maximum Risk,Action,1996-09-13,R,Sony Pictures,101,25000000,14102929,37600000,51702929,5.4,1484519,0,1996,9,26702929,106.81,Medium Budget,Profit
1535,Stealing Harvard,Comedy,2002-09-13,PG-13,Sony Pictures,85,25000000,13973532,0,13973532,5.1,1470898,0,2002,9,-11026468,-44.11,Medium Budget,Major Loss
1536,Hot Rod,Comedy,2007-08-03,PG-13,Paramount,88,25000000,13938332,396069,14334401,6.7,1467193,0,2007,8,-10665599,-42.66,Medium Budget,Major Loss
1537,Warrior,Drama,2011-09-09,PG-13,Lionsgate,140,25000000,13657115,10558270,24215385,8.2,1437591,0,2011,9,-784615,-3.14,Medium Budget,Loss
1538,Angela's Ashes,Drama,1999-12-24,R,Paramount,145,25000000,13038660,0,13038660,7.3,1372491,0,1999,12,-11961340,-47.85,Medium Budget,Major Loss
1539,Battle of the Sexes,Drama,2017-09-22,PG-13,Fox Searchlight,114,25000000,12638526,5806568,18445094,,1330371,0,2017,9,-6554906,-26.22,Medium Budget,Loss
1540,Cirque du Soleil: Worlds Away,Drama,2012-12-21,PG,Paramount,91,25000000,12512862,15500000,28012862,6.8,1317143,0,2012,12,3012862,12.05,Medium Budget,Profit
1541,The 33,Drama,2015-11-13,PG-13,Warner Bros,127,25000000,12227722,16172993,28400715,6.9,1287129,0,2015,11,3400715,13.6,Medium Budget,Profit
1542,Lifeforce,Horror,1985-06-21,R,Sony/TriStar,101,25000000,11603545,0,11603545,6.1,1221426,0,1985,6,-13396455,-53.59,Medium Budget,Major Loss
1543,The Conspirator,Drama,2011-04-15,PG-13,Roadside Attractions,122,25000000,11538204,4369207,15907411,7.0,1214548,0,2011,4,-9092589,-36.37,Medium Budget,Loss
1544,The Powerpuff Girls,Adventure,2002-07-03,PG,Warner Bros,70,25000000,11411644,5014057,16425701,7.2,1201226,0,2002,7,-8574299,-34.3,Medium Budget,Loss
1545,The Lords of Dogtown,Action,2005-06-03,PG-13,Sony/TriStar,107,25000000,11273517,2150848,13424365,7.1,1186686,0,2005,6,-11575635,-46.3,Medium Budget,Major Loss
1546,Big Trouble in Little China,Action,1986-07-01,NR,20th Century Fox,99,25000000,11100000,0,11100000,7.3,1168421,0,1986,7,-13900000,-55.6,Medium Budget,Major Loss
1547,Michael Collins,Drama,1996-10-11,R,Warner Bros,133,25000000,11092559,16480285,27572844,7.1,1167638,0,1996,10,2572844,10.29,Medium Budget,Profit
1548,Stop-Loss,Drama,2008-03-28,R,Paramount,112,25000000,10915744,313291,11229035,6.5,1149026,0,2008,3,-13770965,-55.08,Medium Budget,Major Loss
1549,Gettysburg,Drama,1993-10-08,PG,New Line,240,25000000,10731997,0,10731997,7.7,1129684,0,1993,10,-14268003,-57.07,Medium Budget,Major Loss
1550,Brokedown Palace,Drama,1999-08-13,PG-13,20th Century Fox,100,25000000,10115014,1000752,11115766,6.4,1064738,0,1999,8,-13884234,-55.54,Medium Budget,Major Loss
1551,Possession,Drama,2002-08-16,PG-13,Focus Features,92,25000000,10103647,4702165,14805812,5.9,1063542,0,2002,8,-10194188,-40.78,Medium Budget,Major Loss
1552,Stone Cold,Action,1991-05-17,R,Sony Pictures,88,25000000,9286314,0,9286314,5.9,977507,0,1991,5,-15713686,-62.85,Medium Budget,Major Loss
1553,The Road,Drama,2009-11-25,R,Weinstein Co.,111,25000000,8114270,21092462,29206732,7.3,854134,0,2009,11,4206732,16.83,Medium Budget,Profit
1554,The Hoax,Drama,2007-04-06,R,Walt Disney,116,25000000,7164995,0,7164995,6.7,754210,0,2007,4,-17835005,-71.34,Medium Budget,Major Loss
1555,Sheena,Adventure,1984-08-17,NR,Sony Pictures,117,25000000,5778353,0,5778353,4.8,608248,0,1984,8,-19221647,-76.89,Medium Budget,Major Loss
1556,Say It Isn't So,Comedy,2001-03-23,R,20th Century Fox,95,25000000,5516708,0,5516708,4.9,580706,0,2001,3,-19483292,-77.93,Medium Budget,Major Loss
1557,The World's Fastest Indian,Drama,2005-12-07,PG-13,Magnolia Pictures,127,25000000,5128124,13863164,18991288,7.9,539803,0,2005,12,-6008712,-24.03,Medium Budget,Loss
1558,Tank Girl,Action,1995-03-01,R,MGM,104,25000000,4064333,0,4064333,5.2,427825,0,1995,3,-20935667,-83.74,Medium Budget,Major Loss
1559,King's Ransom,Comedy,2005-04-22,PG-13,New Line,95,25000000,4008527,41000,4049527,4.1,421950,0,2005,4,-20950473,-83.8,Medium Budget,Major Loss
1560,Carnage,Drama,2011-12-16,R,Sony Pictures Classics,80,25000000,2546747,35565407,38112154,7.2,268079,0,2011,12,13112154,52.45,Medium Budget,Profit
1561,Tulip Fever,Drama,2017-09-01,R,Weinstein Co.,114,25000000,2455635,4043141,6498776,,258488,0,2017,9,-18501224,-74.0,Medium Budget,Major Loss
1562,BloodRayne,Action,2006-01-06,R,Romar,92,25000000,2405420,1200000,3605420,2.9,253202,0,2006,1,-21394580,-85.58,Medium Budget,Major Loss
1563,Me and Orson Welles,Drama,2009-11-25,PG-13,Freestyle Releasing,107,25000000,1190003,0,1190003,6.8,125263,0,2009,11,-23809997,-95.24,Medium Budget,Major Loss
1564,Without Limits,Drama,1998-09-11,PG-13,Warner Bros,117,25000000,780326,0,780326,7.2,82140,0,1998,9,-24219674,-96.88,Medium Budget,Major Loss
1565,On the Road,Drama,2013-03-22,R,IFC Films,137,25000000,720828,8592474,9313302,6.1,75877,0,2013,3,-15686698,-62.75,Medium Budget,Major Loss
1566,Love Ranch,Drama,2010-06-30,R,Independent,117,25000000,137885,8264,146149,5.7,14514,0,2010,6,-24853851,-99.42,Medium Budget,Major Loss
1567,Ironclad,Action,2011-07-08,R,ARC Entertainment,121,25000000,0,5297411,5297411,6.2,0,0,2011,7,-19702589,-78.81,Medium Budget,Major Loss
1568,Star Trek IV: The Voyage Home,Adventure,1986-11-26,PG,Paramount,119,24000000,109713132,23286868,133000000,7.3,11548751,0,1986,11,109000000,454.17,Medium Budget,Major Success
1569,Scream 2,Horror,1997-12-12,R,Miramax,120,24000000,101363301,71000000,172363301,6.1,10669821,0,1997,12,148363301,618.18,Medium Budget,Major Success
1570,Old School,Comedy,2003-02-21,R,DreamWorks,88,24000000,75155000,11610463,86765463,7.2,7911053,0,2003,2,62765463,261.52,Medium Budget,Major Success
1571,Rocky Balboa,Drama,2006-12-20,PG,MGM,139,24000000,70269899,85959151,156229050,7.2,7396831,0,2006,12,132229050,550.95,Medium Budget,Major Success
1572,Fences,Drama,2016-12-16,PG-13,Paramount,114,24000000,57682904,6599977,64282881,,6071885,0,2016,12,40282881,167.85,Medium Budget,Profit
1573,The Whole Nine Yards,Comedy,2000-02-18,R,Warner Bros,98,24000000,57262492,28265375,85527867,6.7,6027631,0,2000,2,61527867,256.37,Medium Budget,Major Success
1574,Going in Style,Comedy,2017-04-07,PG-13,Warner Bros,98,24000000,45018541,33654562,78673103,,4738794,0,2017,4,54673103,227.8,Medium Budget,Major Success
1575,Point Break,Action,1991-07-12,R,20th Century Fox,114,24000000,43218387,40313571,83531958,5.3,4549304,0,1991,7,59531958,248.05,Medium Budget,Major Success
1576,The Fisher King,Drama,1991-09-20,R,Sony Pictures,137,24000000,41798224,0,41798224,7.6,4399813,0,1991,9,17798224,74.16,Medium Budget,Profit
1577,Zack and Miri Make a Porno,Comedy,2008-10-31,R,Weinstein Co.,101,24000000,31457946,5398360,36856306,6.6,3311363,0,2008,10,12856306,53.57,Medium Budget,Profit
1578,Double Take,Action,2001-01-12,PG-13,Walt Disney,88,24000000,29823162,0,29823162,5.3,3139280,0,2001,1,5823162,24.26,Medium Budget,Profit
1579,"Girl, Interrupted",Drama,1999-12-21,R,Sony Pictures,127,24000000,28871190,0,28871190,7.3,3039073,0,1999,12,4871190,20.3,Medium Budget,Profit
1580,Piranha 3D,Horror,2010-08-20,R,Weinstein/Dimension,88,24000000,25003155,58657005,83660160,5.5,2631911,0,2010,8,59660160,248.58,Medium Budget,Major Success
1581,Faster,Action,2010-11-24,R,CBS Films,98,24000000,23240020,12552925,35792945,6.5,2446318,0,2010,11,11792945,49.14,Medium Budget,Profit
1582,Muppets From Space,Adventure,1999-07-14,G,Sony Pictures,87,24000000,16304786,0,16304786,6.2,1716293,0,1999,7,-7695214,-32.06,Medium Budget,Loss
1583,Ready to Rumble,Comedy,2000-04-07,PG-13,Warner Bros,107,24000000,12372410,0,12372410,5.3,1302359,0,2000,4,-11627590,-48.45,Medium Budget,Major Loss
1584,I Don't Know How She Does It,Comedy,2011-09-16,PG-13,Weinstein Co.,89,24000000,9659074,14815389,24474463,4.9,1016745,0,2011,9,474463,1.98,Medium Budget,Profit
1585,Play it to the Bone,Comedy,1999-12-24,R,Walt Disney,124,24000000,8427204,0,8427204,5.4,887074,0,1999,12,-15572796,-64.89,Medium Budget,Major Loss
1586,Beyond the Sea,Drama,2004-12-17,PG-13,Lionsgate,118,24000000,6144806,2148108,8292914,6.7,646822,0,2004,12,-15707086,-65.45,Medium Budget,Major Loss
1587,Hauru no ugoku shiro,Adventure,2005-06-10,PG,Walt Disney,97,24000000,4710455,233103872,237814327,,495837,0,2005,6,213814327,890.89,Medium Budget,Major Success
1588,Meet the Deedles,Comedy,1998-03-27,PG,Walt Disney,93,24000000,4356126,0,4356126,3.9,458540,0,1998,3,-19643874,-81.85,Medium Budget,Major Loss
1589,The Thief and the Cobbler,Adventure,1995-08-25,G,Miramax,97,24000000,669276,0,669276,,70450,0,1995,8,-23330724,-97.21,Medium Budget,Major Loss
1590,The Bridge of San Luis Rey,Drama,2005-06-10,PG,Fine Line,120,24000000,49981,1646784,1696765,5.1,5261,0,2005,6,-22303235,-92.93,Medium Budget,Major Loss
1591,Zombieland,Comedy,2009-10-02,R,Sony Pictures,88,23600000,75590286,26646310,102236596,7.7,7956872,0,2009,10,78636596,333.21,Medium Budget,Major Success
1592,The Waterboy,Comedy,1998-11-06,PG-13,Walt Disney,90,23000000,161491646,28700000,190191646,6.1,16999121,0,1998,11,167191646,726.92,Medium Budget,Major Success
1593,Bad Boys,Action,1995-04-07,R,Sony Pictures,119,23000000,65647413,75600000,141247413,6.8,6910254,0,1995,4,118247413,514.12,Medium Budget,Major Success
1594,The Wedding Ringer,Comedy,2015-01-16,R,Sony Pictures,98,23000000,64460211,15711385,80171596,,6785285,0,2015,1,57171596,248.57,Medium Budget,Major Success
1595,Final Destination,Horror,2000-03-17,R,New Line,98,23000000,53302314,58734556,112036870,6.7,5610770,0,2000,3,89036870,387.12,Medium Budget,Major Success
1596,King Kong,Action,1976-12-17,PG,Paramount,201,23000000,52614445,38000000,90614445,7.2,5538363,0,1976,12,67614445,293.98,Medium Budget,Major Success
1597,The Ides of March,Drama,2011-10-07,R,Sony Pictures,101,23000000,40962534,36773391,77735925,7.1,4311846,0,2011,10,54735925,237.98,Medium Budget,Major Success
1598,Pitch Black,Horror,2000-02-18,R,USA Films,112,23000000,39235088,13947000,53182088,7.1,4130009,0,2000,2,30182088,131.23,Medium Budget,Profit
1599,Her,Drama,2014-01-10,R,Warner Bros,126,23000000,25568251,22690780,48259031,8.0,2691395,0,2014,1,25259031,109.82,Medium Budget,Profit
1600,Kari gurashi no Arietti,Adventure,2012-02-17,G,Walt Disney,97,23000000,19192510,132303587,151496097,,2020264,0,2012,2,128496097,558.68,Medium Budget,Major Success
1601,Anywhere But Here,Drama,1999-11-12,PG-13,20th Century Fox,114,23000000,18653615,0,18653615,6.1,1963538,0,1999,11,-4346385,-18.9,Medium Budget,Loss
1602,Vanity Fair,Drama,2004-09-01,PG-13,Focus Features,141,23000000,16123851,3000000,19123851,6.2,1697247,0,2004,9,-3876149,-16.85,Medium Budget,Loss
1603,Eddie the Eagle,Drama,2016-02-26,PG-13,20th Century Fox,106,23000000,15789389,29271788,45061177,7.5,1662041,0,2016,2,22061177,95.92,Medium Budget,Profit
1604,Jaws 4: The Revenge,Horror,1987-07-17,PG-13,Universal Pictures,98,23000000,15728335,0,15728335,,1655614,0,1987,7,-7271665,-31.62,Medium Budget,Loss
1605,The Crew,Comedy,2000-08-25,PG-13,Walt Disney,88,23000000,13019253,0,13019253,5.6,1370448,0,2000,8,-9980747,-43.39,Medium Budget,Loss
1606,Marvin's Room,Drama,1996-12-20,PG-13,Miramax,98,23000000,12803305,0,12803305,6.7,1347716,0,1996,12,-10196695,-44.33,Medium Budget,Major Loss
1607,The Longshots,Drama,2008-08-22,PG,MGM,94,23000000,11511323,267073,11778396,5.1,1211718,0,2008,8,-11221604,-48.79,Medium Budget,Major Loss
1608,The End of the Affair,Drama,1999-12-03,R,Sony Pictures,102,23000000,10660147,0,10660147,7.2,1122121,0,1999,12,-12339853,-53.65,Medium Budget,Major Loss
1609,In the Valley of Elah,Drama,2007-09-14,R,Warner Bros,121,23000000,6777741,17711409,24489150,7.2,713446,0,2007,9,1489150,6.47,Medium Budget,Profit
1610,Coco avant Chanel,Drama,2009-09-25,PG-13,Sony Pictures Classics,114,23000000,6113834,44700000,50813834,,643561,0,2009,9,27813834,120.93,Medium Budget,Profit
1611,Chéri,Drama,2009-06-26,R,Miramax,100,23000000,2715657,0,2715657,6.2,285859,0,2009,6,-20284343,-88.19,Medium Budget,Major Loss
1612,Rogue,Horror,2008-04-25,R,Weinstein Co.,70,23000000,10452,4662925,4673377,6.8,1100,0,2008,4,-18326623,-79.68,Medium Budget,Major Loss
1613,Spaceballs,Comedy,1987-06-24,PG,MGM,96,22700000,38119483,0,38119483,7.1,4012577,0,1987,6,15419483,67.93,Medium Budget,Profit
1614,The Water Diviner,Drama,2015-04-24,R,Warner Bros,111,22500000,4200117,26664532,30864649,7.1,442118,0,2015,4,8364649,37.18,Medium Budget,Profit
1615,Ghost,Drama,1990-07-13,PG-13,Paramount,127,22000000,217631306,299968694,517600000,7.0,22908559,0,1990,7,495600000,2252.73,Medium Budget,Major Success
1616,The Santa Clause,Adventure,1994-11-11,PG,Walt Disney,97,22000000,144833357,44966643,189800000,6.4,15245617,0,1994,11,167800000,762.73,Medium Budget,Major Success
1617,The Game Plan,Comedy,2007-09-28,PG,Walt Disney,110,22000000,90648202,55942785,146590987,6.2,9541916,0,2007,9,124590987,566.32,Medium Budget,Major Success
1618,The Rookie,Drama,2002-03-29,G,Walt Disney,127,22000000,75600072,4891444,80491516,7.0,7957902,0,2002,3,58491516,265.87,Medium Budget,Major Success
1619,The Bridges of Madison County,Drama,1995-06-02,PG-13,Warner Bros,135,22000000,71516617,104000000,175516617,7.5,7528065,0,1995,6,153516617,697.8,Medium Budget,Major Success
1620,Son of God,Drama,2014-02-28,PG-13,20th Century Fox,170,22000000,59700064,11249729,70949793,5.6,6284217,0,2014,2,48949793,222.5,Medium Budget,Profit
1621,The Animal,Comedy,2001-06-01,PG-13,Sony Pictures,84,22000000,55762229,0,55762229,4.8,5869708,0,2001,6,33762229,153.46,Medium Budget,Profit
1622,Gandhi,Drama,1982-12-08,PG,Sony Pictures,240,22000000,52767889,75000000,127767889,8.1,5554515,0,1982,12,105767889,480.76,Medium Budget,Major Success
1623,Underworld,Action,2003-09-19,R,Sony Pictures,133,22000000,51970690,43737767,95708457,7.0,5470599,0,2003,9,73708457,335.04,Medium Budget,Major Success
1624,Diary of a Wimpy Kid: Dog Days,Adventure,2012-08-03,PG,20th Century Fox,94,22000000,49008662,28221033,77229695,6.4,5158807,0,2012,8,55229695,251.04,Medium Budget,Major Success
1625,I Am Sam,Drama,2001-12-28,PG-13,New Line,132,22000000,40270895,52271523,92542418,7.6,4239042,0,2001,12,70542418,320.65,Medium Budget,Major Success
1626,Derailed,Action,2005-11-11,R,Weinstein Co.,112,22000000,36020063,21500000,57520063,6.6,3791586,0,2005,11,35520063,161.45,Medium Budget,Profit
1627,Delivery Man,Comedy,2013-11-22,PG-13,Walt Disney,105,22000000,30659817,39877053,70536870,6.4,3227349,0,2013,11,48536870,220.62,Medium Budget,Profit
1628,"Hail, Caesar!",Comedy,2016-02-05,PG-13,Universal Pictures,106,22000000,30080225,34091194,64171419,6.4,3166339,0,2016,2,42171419,191.69,Medium Budget,Profit
1629,Jay and Silent Bob Strike Back,Comedy,2001-08-24,R,Miramax/Dimension,104,22000000,30059386,3703014,33762400,6.9,3164146,0,2001,8,11762400,53.47,Medium Budget,Profit
1630,Shadowlands,Drama,1993-12-29,R,Savoy,115,22000000,25842377,0,25842377,7.4,2720250,0,1993,12,3842377,17.47,Medium Budget,Profit
1631,Deuce Bigalow: European Gigolo,Comedy,2005-08-12,R,Sony Pictures,83,22000000,22400154,22873310,45273464,4.6,2357911,0,2005,8,23273464,105.79,Medium Budget,Profit
1632,Diary of a Wimpy Kid: The Long Haul,Adventure,2017-05-19,PG,20th Century Fox,97,22000000,20738724,14870010,35608734,,2183024,0,2017,5,13608734,61.86,Medium Budget,Profit
1633,Mad Money,Comedy,2008-01-18,PG-13,Overture Films,104,22000000,20668843,4375214,25044057,5.8,2175668,0,2008,1,3044057,13.84,Medium Budget,Profit
1634,Homefront,Action,2013-11-27,R,Open Road,100,22000000,20158492,31536870,51695362,6.5,2121947,0,2013,11,29695362,134.98,Medium Budget,Profit
1635,Igor,Adventure,2008-09-19,PG,MGM,97,22000000,19528602,11484747,31013349,,2055642,0,2008,9,9013349,40.97,Medium Budget,Profit
1636,Saving Silverman,Comedy,2001-02-09,R,Sony Pictures,96,22000000,19351569,6521573,25873142,5.9,2037007,0,2001,2,3873142,17.61,Medium Budget,Profit
1637,Summer of Sam,Drama,1999-07-02,R,Walt Disney,142,22000000,19288130,0,19288130,6.6,2030329,0,1999,7,-2711870,-12.33,Medium Budget,Loss
1638,The Transporter Refueled,Action,2015-09-04,PG-13,EuropaCorp,96,22000000,16029670,53668825,69698495,5.1,1687334,0,2015,9,47698495,216.81,Medium Budget,Profit
1639,Josie and the Pussycats,Comedy,2001-04-11,PG-13,Universal Pictures,98,22000000,14252830,0,14252830,5.3,1500298,0,2001,4,-7747170,-35.21,Medium Budget,Loss
1640,Hit & Run,Comedy,2012-08-22,R,Open Road,100,22000000,13749300,3467655,17216955,6.1,1447295,0,2012,8,-4783045,-21.74,Medium Budget,Loss
1641,The Little Vampire,Adventure,2000-10-27,PG,New Line,95,22000000,13555988,0,13555988,5.7,1426946,0,2000,10,-8444012,-38.38,Medium Budget,Loss
1642,I Heart Huckabees,Comedy,2004-10-01,R,Fox Searchlight,107,22000000,12784713,7250000,20034713,6.7,1345759,0,2004,10,-1965287,-8.93,Medium Budget,Loss
1643,"Roman J. Israel, Esq.",Drama,2017-11-17,PG-13,Sony Pictures,114,22000000,11962712,1004300,12967012,,1259233,0,2017,11,-9032988,-41.06,Medium Budget,Loss
1644,Out of the Furnace,Drama,2013-12-04,R,Relativity,116,22000000,11330849,4103526,15434375,6.8,1192721,0,2013,12,-6565625,-29.84,Medium Budget,Loss
1645,RoboCop 3,Action,1993-11-05,PG-13,Orion Pictures,104,22000000,10696210,0,10696210,3.9,1125917,0,1993,11,-11303790,-51.38,Medium Budget,Major Loss
1646,Dudley Do-Right,Adventure,1999-08-27,PG,Universal Pictures,77,22000000,9818792,0,9818792,3.8,1033557,0,1999,8,-12181208,-55.37,Medium Budget,Major Loss
1647,Just Getting Started,Comedy,2017-12-08,PG-13,Broad Green Pictures,98,22000000,6069605,686847,6756452,,638906,0,2017,12,-15243548,-69.29,Medium Budget,Major Loss
1648,Megiddo: Omega Code 2,Action,2001-09-21,PG-13,8X Entertainment,109,22000000,6047691,0,6047691,,636599,0,2001,9,-15952309,-72.51,Medium Budget,Major Loss
1649,Darling Lili,Drama,1970-01-01,NR,Independent,143,22000000,5000000,0,5000000,6.2,526316,0,1970,1,-17000000,-77.27,Medium Budget,Major Loss
1650,The Libertine,Drama,2005-11-23,R,Weinstein Co.,114,22000000,4835065,4613558,9448623,6.4,508954,0,2005,11,-12551377,-57.05,Medium Budget,Major Loss
1651,Stone,Drama,2010-10-08,R,Overture Films,105,22000000,1810078,2254942,4065020,5.4,190535,0,2010,10,-17934980,-81.52,Medium Budget,Major Loss
1652,Joyeux Noël,Drama,2006-03-03,PG-13,Sony Pictures Classics,114,22000000,1054361,22079714,23134075,,110985,0,2006,3,1134075,5.15,Medium Budget,Profit
1653,Sorcerer,Adventure,1977-06-24,PG,Paramount,92,21600000,12000000,5968,12005968,7.7,1263158,0,1977,6,-9594032,-44.42,Medium Budget,Loss
1654,Molière,Comedy,2007-07-27,PG-13,Sony Pictures Classics,120,21600000,635733,155421,791154,7.3,66919,0,2007,7,-20808846,-96.34,Medium Budget,Major Loss
1655,Michael Clayton,Drama,2007-10-05,R,Warner Bros,119,21500000,49033882,43953769,92987651,7.3,5161461,0,2007,10,71487651,332.5,Medium Budget,Major Success
1656,My Fellow Americans,Comedy,1996-12-20,PG-13,Warner Bros,101,21500000,22331846,0,22331846,6.5,2350721,0,1996,12,831846,3.87,Medium Budget,Profit
1657,Silver Linings Playbook,Drama,2012-11-16,R,Weinstein Co.,122,21000000,132092958,104319495,236412453,7.8,13904522,0,2012,11,215412453,1025.77,Medium Budget,Major Success
1658,Blockers,Comedy,2018-04-06,R,Universal Pictures,98,21000000,59839515,33602980,93442495,,6298896,0,2018,4,72442495,344.96,Medium Budget,Major Success
1659,"South Park: Bigger, Longer & Uncut",Comedy,1999-06-30,R,Paramount,81,21000000,52037603,0,52037603,7.8,5477642,0,1999,6,31037603,147.8,Medium Budget,Profit
1660,Firefox,Action,1982-06-18,PG,Warner Bros,136,21000000,45785720,0,45785720,5.9,4819549,0,1982,6,24785720,118.03,Medium Budget,Profit
1661,Teenage Mutant Ninja Turtles III,Adventure,1993-03-19,PG,New Line,96,21000000,42273609,0,42273609,4.8,4449854,0,1993,3,21273609,101.3,Medium Budget,Profit
1662,Hardball,Drama,2001-09-14,PG-13,Paramount,106,21000000,40222729,3505831,43728560,6.3,4233971,0,2001,9,22728560,108.23,Medium Budget,Profit
1663,For Colored Girls,Drama,2010-11-05,R,Lionsgate,133,21000000,37729698,288175,38017873,6.0,3971547,0,2010,11,17017873,81.04,Medium Budget,Profit
1664,Freedom Writers,Drama,2007-01-05,PG-13,Paramount,123,21000000,36605602,7027007,43632609,7.5,3853221,0,2007,1,22632609,107.77,Medium Budget,Profit
1665,The Transporter,Action,2002-10-11,PG-13,20th Century Fox,92,21000000,25296447,18632485,43928932,6.8,2662784,0,2002,10,22928932,109.19,Medium Budget,Profit
1666,Never Back Down,Action,2008-03-14,PG-13,Summit Entertainment,110,21000000,24850922,14468879,39319801,6.6,2615887,0,2008,3,18319801,87.24,Medium Budget,Profit
1667,The Rage: Carrie 2,Horror,1999-03-12,R,MGM,104,21000000,17760244,0,17760244,4.6,1869499,0,1999,3,-3239756,-15.43,Medium Budget,Loss
1668,Swing Vote,Comedy,2008-08-01,PG-13,Walt Disney,120,21000000,16289867,1300000,17589867,6.1,1714723,0,2008,8,-3410133,-16.24,Medium Budget,Loss
1669,Away We Go,Comedy,2009-06-05,R,Focus Features,98,21000000,9451946,656070,10108016,7.1,994942,0,2009,6,-10891984,-51.87,Medium Budget,Major Loss
1670,Moonlight Mile,Drama,2002-09-27,PG-13,Walt Disney,112,21000000,6830957,0,6830957,6.7,719048,0,2002,9,-14169043,-67.47,Medium Budget,Major Loss
1671,The Beaver,Comedy,2011-05-06,PG-13,Summit Entertainment,91,21000000,970816,4075222,5046038,6.7,102191,0,2011,5,-15953962,-75.97,Medium Budget,Major Loss
1672,Bitter Harvest,Drama,2017-02-24,R,Roadside Attractions,114,21000000,557241,48921,606162,,58657,0,2017,2,-20393838,-97.11,Medium Budget,Major Loss
1673,The Best Little Whorehouse in Texas,Comedy,1982-07-23,R,Universal Pictures,114,20500000,69701637,0,69701637,5.8,7337014,0,1982,7,49201637,240.01,Medium Budget,Profit
1674,Pulse,Horror,2006-08-11,R,Weinstein/Dimension,90,20500000,20264436,9976999,30241435,4.7,2133099,0,2006,8,9741435,47.52,Medium Budget,Profit
1675,Raiders of the Lost Ark,Adventure,1981-06-12,PG,Paramount,115,20000000,225686079,141766000,367452079,8.5,23756429,0,1981,6,347452079,1737.26,Medium Budget,Major Success
1676,Home Alone 2: Lost in New York,Adventure,1992-11-20,PG,20th Century Fox,120,20000000,173585516,185409334,358994850,6.6,18272160,0,1992,11,338994850,1694.97,Medium Budget,Major Success
1677,Close Encounters of the Third Kind,Adventure,1977-11-16,PG,Columbia,135,20000000,169100479,171700000,340800479,7.7,17800050,0,1977,11,320800479,1604.0,Medium Budget,Major Success
1678,Beverly Hills Cop II,Action,1987-05-20,R,Paramount,100,20000000,153665036,123000000,276665036,6.4,16175267,0,1987,5,256665036,1283.33,Medium Budget,Major Success
1679,The Conjuring,Horror,2013-07-19,R,Warner Bros,112,20000000,137400141,180600000,318000141,7.5,14463173,0,2013,7,298000141,1490.0,Medium Budget,Major Success
1680,Bringing Down the House,Comedy,2003-03-07,PG-13,Walt Disney,105,20000000,132675402,32000000,164675402,5.5,13965832,0,2003,3,144675402,723.38,Medium Budget,Major Success
1681,Wonder,Drama,2017-11-17,PG,Lionsgate,114,20000000,132422809,172628309,305051118,,13939243,0,2017,11,285051118,1425.26,Medium Budget,Major Success
1682,Wayne's World,Comedy,1992-02-14,PG-13,Paramount,94,20000000,121697323,61400000,183097323,7.0,12810245,0,1992,2,163097323,815.49,Medium Budget,Major Success
1683,Jackass 3D,Comedy,2010-10-15,R,Paramount,101,20000000,117229692,54456101,171685793,7.1,12339968,0,2010,10,151685793,758.43,Medium Budget,Major Success
1684,Bad Moms,Comedy,2016-07-29,R,STX Entertainment,100,20000000,113257297,67741780,180999077,6.7,11921821,0,2016,7,160999077,805.0,Medium Budget,Major Success
1685,Jaws 2,Horror,1978-06-16,PG,Universal Pictures,131,20000000,102922376,105978000,208900376,5.7,10833934,0,1978,6,188900376,944.5,Medium Budget,Major Success
1686,Beverly Hills Chihuahua,Adventure,2008-10-03,PG,Walt Disney,91,20000000,94514402,59703766,154218168,3.7,9948884,0,2008,10,134218168,671.09,Medium Budget,Major Success
1687,Tammy,Comedy,2014-07-02,R,Warner Bros,100,20000000,84525432,11882223,96407655,4.9,8897414,0,2014,7,76407655,382.04,Medium Budget,Major Success
1688,The Descendants,Drama,2011-11-16,R,Fox Searchlight,115,20000000,82624961,92882839,175507800,7.3,8697364,0,2011,11,155507800,777.54,Medium Budget,Major Success
1689,School of Rock,Comedy,2003-10-03,PG-13,Paramount,108,20000000,81261177,50683495,131944672,7.1,8553808,0,2003,10,111944672,559.72,Medium Budget,Major Success
1690,Free Willy,Adventure,1993-07-16,PG,Warner Bros,97,20000000,77698625,76000000,153698625,,8178803,0,1993,7,133698625,668.49,Medium Budget,Major Success
1691,Mortal Kombat,Action,1995-08-18,PG-13,New Line,101,20000000,70433227,51700000,122133227,5.8,7414024,0,1995,8,102133227,510.67,Medium Budget,Major Success
1692,White Chicks,Comedy,2004-06-23,PG-13,Sony Pictures,109,20000000,69148997,42300000,111448997,5.4,7278842,0,2004,6,91448997,457.24,Medium Budget,Major Success
1693,Holes,Drama,2003-04-18,PG,Walt Disney,117,20000000,67383924,3848290,71232214,7.1,7093045,0,2003,4,51232214,256.16,Medium Budget,Major Success
1694,The Last Song,Drama,2010-03-31,PG,Walt Disney,107,20000000,62950384,29728564,92678948,5.8,6626356,0,2010,3,72678948,363.39,Medium Budget,Major Success
1695,Why Did I Get Married Too?,Drama,2010-04-02,PG-13,Lionsgate,121,20000000,60095852,735215,60831067,4.4,6325879,0,2010,4,40831067,204.16,Medium Budget,Profit
1696,La vita è bella,Drama,1998-10-23,PG-13,Miramax,114,20000000,57598247,171787114,229385361,,6062973,0,1998,10,209385361,1046.93,Medium Budget,Major Success
1697,12 Years a Slave,Drama,2013-10-18,R,Fox Searchlight,134,20000000,56671993,124353350,181025343,8.1,5965473,0,2013,10,161025343,805.13,Medium Budget,Major Success
1698,Drumline,Comedy,2002-12-13,PG-13,20th Century Fox,118,20000000,56398162,0,56398162,5.7,5936649,0,2002,12,36398162,181.99,Medium Budget,Profit
1699,Me Before You,Drama,2016-06-03,PG-13,Warner Bros,110,20000000,56245075,152069111,208314186,7.6,5920534,0,2016,6,188314186,941.57,Medium Budget,Major Success
1700,Barbershop: The Next Cut,Comedy,2016-04-15,PG-13,Warner Bros,98,20000000,54030051,374151,54404202,,5687374,0,2016,4,34404202,172.02,Medium Budget,Profit
1701,Edward Scissorhands,Comedy,1990-12-07,PG-13,20th Century Fox,105,20000000,53976987,0,53976987,7.9,5681788,0,1990,12,33976987,169.88,Medium Budget,Profit
1702,Selma,Drama,2015-01-09,PG-13,Paramount,128,20000000,52076908,14699668,66776576,7.5,5481780,0,2015,1,46776576,233.88,Medium Budget,Profit
1703,Date Movie,Comedy,2006-02-17,PG-13,20th Century Fox,85,20000000,48548426,36597739,85146165,2.7,5110361,0,2006,2,65146165,325.73,Medium Budget,Major Success
1704,Peter Pan: Return to Neverland,Adventure,2002-02-15,G,Walt Disney,97,20000000,48430258,61432424,109862682,,5097922,0,2002,2,89862682,449.31,Medium Budget,Major Success
1705,The Jungle Book 2,Adventure,2003-02-14,G,Walt Disney,72,20000000,47901582,92220643,140122225,5.4,5042272,0,2003,2,120122225,600.61,Medium Budget,Major Success
1706,Boogeyman,Horror,2005-02-04,PG-13,Sony Pictures,89,20000000,46752382,20440477,67192859,4.1,4921303,0,2005,2,47192859,235.96,Medium Budget,Profit
1707,The Tigger Movie,Adventure,2000-02-11,G,Walt Disney,77,20000000,45542421,50605267,96147688,6.3,4793939,0,2000,2,76147688,380.74,Medium Budget,Major Success
1708,Spotlight,Drama,2015-11-06,R,Open Road,128,20000000,45055776,47053071,92108847,8.1,4742713,0,2015,11,72108847,360.54,Medium Budget,Major Success
1709,Max,Adventure,2015-06-26,PG,Warner Bros,111,20000000,42656255,1001902,43658157,6.8,4490132,0,2015,6,23658157,118.29,Medium Budget,Profit
1710,Meet the Browns,Comedy,2008-03-21,PG-13,Lionsgate,70,20000000,41975388,0,41975388,3.5,4418462,0,2008,3,21975388,109.88,Medium Budget,Profit
1711,Orphan,Drama,2009-07-24,R,Warner Bros,123,20000000,41596251,37173177,78769428,7.0,4378553,0,2009,7,58769428,293.85,Medium Budget,Major Success
1712,The Star,Adventure,2017-11-17,PG,Sony Pictures,97,20000000,40847995,21910015,62758010,,4299789,0,2017,11,42758010,213.79,Medium Budget,Profit
1713,Epic Movie,Comedy,2007-01-26,PG-13,20th Century Fox,93,20000000,39739367,47119211,86858578,2.3,4183091,0,2007,1,66858578,334.29,Medium Budget,Major Success
1714,The Grudge 2,Horror,2006-10-13,PG-13,Sony Pictures,137,20000000,39143839,31600000,70743839,5.0,4120404,0,2006,10,50743839,253.72,Medium Budget,Major Success
1715,Conan the Barbarian,Action,1982-05-14,NR,Universal Pictures,129,20000000,38264085,40850000,79114085,6.9,4027798,0,1982,5,59114085,295.57,Medium Budget,Major Success
1716,How Stella Got Her Groove Back,Drama,1998-08-14,R,20th Century Fox,124,20000000,37672944,0,37672944,5.5,3965573,0,1998,8,17672944,88.36,Medium Budget,Profit
1717,Bill & Ted's Bogus Journey,Adventure,1991-07-19,PG,Orion Pictures,93,20000000,37537675,0,37537675,6.2,3951334,0,1991,7,17537675,87.69,Medium Budget,Profit
1718,Man of the Year,Comedy,2006-10-13,PG-13,Universal Pictures,115,20000000,37442180,3900000,41342180,6.2,3941282,0,2006,10,21342180,106.71,Medium Budget,Profit
1719,Risen,Drama,2016-02-19,PG-13,Sony Pictures,107,20000000,36880033,9375730,46255763,6.3,3882109,0,2016,2,26255763,131.28,Medium Budget,Profit
1720,Vampires Suck,Comedy,2010-08-18,PG-13,20th Century Fox,82,20000000,36661504,44763484,81424988,3.5,3859106,0,2010,8,61424988,307.12,Medium Budget,Major Success
1721,Selena,Drama,1997-03-21,PG,Warner Bros,127,20000000,35450113,0,35450113,6.7,3731591,0,1997,3,15450113,77.25,Medium Budget,Profit
1722,A Very Harold & Kumar 3D Christmas,Comedy,2011-11-04,R,Warner Bros,90,20000000,35061031,1204714,36265745,6.3,3690635,0,2011,11,16265745,81.33,Medium Budget,Profit
1723,Texas Chainsaw 3D,Horror,2013-01-04,R,Lionsgate,92,20000000,34341945,13324068,47666013,4.8,3614942,0,2013,1,27666013,138.33,Medium Budget,Profit
1724,Babel,Drama,2006-10-27,R,Paramount Vantage,143,20000000,34302837,97818375,132121212,7.5,3610825,0,2006,10,112121212,560.61,Medium Budget,Major Success
1725,This is Where I Leave You,Comedy,2014-09-19,R,Warner Bros,103,20000000,34296320,7000000,41296320,6.6,3610139,0,2014,9,21296320,106.48,Medium Budget,Profit
1726,Doubt,Drama,2008-12-12,PG-13,Miramax,104,20000000,33446470,19744631,53191101,7.5,3520681,0,2008,12,33191101,165.96,Medium Budget,Profit
1727,Team America: World Police,Comedy,2004-10-15,R,Paramount,98,20000000,32774834,18173977,50948811,7.2,3449983,0,2004,10,30948811,154.74,Medium Budget,Profit
1728,Scary Movie V,Comedy,2013-04-12,PG-13,Weinstein Co.,88,20000000,32015787,46598194,78613981,3.5,3370083,0,2013,4,58613981,293.07,Medium Budget,Major Success
1729,Milk,Drama,2008-11-26,R,Focus Features,128,20000000,31841299,25452072,57293371,7.6,3351716,0,2008,11,37293371,186.47,Medium Budget,Profit
1730,Ghost Ship,Horror,2002-10-25,R,Warner Bros,91,20000000,30113491,38236393,68349884,5.5,3169841,0,2002,10,48349884,241.75,Medium Budget,Profit
1731,Daybreakers,Horror,2010-01-08,R,Lionsgate,98,20000000,30101577,21343926,51445503,6.5,3168587,0,2010,1,31445503,157.23,Medium Budget,Profit
1732,High Fidelity,Comedy,2000-03-31,R,Walt Disney,113,20000000,27277055,20604608,47881663,7.6,2871269,0,2000,3,27881663,139.41,Medium Budget,Profit
1733,Stick It,Comedy,2006-04-28,PG-13,Walt Disney,103,20000000,26910736,3488978,30399714,6.4,2832709,0,2006,4,10399714,52.0,Medium Budget,Profit
1734,One Missed Call,Horror,2008-01-04,PG-13,Warner Bros,87,20000000,26890041,17623425,44513466,3.9,2830531,0,2008,1,24513466,122.57,Medium Budget,Profit
1735,Eye for an Eye,Drama,1996-01-12,R,Paramount,101,20000000,26792700,0,26792700,6.1,2820284,0,1996,1,6792700,33.96,Medium Budget,Profit
1736,The World's End,Comedy,2013-08-23,R,Focus Features,109,20000000,26004851,21503654,47508505,7.0,2737353,0,2013,8,27508505,137.54,Medium Budget,Profit
1737,From Dusk Till Dawn,Horror,1996-01-19,R,Miramax/Dimension,108,20000000,25728961,4025,25732986,7.3,2708312,0,1996,1,5732986,28.66,Medium Budget,Profit
1738,You Again,Comedy,2010-09-24,PG,Walt Disney,105,20000000,25702053,7136892,32838945,5.8,2705479,0,2010,9,12838945,64.19,Medium Budget,Profit
1739,Alpha and Omega 3D,Adventure,2010-09-17,PG,Lionsgate,97,20000000,25107267,23851086,48958353,,2642870,0,2010,9,28958353,144.79,Medium Budget,Profit
1740,Stay Alive,Horror,2006-03-24,PG-13,Walt Disney,75,20000000,23086480,101026,23187506,5.1,2430156,0,2006,3,3187506,15.94,Medium Budget,Profit
1741,2 For the Money,Drama,2005-10-07,R,Universal Pictures,114,20000000,22991379,7500000,30491379,,2420145,0,2005,10,10491379,52.46,Medium Budget,Profit
1742,Shorts,Adventure,2009-08-21,PG,Warner Bros,89,20000000,20919166,8951635,29870801,4.9,2202017,0,2009,8,9870801,49.35,Medium Budget,Profit
1743,Vampires,Horror,1998-10-30,R,Sony Pictures,104,20000000,20268825,0,20268825,6.1,2133561,0,1998,10,268825,1.34,Medium Budget,Profit
1744,Yu-Gi-Oh,Adventure,2004-08-13,PG,Warner Bros,97,20000000,19762690,9000000,28762690,,2080283,0,2004,8,8762690,43.81,Medium Budget,Profit
1745,Reign Over Me,Drama,2007-03-23,R,Sony Pictures,124,20000000,19661987,420000,20081987,7.5,2069683,0,2007,3,81987,0.41,Medium Budget,Profit
1746,My Best Friend's Girl,Comedy,2008-09-19,R,Lionsgate,112,20000000,19219250,15567861,34787111,5.9,2023079,0,2008,9,14787111,73.94,Medium Budget,Profit
1747,Georgia Rule,Drama,2007-05-11,R,Universal Pictures,113,20000000,18882880,1936721,20819601,5.9,1987672,0,2007,5,819601,4.1,Medium Budget,Profit
1748,Under the Rainbow,Comedy,1981-07-31,NR,Warner Bros,98,20000000,18826490,0,18826490,5.4,1981736,0,1981,7,-1173510,-5.87,Medium Budget,Loss
1749,Ladyhawke,Action,1985-04-12,NR,Warner Bros,121,20000000,18400000,0,18400000,7.0,1936842,0,1985,4,-1600000,-8.0,Medium Budget,Loss
1750,Into the Wild,Drama,2007-09-21,R,Paramount Vantage,148,20000000,18354356,38468604,56822960,8.2,1932037,0,2007,9,36822960,184.11,Medium Budget,Profit
1751,Simon Birch,Drama,1998-09-11,PG,Walt Disney,114,20000000,18253415,57176,18310591,6.9,1921412,0,1998,9,-1689409,-8.45,Medium Budget,Loss
1752,Pooh's Heffalump Movie,Adventure,2005-02-11,G,Walt Disney,70,20000000,18098433,37588511,55686944,6.4,1905098,0,2005,2,35686944,178.43,Medium Budget,Profit
1753,School for Scoundrels,Comedy,2006-09-29,PG-13,MGM,108,20000000,17807569,0,17807569,5.9,1874481,0,2006,9,-2192431,-10.96,Medium Budget,Loss
1754,Silent Hill: Revelation 3D,Horror,2012-10-26,R,Open Road,95,20000000,17530219,38445453,55975672,5.0,1845286,0,2012,10,35975672,179.88,Medium Budget,Profit
1755,Home for the Holidays,Comedy,1995-11-03,PG-13,Paramount,103,20000000,17468887,4650382,22119269,6.6,1838830,0,1995,11,2119269,10.6,Medium Budget,Profit
1756,The Zookeeper’s Wife,Drama,2017-03-31,PG-13,Focus Features,114,20000000,17445186,7076364,24521550,,1836335,0,2017,3,4521550,22.61,Medium Budget,Profit
1757,Fired Up,Comedy,2009-02-20,PG-13,Sony Pictures,70,20000000,17231291,1377279,18608570,6.7,1813820,0,2009,2,-1391430,-6.96,Medium Budget,Loss
1758,Kung Fu Hustle,Action,2005-04-08,R,Sony Pictures Classics,99,20000000,17104669,84929435,102034104,7.8,1800491,0,2005,4,82034104,410.17,Medium Budget,Major Success
1759,The Country Bears,Adventure,2002-07-26,G,Walt Disney,88,20000000,16988996,0,16988996,4.0,1788315,0,2002,7,-3011004,-15.06,Medium Budget,Loss
1760,Dead Silence,Horror,2007-03-16,R,Universal Pictures,98,20000000,16574590,4040071,20614661,,1744694,0,2007,3,614661,3.07,Medium Budget,Profit
1761,21 Grams,Drama,2003-11-21,R,Focus Features,124,20000000,16248701,43418924,59667625,7.7,1710390,0,2003,11,39667625,198.34,Medium Budget,Profit
1762,The Kite Runner,Drama,2007-12-14,PG-13,Paramount Vantage,128,20000000,15800078,58380667,74180745,7.6,1663166,0,2007,12,54180745,270.9,Medium Budget,Major Success
1763,The Greatest Story Ever Told,Drama,1965-02-15,G,MGM,225,20000000,15473333,0,15473333,6.6,1628772,0,1965,2,-4526667,-22.63,Medium Budget,Loss
1764,Twilight,Drama,1998-03-06,R,Paramount,122,20000000,15055091,0,15055091,5.2,1584746,0,1998,3,-4944909,-24.72,Medium Budget,Loss
1765,Disaster Movie,Comedy,2008-08-29,PG-13,Lionsgate,88,20000000,14190901,22529851,36720752,1.9,1493779,0,2008,8,16720752,83.6,Medium Budget,Profit
1766,The Man Who Knew Too Little,Comedy,1997-11-14,PG,Warner Bros,94,20000000,13801755,0,13801755,6.6,1452816,0,1997,11,-6198245,-30.99,Medium Budget,Loss
1767,Burnt,Comedy,2015-10-30,R,Weinstein Co.,101,20000000,13651946,23128949,36780895,6.6,1437047,0,2015,10,16780895,83.9,Medium Budget,Profit
1768,Envy,Comedy,2004-04-30,PG-13,DreamWorks,99,20000000,13548322,1017924,14566246,4.8,1426139,0,2004,4,-5433754,-27.17,Medium Budget,Loss
1769,One Night with the King,Drama,2006-10-13,PG,Rocky Mountain Pict…,123,20000000,13395961,329071,13725032,6.3,1410101,0,2006,10,-6274968,-31.37,Medium Budget,Loss
1770,Bullets Over Broadway,Comedy,1994-10-21,R,Miramax,98,20000000,13383747,0,13383747,7.5,1408815,0,1994,10,-6616253,-33.08,Medium Budget,Loss
1771,The Quiet American,Drama,2002-11-22,R,Miramax,101,20000000,12987647,13360556,26348203,7.1,1367121,0,2002,11,6348203,31.74,Medium Budget,Profit
1772,The Light Between Oceans,Drama,2016-09-02,PG-13,Walt Disney,114,20000000,12545979,9202998,21748977,,1320629,0,2016,9,1748977,8.74,Medium Budget,Profit
1773,The Weather Man,Drama,2005-10-28,R,Paramount,102,20000000,12482775,2984186,15466961,6.6,1313976,0,2005,10,-4533039,-22.67,Medium Budget,Loss
1774,Undisputed,Drama,2002-08-23,R,Miramax,94,20000000,12398628,0,12398628,6.1,1305119,0,2002,8,-7601372,-38.01,Medium Budget,Loss
1775,12 Rounds,Action,2009-03-27,PG-13,20th Century Fox,108,20000000,12234694,5071954,17306648,5.6,1287863,0,2009,3,-2693352,-13.47,Medium Budget,Loss
1776,3 Ninjas Kick Back,Action,1994-05-06,PG,Walt Disney,93,20000000,11744960,0,11744960,4.3,1236312,0,1994,5,-8255040,-41.28,Medium Budget,Loss
1777,Be Kind Rewind,Comedy,2008-02-22,PG-13,New Line,102,20000000,11175164,19719083,30894247,6.4,1176333,0,2008,2,10894247,54.47,Medium Budget,Profit
1778,Mrs. Henderson Presents,Comedy,2005-12-09,R,Weinstein Co.,103,20000000,11036366,16800000,27836366,7.1,1161723,0,2005,12,7836366,39.18,Medium Budget,Profit
1779,We're No Angels,Comedy,1989-12-15,PG-13,Paramount,106,20000000,10555348,0,10555348,6.0,1111089,0,1989,12,-9444652,-47.22,Medium Budget,Loss
1780,Death Sentence,Action,2007-08-31,R,20th Century Fox,111,20000000,9534258,7373573,16907831,6.8,1003606,0,2007,8,-3092169,-15.46,Medium Budget,Loss
1781,Popstar: Never Stop Never Stopping,Comedy,2016-06-03,R,Universal Pictures,98,20000000,9496130,40990,9537120,,999593,0,2016,6,-10462880,-52.31,Medium Budget,Major Loss
1782,Thank You for Your Service,Drama,2017-10-27,R,Universal Pictures,114,20000000,9479390,505926,9985316,,997831,0,2017,10,-10014684,-50.07,Medium Budget,Major Loss
1783,Everybody's Fine,Drama,2009-12-04,PG-13,Miramax,99,20000000,9208876,0,9208876,7.2,969355,0,2009,12,-10791124,-53.96,Medium Budget,Major Loss
1784,Superbabies: Baby Geniuses 2,Adventure,2004-08-27,PG,Sony Pictures,88,20000000,9109322,246047,9355369,1.9,958876,0,2004,8,-10644631,-53.22,Medium Budget,Major Loss
1785,Battle of the Year,Drama,2013-09-20,PG-13,Sony Pictures,110,20000000,8888355,7835022,16723377,5.0,935616,0,2013,9,-3276623,-16.38,Medium Budget,Loss
1786,Ratchet and Clank,Adventure,2016-04-29,PG,Focus Features,97,20000000,8813410,3956059,12769469,,927727,0,2016,4,-7230531,-36.15,Medium Budget,Loss
1787,Death at a Funeral,Comedy,2007-08-17,R,MGM,87,20000000,8580428,38210000,46790428,7.4,903203,0,2007,8,26790428,133.95,Medium Budget,Profit
1788,The Man,Comedy,2005-09-09,PG-13,New Line,83,20000000,8330720,2062976,10393696,5.5,876918,0,2005,9,-9606304,-48.03,Medium Budget,Loss
1789,Code Name: The Cleaner,Comedy,2007-01-05,PG-13,New Line,91,20000000,8135024,0,8135024,4.5,856318,0,2007,1,-11864976,-59.32,Medium Budget,Major Loss
1790,Inherent Vice,Drama,2014-12-12,R,Warner Bros,148,20000000,8110975,6661371,14772346,6.7,853787,0,2014,12,-5227654,-26.14,Medium Budget,Loss
1791,Connie & Carla,Comedy,2004-04-16,PG-13,Universal Pictures,108,20000000,8047525,0,8047525,6.3,847108,0,2004,4,-11952475,-59.76,Medium Budget,Major Loss
1792,Machete Kills,Action,2013-10-11,R,Open Road,107,20000000,8008161,10264848,18273009,5.6,842964,0,2013,10,-1726991,-8.63,Medium Budget,Loss
1793,Doogal,Adventure,2006-02-24,G,Weinstein Co.,77,20000000,7578946,20479706,28058652,2.8,797784,0,2006,2,8058652,40.29,Medium Budget,Profit
1794,Proof,Drama,2005-09-16,PG-13,Miramax,114,20000000,7535331,749000,8284331,,793193,0,2005,9,-11715669,-58.58,Medium Budget,Major Loss
1795,An American Carol,Comedy,2008-10-03,PG-13,Vivendi Entertainment,83,20000000,7013191,8992,7022183,4.3,738231,0,2008,10,-12977817,-64.89,Medium Budget,Major Loss
1796,Willard,Horror,2003-03-14,PG-13,New Line,100,20000000,6882696,0,6882696,6.2,724494,0,2003,3,-13117304,-65.59,Medium Budget,Major Loss
1797,Strange Wilderness,Comedy,2008-02-01,R,Paramount Vantage,87,20000000,6575282,371802,6947084,5.3,692135,0,2008,2,-13052916,-65.26,Medium Budget,Major Loss
1798,Little Boy,Drama,2015-04-24,PG-13,Open Road,106,20000000,6485961,11282429,17768390,7.4,682733,0,2015,4,-2231610,-11.16,Medium Budget,Loss
1799,Chasing Mavericks,Drama,2012-10-26,PG,20th Century Fox,116,20000000,6002756,2298065,8300821,7.2,631869,0,2012,10,-11699179,-58.5,Medium Budget,Major Loss
1800,A Most Violent Year,Drama,2014-12-31,R,A24,125,20000000,5749134,2649157,8398291,7.0,605172,0,2014,12,-11601709,-58.01,Medium Budget,Major Loss
1801,A Dangerous Method,Drama,2011-11-23,R,Sony Pictures Classics,99,20000000,5702083,9105448,14807531,6.5,600219,0,2011,11,-5192469,-25.96,Medium Budget,Loss
1802,Bandslam,Comedy,2009-08-14,PG,Summit Entertainment,111,20000000,5210988,7756841,12967829,6.4,548525,0,2009,8,-7032171,-35.16,Medium Budget,Loss
1803,Alone in the Dark,Horror,2005-01-28,R,Lionsgate,94,20000000,5178569,3000000,8178569,2.3,545113,0,2005,1,-11821431,-59.11,Medium Budget,Major Loss
1804,Birth,Drama,2004-10-29,R,New Line,100,20000000,5005899,9597102,14603001,6.1,526937,0,2004,10,-5396999,-26.98,Medium Budget,Loss
1805,Hands of Stone,Drama,2016-08-26,R,Weinstein Co.,105,20000000,4712792,319221,5032013,7.2,496083,0,2016,8,-14967987,-74.84,Medium Budget,Major Loss
1806,Flash of Genius,Drama,2008-10-03,PG-13,Universal Pictures,119,20000000,4442377,61734,4504111,7.0,467619,0,2008,10,-15495889,-77.48,Medium Budget,Major Loss
1807,I’m Not There,Drama,2007-11-21,R,Weinstein Co.,135,20000000,4017609,8380004,12397613,7.0,422906,0,2007,11,-7602387,-38.01,Medium Budget,Loss
1808,"Synecdoche, New York",Drama,2008-10-24,R,Sony Pictures Classics,124,20000000,3083538,1300000,4383538,7.5,324583,0,2008,10,-15616462,-78.08,Medium Budget,Major Loss
1809,LBJ,Drama,2017-11-03,R,Electric Entertainment,114,20000000,2468683,38498,2507181,,259861,0,2017,11,-17492819,-87.46,Medium Budget,Major Loss
1810,Mononoke-hime,Action,1999-10-29,PG-13,Miramax,109,20000000,2374107,147975893,150350000,,249906,0,1999,10,130350000,651.75,Medium Budget,Major Success
1811,Bon Voyage,Comedy,2004-03-19,PG-13,Sony Pictures,114,20000000,2353728,6008008,8361736,6.9,247761,0,2004,3,-11638264,-58.19,Medium Budget,Major Loss
1812,My All-American,Drama,2015-11-13,PG,Clarius Entertainment,114,20000000,2246000,0,2246000,,236421,0,2015,11,-17754000,-88.77,Medium Budget,Major Loss
1813,Marci X,Comedy,2003-08-22,R,Paramount,80,20000000,1646664,0,1646664,2.8,173333,0,2003,8,-18353336,-91.77,Medium Budget,Major Loss
1814,Equilibrium,Action,2002-12-06,R,Miramax/Dimension,107,20000000,1190018,4155851,5345869,7.5,125265,0,2002,12,-14654131,-73.27,Medium Budget,Major Loss
1815,Dylan Dog: Dead of Night,Horror,2011-04-29,PG-13,Omin/Freestyle,107,20000000,1186538,4907187,6093725,5.1,124899,0,2011,4,-13906275,-69.53,Medium Budget,Major Loss
1816,The Children of Huang Shi,Drama,2008-05-23,R,Sony Pictures Classics,125,20000000,1031872,7189828,8221700,7.1,108618,0,2008,5,-11778300,-58.89,Medium Budget,Major Loss
1817,The Yards,Drama,2000-10-20,R,Miramax,115,20000000,882710,1400000,2282710,6.4,92917,0,2000,10,-17717290,-88.59,Medium Budget,Major Loss
1818,Middle Men,Comedy,2010-08-06,R,Paramount Vantage,98,20000000,754301,0,754301,,79400,0,2010,8,-19245699,-96.23,Medium Budget,Major Loss
1819,All Good Things,Drama,2010-12-03,R,Magnolia Pictures,101,20000000,582024,291593,873617,6.3,61266,0,2010,12,-19126383,-95.63,Medium Budget,Major Loss
1820,By the Sea,Drama,2015-11-13,R,Universal Pictures,122,20000000,538460,3189286,3727746,5.3,56680,0,2015,11,-16272254,-81.36,Medium Budget,Major Loss
1821,Steamboy,Action,2005-03-18,PG-13,Sony Pictures,103,20000000,468867,10000000,10468867,6.9,49354,0,2005,3,-9531133,-47.66,Medium Budget,Loss
1822,The Game of Their Lives,Drama,2005-04-22,PG,IFC Films,101,20000000,375474,0,375474,6.2,39524,0,2005,4,-19624526,-98.12,Medium Budget,Major Loss
1823,The Tempest,Drama,2010-12-10,PG-13,Miramax,110,20000000,277943,0,277943,5.4,29257,0,2010,12,-19722057,-98.61,Medium Budget,Major Loss
1824,長江七號 (CJ7),Adventure,2008-03-07,PG,Sony Pictures Classics,86,20000000,206678,47094093,47300771,6.5,21756,0,2008,3,27300771,136.5,Medium Budget,Profit
1825,The Burning Plain,Drama,2009-09-18,R,Magnolia Pictures,114,20000000,200730,966362,1167092,,21129,0,2009,9,-18832908,-94.16,Medium Budget,Major Loss
1826,The Touch,Adventure,2004-03-31,PG-13,Miramax,70,20000000,0,5918742,5918742,5.2,0,0,2004,3,-14081258,-70.41,Medium Budget,Major Loss
1827,Dwegons and Leprechauns,Adventure,2014-08-29,PG,Independent,98,20000000,0,0,0,4.8,0,0,2014,8,-20000000,-100.0,Medium Budget,Major Loss
1828,Der Baader Meinhof Komplex,Action,2009-08-21,R,Vitagraph Films,109,19700000,476270,16022557,16498827,,50134,0,2009,8,-3201173,-16.25,Medium Budget,Loss
1829,The Shape of Water,Drama,2017-12-01,R,Fox Searchlight,114,19500000,63859435,125398758,189258193,,6722046,0,2017,12,169758193,870.55,Medium Budget,Major Success
1830,De rouille et d’os,Drama,2012-11-23,R,Sony Pictures Classics,114,19500000,2061449,27332185,29393634,,216995,0,2012,11,9893634,50.74,Medium Budget,Profit
1831,The Painted Veil,Drama,2006-12-20,PG-13,Warner Independent,125,19400000,8060487,7058308,15118795,7.5,848472,0,2006,12,-4281205,-22.07,Medium Budget,Loss
1832,The Devil's Double,Drama,2011-07-29,R,Lionsgate,109,19100000,1361512,4604134,5965646,7.1,143317,0,2011,7,-13134354,-68.77,Medium Budget,Major Loss
1833,Back to the Future,Adventure,1985-07-03,PG,Universal Pictures,116,19000000,212259762,173265100,385524862,8.5,22343133,0,1985,7,366524862,1929.08,Medium Budget,Major Success
1834,Scary Movie,Comedy,2000-07-07,R,Miramax/Dimension,98,19000000,157019771,120180229,277200000,,16528397,0,2000,7,258200000,1358.95,Medium Budget,Major Success
1835,Bad Teacher,Comedy,2011-06-24,R,Sony Pictures,97,19000000,100292856,115156141,215448997,5.7,10557143,0,2011,6,196448997,1033.94,Medium Budget,Major Success
1836,Sausage Party,Comedy,2016-08-12,R,Sony Pictures,89,19000000,97670358,43684036,141354394,7.5,10281090,0,2016,8,122354394,643.97,Medium Budget,Major Success
1837,I Can Do Bad All By Myself,Comedy,2009-09-11,PG-13,Lionsgate,113,19000000,51733921,0,51733921,4.1,5445676,0,2009,9,32733921,172.28,Medium Budget,Profit
1838,The Shining,Horror,1980-05-23,R,Warner Bros,146,19000000,44017374,710853,44728227,8.4,4633408,0,1980,5,25728227,135.41,Medium Budget,Profit
1839,Thirteen Ghosts,Horror,2001-10-26,R,Warner Bros,98,19000000,41867960,26600000,68467960,,4407154,0,2001,10,49467960,260.36,Medium Budget,Profit
1840,House on Haunted Hill,Horror,1999-10-29,R,Warner Bros,93,19000000,40846082,24244459,65090541,5.6,4299588,0,1999,10,46090541,242.58,Medium Budget,Profit
1841,Notorious,Drama,2009-01-16,R,Fox Searchlight,114,19000000,36843682,8128501,44972183,,3878282,0,2009,1,25972183,136.7,Medium Budget,Profit
1842,The Book Thief,Drama,2013-11-08,PG-13,20th Century Fox,131,19000000,21488481,54598230,76086711,7.6,2261945,0,2013,11,57086711,300.46,Medium Budget,Major Success
1843,"Gone, Baby, Gone",Drama,2007-10-19,R,Miramax,70,19000000,20300218,14051944,34352162,6.6,2136865,0,2007,10,15352162,80.8,Medium Budget,Profit
1844,Thomas and the Magic Railroad,Adventure,2000-07-26,G,Destination Films,85,19000000,15911332,0,15911332,3.6,1674877,0,2000,7,-3088668,-16.26,Medium Budget,Loss
1845,Sen to Chihiro no Kamikakushi,Adventure,2002-09-20,PG,Walt Disney,97,19000000,10049886,264900000,274949886,,1057883,0,2002,9,255949886,1347.1,Medium Budget,Major Success
1846,Sex Drive,Comedy,2008-10-17,R,Summit Entertainment,129,19000000,8402485,2010000,10412485,6.5,884472,0,2008,10,-8587515,-45.2,Medium Budget,Loss
1847,Firestorm,Action,1998-01-09,R,20th Century Fox,118,19000000,8123860,0,8123860,6.2,855143,0,1998,1,-10876140,-57.24,Medium Budget,Major Loss
1848,Take Me Home Tonight,Comedy,2011-03-04,R,Relativity,97,19000000,6928068,648536,7576604,6.3,729270,0,2011,3,-11423396,-60.12,Medium Budget,Major Loss
1849,Won't Back Down,Drama,2012-09-28,PG,20th Century Fox,121,19000000,5310554,434949,5745503,6.4,559006,0,2012,9,-13254497,-69.76,Medium Budget,Major Loss
1850,Action Point,Comedy,2018-06-01,R,Paramount,98,19000000,5059608,44067,5103675,,532590,0,2018,6,-13896325,-73.14,Medium Budget,Major Loss
1851,Kansas City,Drama,1996-08-16,R,New Line,116,19000000,1353824,0,1353824,6.3,142508,0,1996,8,-17646176,-92.87,Medium Budget,Major Loss
1852,George A. Romero's Land of the Dead,Horror,2005-06-24,R,Universal Pictures,98,18975000,20700082,27050933,47751015,,2178956,0,2005,6,28776015,151.65,Medium Budget,Profit
1853,Adaptation,Comedy,2002-12-06,R,Sony Pictures,81,18500000,22498520,10033239,32531759,7.7,2368265,0,2002,12,14031759,75.85,Medium Budget,Profit
1854,The Invention of Lying,Comedy,2009-10-02,PG-13,Warner Bros,100,18500000,18451251,14228013,32679264,6.4,1942237,0,2009,10,14179264,76.64,Medium Budget,Profit
1855,Fear and Loathing in Las Vegas,Comedy,1998-05-22,R,Universal Pictures,118,18500000,10680275,3031628,13711903,7.7,1124239,0,1998,5,-4788097,-25.88,Medium Budget,Loss
1856,Left Behind,Drama,2001-02-02,PG-13,Cloud Ten Pictures,110,18500000,4221341,0,4221341,3.1,444352,0,2001,2,-14278659,-77.18,Medium Budget,Major Loss
1857,Borat,Comedy,2006-11-03,R,20th Century Fox,98,18000000,128505958,132937284,261443242,,13526943,0,2006,11,243443242,1352.46,Medium Budget,Major Success
1858,The Mask,Comedy,1994-07-29,PG-13,New Line,114,18000000,119920129,231700000,351620129,6.9,12623171,0,1994,7,333620129,1853.45,Medium Budget,Major Success
1859,Big,Comedy,1988-06-03,PG,20th Century Fox,130,18000000,114968774,36700000,151668774,7.3,12101976,0,1988,6,133668774,742.6,Medium Budget,Major Success
1860,Legally Blonde,Comedy,2001-07-13,PG-13,MGM,96,18000000,96493426,45315809,141809235,6.2,10157203,0,2001,7,123809235,687.83,Medium Budget,Major Success
1861,Mean Girls,Comedy,2004-04-30,PG-13,Paramount,97,18000000,86047227,44905799,130953026,7.0,9057603,0,2004,4,112953026,627.52,Medium Budget,Major Success
1862,Star Trek III: The Search for Spock,Adventure,1984-06-01,PG,Paramount,105,18000000,76471046,10528954,87000000,6.6,8049584,0,1984,6,69000000,383.33,Medium Budget,Major Success
1863,The Exorcism of Emily Rose,Horror,2005-09-09,PG-13,Sony Pictures,122,18000000,75072454,69456624,144529078,6.7,7902364,0,2005,9,126529078,702.94,Medium Budget,Major Success
1864,Deuce Bigalow: Male Gigolo,Comedy,1999-12-10,R,Walt Disney,88,18000000,65535067,27400000,92935067,5.7,6898428,0,1999,12,74935067,416.31,Medium Budget,Major Success
1865,Barbershop 2: Back in Business,Comedy,2004-01-01,PG-13,MGM,106,18000000,65070412,772000,65842412,5.7,6849517,0,2004,1,47842412,265.79,Medium Budget,Profit
1866,The Family Stone,Comedy,2005-12-16,PG-13,20th Century Fox,103,18000000,60062868,32294631,92357499,6.3,6322407,0,2005,12,74357499,413.1,Medium Budget,Major Success
1867,Predator,Action,1987-06-12,R,20th Century Fox,107,18000000,59735548,38532010,98267558,7.8,6287952,0,1987,6,80267558,445.93,Medium Budget,Major Success
1868,My Big Fat Greek Wedding 2,Comedy,2016-03-25,PG-13,Universal Pictures,94,18000000,59689605,32368209,92057814,6.1,6283116,0,2016,3,74057814,411.43,Medium Budget,Major Success
1869,Diary of a Wimpy Kid: Rodrick Rules,Adventure,2011-03-25,PG,20th Century Fox,99,18000000,52698535,20996659,73695194,6.6,5547214,0,2011,3,55695194,309.42,Medium Budget,Major Success
1870,Amadeus,Drama,1984-09-19,R,Warner Bros,180,18000000,51973029,0,51973029,8.3,5470845,0,1984,9,33973029,188.74,Medium Budget,Profit
1871,Prom Night,Horror,2008-04-11,PG-13,Sony Pictures,89,18000000,43869350,13324305,57193655,3.9,4617826,0,2008,4,39193655,217.74,Medium Budget,Profit
1872,Soul Surfer,Drama,2011-04-08,PG,Sony Pictures,106,18000000,43853424,3305228,47158652,7.1,4616150,0,2011,4,29158652,161.99,Medium Budget,Profit
1873,Under the Tuscan Sun,Comedy,2003-09-26,PG-13,Walt Disney,113,18000000,43601508,13888516,57490024,6.7,4589632,0,2003,9,39490024,219.39,Medium Budget,Profit
1874,Peggy Sue Got Married,Comedy,1986-10-10,PG-13,Sony/TriStar,103,18000000,41382841,0,41382841,6.3,4356089,0,1986,10,23382841,129.9,Medium Budget,Profit
1875,Gosford Park,Comedy,2001-12-26,R,USA Films,131,18000000,41300105,0,41300105,7.3,4347379,0,2001,12,23300105,129.45,Medium Budget,Profit
1876,Orange County,Comedy,2002-01-11,PG-13,Paramount,98,18000000,41059716,2248991,43308707,,4322075,0,2002,1,25308707,140.6,Medium Budget,Profit
1877,Blue Jasmine,Comedy,2013-07-26,PG-13,Sony Pictures Classics,98,18000000,33404871,69508090,102912961,7.3,3516302,0,2013,7,84912961,471.74,Medium Budget,Major Success
1878,United 93,Drama,2006-04-28,R,Universal Pictures,111,18000000,31567134,46067901,77635035,7.6,3322856,0,2006,4,59635035,331.31,Medium Budget,Major Success
1879,Honey,Drama,2003-12-05,PG-13,Universal Pictures,94,18000000,30272254,32374509,62646763,5.3,3186553,0,2003,12,44646763,248.04,Medium Budget,Profit
1880,Spy Hard,Comedy,1996-05-24,PG-13,Walt Disney,81,18000000,26936265,0,26936265,5.3,2835396,0,1996,5,8936265,49.65,Medium Budget,Profit
1881,Ricki and the Flash,Drama,2015-08-07,PG-13,Sony Pictures,114,18000000,26839498,14326535,41166033,,2825210,0,2015,8,23166033,128.7,Medium Budget,Profit
1882,Glory,Action,1989-12-13,R,Sony Pictures,122,18000000,26593580,0,26593580,7.9,2799324,0,1989,12,8593580,47.74,Medium Budget,Profit
1883,Conan the Destroyer,Action,1984-06-29,NR,Universal Pictures,103,18000000,26400000,0,26400000,5.8,2778947,0,1984,6,8400000,46.67,Medium Budget,Profit
1884,Love the Coopers,Comedy,2015-11-13,PG-13,CBS Films,107,18000000,26302731,15924759,42227490,5.7,2768709,0,2015,11,24227490,134.6,Medium Budget,Profit
1885,Catch-22,Comedy,1970-06-24,NR,Paramount,122,18000000,24911670,0,24911670,7.2,2622281,0,1970,6,6911670,38.4,Medium Budget,Profit
1886,Observe and Report,Comedy,2009-04-10,R,Warner Bros,86,18000000,24007324,3141574,27148898,5.8,2527087,0,2009,4,9148898,50.83,Medium Budget,Profit
1887,Love Happens,Drama,2009-09-18,PG-13,Universal Pictures,109,18000000,22965110,13167904,36133014,5.6,2417380,0,2009,9,18133014,100.74,Medium Budget,Profit
1888,Young Sherlock Holmes,Adventure,1985-12-04,PG-13,Paramount,109,18000000,19739000,0,19739000,6.8,2077789,0,1985,12,1739000,9.66,Medium Budget,Profit
1889,127 Hours,Drama,2010-11-05,R,Fox Searchlight,94,18000000,18335230,41881941,60217171,7.6,1930024,0,2010,11,42217171,234.54,Medium Budget,Profit
1890,Small Time Crooks,Comedy,2000-05-19,PG,DreamWorks,94,18000000,17266359,12668118,29934477,6.7,1817511,0,2000,5,11934477,66.3,Medium Budget,Profit
1891,Center Stage,Drama,2000-05-12,PG-13,Sony Pictures,115,18000000,17200925,4160184,21361109,6.7,1810624,0,2000,5,3361109,18.67,Medium Budget,Profit
1892,Norm of the North,Adventure,2016-01-15,PG,Lionsgate,97,18000000,17062499,13473161,30535660,,1796053,0,2016,1,12535660,69.64,Medium Budget,Profit
1893,Catch That Kid,Adventure,2004-02-06,PG,20th Century Fox,91,18000000,16703799,255815,16959614,5.2,1758295,0,2004,2,-1040386,-5.78,Medium Budget,Loss
1894,Jobs,Drama,2013-08-16,PG-13,Open Road,114,18000000,16131410,27271105,43402515,,1698043,0,2013,8,25402515,141.13,Medium Budget,Profit
1895,Life as a House,Drama,2001-10-26,R,New Line,125,18000000,15652637,8236521,23889158,7.5,1647646,0,2001,10,5889158,32.72,Medium Budget,Profit
1896,Youth in Revolt,Comedy,2010-01-08,R,Weinstein/Dimension,90,18000000,15285588,4400000,19685588,6.5,1609009,0,2010,1,1685588,9.36,Medium Budget,Profit
1897,And So It Goes,Comedy,2014-07-25,PG-13,Clarius Entertainment,94,18000000,15160801,2708000,17868801,5.7,1595874,0,2014,7,-131199,-0.73,Medium Budget,Loss
1898,"I Love You, Beth Cooper",Comedy,2009-07-10,PG-13,20th Century Fox,102,18000000,14800725,1581813,16382538,5.3,1557971,0,2009,7,-1617462,-8.99,Medium Budget,Loss
1899,Labor Day,Drama,2014-01-31,PG-13,Paramount,111,18000000,13371528,818282,14189810,6.9,1407529,0,2014,1,-3810190,-21.17,Medium Budget,Loss
1900,The Ice Storm,Drama,1997-09-26,R,Fox Searchlight,112,18000000,8038061,7973914,16011975,7.5,846112,0,1997,9,-1988025,-11.04,Medium Budget,Loss
1901,Being Julia,Drama,2004-10-15,R,Sony Pictures,104,18000000,7739049,6749656,14488705,7.1,814637,0,2004,10,-3511295,-19.51,Medium Budget,Loss
1902,Troop Beverly Hills,Comedy,1989-03-22,NR,Sony Pictures,105,18000000,7190505,0,7190505,5.5,756895,0,1989,3,-10809495,-60.05,Medium Budget,Major Loss
1903,Nine 1/2 Weeks,Drama,1986-02-21,NR,MGM,114,18000000,6734844,0,6734844,,708931,0,1986,2,-11265156,-62.58,Medium Budget,Major Loss
1904,The Last Station,Drama,2010-01-15,R,Sony Pictures Classics,112,18000000,6617867,9078279,15696146,7.0,696618,0,2010,1,-2303854,-12.8,Medium Budget,Loss
1905,Dragonslayer,Action,1981-06-26,NR,Paramount,108,18000000,6000000,0,6000000,6.7,631579,0,1981,6,-12000000,-66.67,Medium Budget,Major Loss
1906,Ed Wood,Comedy,1994-09-30,R,Walt Disney,127,18000000,5828466,0,5828466,7.9,613523,0,1994,9,-12171534,-67.62,Medium Budget,Major Loss
1907,Mongol,Drama,2008-06-06,R,Picturehouse,114,18000000,5705761,21441588,27147349,,600606,0,2008,6,9147349,50.82,Medium Budget,Profit
1908,RocknRolla,Action,2008-10-08,R,Warner Bros,114,18000000,5700626,22093713,27794339,7.3,600066,0,2008,10,9794339,54.41,Medium Budget,Profit
1909,Megaforce,Action,1982-06-25,NR,20th Century Fox,99,18000000,5675599,0,5675599,3.5,597431,0,1982,6,-12324401,-68.47,Medium Budget,Major Loss
1910,Mao's Last Dancer,Drama,2010-08-20,PG,Samuel Goldwyn Films,117,18000000,4806750,21134687,25941437,7.4,505974,0,2010,8,7941437,44.12,Medium Budget,Profit
1911,The Railway Man,Drama,2014-04-11,R,Weinstein Co.,116,18000000,4438438,19471772,23910210,7.1,467204,0,2014,4,5910210,32.83,Medium Budget,Profit
1912,Restoration,Drama,1995-12-29,R,Miramax,92,18000000,4100000,0,4100000,4.0,431579,0,1995,12,-13900000,-77.22,Medium Budget,Major Loss
1913,Midnight Special,Drama,2016-03-18,PG-13,Warner Bros,112,18000000,3712282,3967968,7680250,6.7,390767,0,2016,3,-10319750,-57.33,Medium Budget,Major Loss
1914,Miss Sloane,Drama,2016-11-25,R,EuropaCorp,114,18000000,3500605,4227347,7727952,,368485,0,2016,11,-10272048,-57.07,Medium Budget,Major Loss
1915,T2: Trainspotting,Drama,2017-03-17,R,Sony Pictures,114,18000000,2402004,39689493,42091497,,252843,0,2017,3,24091497,133.84,Medium Budget,Profit
1916,8 Million Ways to Die,Action,1986-04-25,NR,Sony Pictures,109,18000000,1305114,0,1305114,,137380,0,1986,4,-16694886,-92.75,Medium Budget,Major Loss
1917,Renaissance,Action,2006-09-22,R,Miramax,105,18000000,70644,2330769,2401413,6.7,7436,0,2006,9,-15598587,-86.66,Medium Budget,Major Loss
1918,I Am Wrath,Action,2016-04-15,R,Saban Films,92,18000000,0,309608,309608,5.2,0,0,2016,4,-17690392,-98.28,Medium Budget,Major Loss
1919,The Prince,Action,2014-08-22,R,Lionsgate,93,18000000,0,0,0,4.6,0,0,2014,8,-18000000,-100.0,Medium Budget,Major Loss
1920,Red Sonja,Action,1985-06-28,PG-13,MGM,89,17900000,6905861,2779,6908640,5.0,726933,0,1985,6,-10991360,-61.4,Medium Budget,Major Loss
1921,Superbad,Comedy,2007-08-17,R,Sony Pictures,119,17500000,121463226,48491916,169955142,7.6,12785603,0,2007,8,152455142,871.17,Medium Budget,Major Success
1922,Madea Goes To Jail,Comedy,2009-02-20,PG-13,Lionsgate,103,17500000,90508336,0,90508336,4.1,9527193,0,2009,2,73008336,417.19,Medium Budget,Major Success
1923,Step Up 2 the Streets,Drama,2008-02-14,PG-13,Walt Disney,98,17500000,58017783,90569127,148586910,6.2,6107135,0,2008,2,131086910,749.07,Medium Budget,Major Success
1924,Hoodwinked,Adventure,2006-01-13,PG,Weinstein Co.,80,17500000,51386611,58456779,109843390,6.5,5409117,0,2006,1,92343390,527.68,Medium Budget,Major Success
1925,Hitman,Action,2007-11-21,R,20th Century Fox,94,17500000,39687694,59447877,99135571,6.3,4177652,0,2007,11,81635571,466.49,Medium Budget,Major Success
1926,Hotel Rwanda,Drama,2004-12-22,PG-13,MGM,121,17500000,23519128,13002095,36521223,8.1,2475698,0,2004,12,19021223,108.69,Medium Budget,Profit
1927,Beerfest,Comedy,2006-08-25,R,Warner Bros,110,17500000,19185184,974132,20159316,6.3,2019493,0,2006,8,2659316,15.2,Medium Budget,Profit
1928,City of Ghosts,Drama,2003-04-25,R,MGM,116,17500000,325491,0,325491,6.0,34262,0,2003,4,-17174509,-98.14,Medium Budget,Major Loss
1929,A Quiet Place,Horror,2018-04-06,PG-13,Paramount,98,17000000,188024361,146500000,334524361,7.5,19792038,0,2018,4,317524361,1867.79,Medium Budget,Major Success
1930,The Others,Horror,2001-08-10,PG-13,Miramax,101,17000000,96522687,111242369,207765056,7.6,10160283,0,2001,8,190765056,1122.15,Medium Budget,Major Success
1931,Aliens,Action,1986-07-18,R,20th Century Fox,154,17000000,85160248,98156207,183316455,8.4,8964237,0,1986,7,166316455,978.33,Medium Budget,Major Success
1932,Let’s Be Cops,Comedy,2014-08-13,R,20th Century Fox,104,17000000,82390774,54500000,136890774,6.5,8672713,0,2014,8,119890774,705.24,Medium Budget,Major Success
1933,I Know What You Did Last Summer,Horror,1997-10-17,R,Sony Pictures,99,17000000,72250091,53000000,125250091,5.6,7605273,0,1997,10,108250091,636.77,Medium Budget,Major Success
1934,Sideways,Drama,2004-10-22,R,Fox Searchlight,126,17000000,71502303,38290889,109793192,7.5,7526558,0,2004,10,92793192,545.84,Medium Budget,Major Success
1935,The Best Man Holiday,Comedy,2013-11-15,R,Universal Pictures,123,17000000,70525195,2310515,72835710,6.7,7423705,0,2013,11,55835710,328.45,Medium Budget,Major Success
1936,Pitch Perfect,Comedy,2012-09-28,PG-13,Universal Pictures,112,17000000,65001093,51043254,116044347,7.2,6842220,0,2012,9,99044347,582.61,Medium Budget,Major Success
1937,Halloween: H2O,Horror,1998-08-05,R,Miramax,98,17000000,55041738,0,55041738,,5793867,0,1998,8,38041738,223.77,Medium Budget,Profit
1938,Evil Dead,Horror,2013-04-05,R,Sony Pictures,96,17000000,54239856,43538500,97778356,7.6,5709459,0,2013,4,80778356,475.17,Medium Budget,Major Success
1939,Jet Li's Hero,Action,2004-08-27,PG-13,Miramax,109,17000000,53652140,123883818,177535958,,5647594,0,2004,8,160535958,944.33,Medium Budget,Major Success
1940,Saw 3D,Horror,2010-10-29,R,Lionsgate,98,17000000,45710178,88025106,133735284,,4811598,0,2010,10,116735284,686.68,Medium Budget,Major Success
1941,"McFarland, USA",Drama,2015-02-20,PG,Walt Disney,129,17000000,44480275,1227649,45707924,7.4,4682134,0,2015,2,28707924,168.87,Medium Budget,Profit
1942,Almost Christmas,Drama,2016-11-11,PG-13,Universal Pictures,114,17000000,42065185,428321,42493506,,4427914,0,2016,11,25493506,149.96,Medium Budget,Profit
1943,The Hills Have Eyes,Horror,2006-03-10,R,Fox Searchlight,108,17000000,41778863,28576950,70355813,6.4,4397775,0,2006,3,53355813,313.86,Medium Budget,Major Success
1944,Good Boy!,Adventure,2003-10-10,PG,MGM,87,17000000,37667746,7644471,45312217,5.1,3965026,0,2003,10,28312217,166.54,Medium Budget,Profit
1945,Smokin' Aces,Comedy,2007-01-26,R,Universal Pictures,109,17000000,35662731,21600709,57263440,6.7,3753972,0,2007,1,40263440,236.84,Medium Budget,Profit
1946,A Night at the Roxbury,Comedy,1998-10-02,PG-13,Paramount,82,17000000,30331165,0,30331165,6.2,3192754,0,1998,10,13331165,78.42,Medium Budget,Profit
1947,Beastly,Drama,2011-03-04,PG-13,CBS Films,86,17000000,27865571,10162659,38028230,5.6,2933218,0,2011,3,21028230,123.7,Medium Budget,Profit
1948,Tron,Action,1982-07-09,NR,Walt Disney,109,17000000,26918576,0,26918576,,2833534,0,1982,7,9918576,58.34,Medium Budget,Profit
1949,Lottery Ticket,Comedy,2010-08-20,PG-13,Warner Bros,99,17000000,24719879,0,24719879,4.9,2602093,0,2010,8,7719879,45.41,Medium Budget,Profit
1950,Dickie Roberts: Former Child Star,Comedy,2003-09-05,PG-13,Paramount,98,17000000,22734486,1000000,23734486,5.6,2393104,0,2003,9,6734486,39.61,Medium Budget,Profit
1951,ATL,Comedy,2006-03-31,PG-13,Warner Bros,105,17000000,21170563,0,21170563,6.0,2228480,0,2006,3,4170563,24.53,Medium Budget,Profit
1952,Summer Catch,Comedy,2001-08-24,PG-13,Warner Bros,108,17000000,19693891,0,19693891,4.9,2073041,0,2001,8,2693891,15.85,Medium Budget,Profit
1953,A Simple Plan,Drama,1998-12-11,R,Paramount,121,17000000,16316273,0,16316273,7.5,1717502,0,1998,12,-683727,-4.02,Medium Budget,Loss
1954,Wes Craven Presents: They,Horror,2002-11-27,PG-13,Miramax/Dimension,98,17000000,12840842,3300000,16140842,,1351668,0,2002,11,-859158,-5.05,Medium Budget,Loss
1955,Superman IV: The Quest for Peace,Action,1987-07-24,PG,Warner Bros,134,17000000,11227824,0,11227824,3.6,1181876,0,1987,7,-5772176,-33.95,Medium Budget,Loss
1956,How She Move,Drama,2008-01-25,PG-13,Paramount Vantage,94,17000000,7070641,1537174,8607815,3.3,744278,0,2008,1,-8392185,-49.37,Medium Budget,Loss
1957,Running Scared,Action,2006-02-24,R,New Line,122,17000000,6855137,2873951,9729088,7.4,721593,0,2006,2,-7270912,-42.77,Medium Budget,Loss
1958,The Apparition,Horror,2012-08-24,PG-13,Warner Bros,83,17000000,4936819,5700462,10637281,4.1,519665,0,2012,8,-6362719,-37.43,Medium Budget,Loss
1959,Bobby Jones: Stroke of Genius,Drama,2004-04-30,PG,Film Foundry,128,17000000,2694071,0,2694071,6.7,283586,0,2004,4,-14305929,-84.15,Medium Budget,Major Loss
1960,L'illusionniste,Adventure,2010-12-25,PG,Sony Pictures Classics,97,17000000,2231474,6378475,8609949,,234892,0,2010,12,-8390051,-49.35,Medium Budget,Loss
1961,Roar,Adventure,1981-01-01,PG,Independent,102,17000000,2110050,0,2110050,6.4,222111,0,1981,1,-14889950,-87.59,Medium Budget,Major Loss
1962,Veronica Guerin,Drama,2003-10-17,R,Walt Disney,98,17000000,1569918,7868156,9438074,6.9,165255,0,2003,10,-7561926,-44.48,Medium Budget,Loss
1963,Genius,Drama,2016-06-10,PG-13,Roadside Attractions,114,17000000,1361045,5581844,6942889,,143268,0,2016,6,-10057111,-59.16,Medium Budget,Major Loss
1964,Escobar: Paradise Lost,Drama,2015-06-26,R,RADiUS-TWC,120,17000000,195792,3721887,3917679,6.6,20610,0,2015,6,-13082321,-76.95,Medium Budget,Major Loss
1965,The Young Messiah,Drama,2016-03-11,PG-13,Focus Features,111,16800000,6469813,843884,7313697,5.4,681033,0,2016,3,-9486303,-56.47,Medium Budget,Loss
1966,My Girl,Comedy,1991-11-27,PG-13,Sony Pictures,102,16500000,58011485,0,58011485,6.8,6106472,0,1991,11,41511485,251.58,Medium Budget,Profit
1967,Wall Street,Drama,1987-12-11,R,20th Century Fox,126,16500000,43848100,0,43848100,7.4,4615589,0,1987,12,27348100,165.75,Medium Budget,Profit
1968,Sense and Sensibility,Drama,1995-12-11,PG,Sony Pictures,136,16500000,42993774,92000000,134993774,7.7,4525660,0,1995,12,118493774,718.14,Medium Budget,Major Success
1969,The Illusionist,Drama,2006-08-18,PG-13,Yari Film Group Rel…,110,16500000,39868642,43923420,83792062,7.6,4196699,0,2006,8,67292062,407.83,Medium Budget,Major Success
1970,House of Sand and Fog,Drama,2003-12-19,R,DreamWorks,126,16500000,13005485,3152438,16157923,7.6,1368998,0,2003,12,-342077,-2.07,Medium Budget,Loss
1971,Sydney White,Comedy,2007-09-21,PG-13,Universal Pictures,108,16500000,11892415,1743924,13636339,6.3,1251833,0,2007,9,-2863661,-17.36,Medium Budget,Loss
1972,Dead Poets Society,Drama,1989-06-02,PG,Walt Disney,128,16400000,95860116,143639884,239500000,8.0,10090539,0,1989,6,223100000,1360.37,Medium Budget,Major Success
1973,Dumb & Dumber,Comedy,1994-12-16,PG-13,New Line,113,16000000,127175374,119224626,246400000,7.3,13386881,0,1994,12,230400000,1440.0,Medium Budget,Major Success
1974,Road Trip,Comedy,2000-05-19,R,DreamWorks,94,16000000,68525609,51213501,119739110,6.5,7213222,0,2000,5,103739110,648.37,Medium Budget,Major Success
1975,The Verdict,Drama,1982-12-08,R,20th Century Fox,129,16000000,53977250,0,53977250,7.8,5681816,0,1982,12,37977250,237.36,Medium Budget,Profit
1976,Varsity Blues,Drama,1999-01-15,R,Paramount,106,16000000,52894169,1400000,54294169,6.4,5567807,0,1999,1,38294169,239.34,Medium Budget,Profit
1977,Moonrise Kingdom,Drama,2012-05-25,PG-13,Focus Features,94,16000000,45512466,23335980,68848446,7.8,4790786,0,2012,5,52848446,330.3,Medium Budget,Major Success
1978,The Artist,Drama,2011-11-25,PG-13,Weinstein Co.,100,16000000,44667095,83589617,128256712,8.0,4701799,0,2011,11,112256712,701.6,Medium Budget,Major Success
1979,The Master of Disguise,Adventure,2002-08-02,PG,Sony Pictures,80,16000000,40363530,0,40363530,3.3,4248793,0,2002,8,24363530,152.27,Medium Budget,Profit
1980,El Laberinto del Fauno,Horror,2006-12-29,R,Picturehouse,98,16000000,37634615,49406954,87041569,,3961538,0,2006,12,71041569,444.01,Medium Budget,Major Success
1981,The Messengers,Horror,2007-02-02,PG-13,Sony Pictures,70,16000000,35374833,18400000,53774833,6.6,3723667,0,2007,2,37774833,236.09,Medium Budget,Profit
1982,See Spot Run,Adventure,2001-03-02,PG,Warner Bros,94,16000000,33357476,9700076,43057552,5.4,3511313,0,2001,3,27057552,169.11,Medium Budget,Profit
1983,Double Impact,Action,1991-08-09,R,Sony Pictures,110,16000000,29090445,0,29090445,5.5,3062152,0,1991,8,13090445,81.82,Medium Budget,Profit
1984,Baby Boy,Drama,2001-06-27,R,Sony Pictures,130,16000000,28734552,0,28734552,6.4,3024690,0,2001,6,12734552,79.59,Medium Budget,Profit
1985,Joe Dirt,Comedy,2001-04-11,PG-13,Sony Pictures,91,16000000,27087695,3900000,30987695,5.9,2851336,0,2001,4,14987695,93.67,Medium Budget,Profit
1986,The Women,Comedy,2008-09-12,PG-13,Picturehouse,114,16000000,26902075,23201733,50103808,4.9,2831797,0,2008,9,34103808,213.15,Medium Budget,Profit
1987,Hot Fuzz,Comedy,2007-04-20,R,Focus Features,121,16000000,23618786,58123832,81742618,7.9,2486188,0,2007,4,65742618,410.89,Medium Budget,Major Success
1988,Vicky Cristina Barcelona,Comedy,2008-08-15,PG-13,MGM,96,16000000,23216709,81288108,104504817,7.2,2443864,0,2008,8,88504817,553.16,Medium Budget,Major Success
1989,Superfly,Action,2018-06-13,R,Sony Pictures,109,16000000,20537137,186444,20723581,,2161804,0,2018,6,4723581,29.52,Medium Budget,Profit
1990,Remember Me,Drama,2010-03-12,PG-13,Summit Entertainment,113,16000000,19068240,37437880,56506120,7.2,2007183,0,2010,3,40506120,253.16,Medium Budget,Profit
1991,White Oleander,Drama,2002-10-11,PG-13,Warner Bros,109,16000000,16357770,5300000,21657770,7.2,1721871,0,2002,10,5657770,35.36,Medium Budget,Profit
1992,Drowning Mona,Comedy,2000-03-03,PG-13,Destination Films,96,16000000,15427192,553184,15980376,5.6,1623915,0,2000,3,-19624,-0.12,Medium Budget,Loss
1993,Radio Days,Comedy,1987-01-30,NR,Orion Pictures,88,16000000,14792779,0,14792779,7.6,1557135,0,1987,1,-1207221,-7.55,Medium Budget,Loss
1994,How to Deal,Drama,2003-07-18,PG-13,New Line,101,16000000,14108518,0,14108518,5.7,1485107,0,2003,7,-1891482,-11.82,Medium Budget,Loss
1995,Soul Plane,Comedy,2004-05-28,R,MGM,92,16000000,13922211,631596,14553807,4.4,1465496,0,2004,5,-1446193,-9.04,Medium Budget,Loss
1996,My Stepmother Is an Alien,Comedy,1988-12-09,PG-13,Sony Pictures,105,16000000,13854000,0,13854000,5.2,1458316,0,1988,12,-2146000,-13.41,Medium Budget,Loss
1997,People Like Us,Drama,2012-06-29,PG-13,Walt Disney,114,16000000,12431792,185680,12617472,,1308610,0,2012,6,-3382528,-21.14,Medium Budget,Loss
1998,The Cookout,Comedy,2004-09-03,PG-13,Lionsgate,97,16000000,11540112,0,11540112,3.6,1214749,0,2004,9,-4459888,-27.87,Medium Budget,Loss
1999,Meteor,Action,1979-10-19,NR,American Internatio…,108,16000000,8400000,0,8400000,4.9,884211,0,1979,10,-7600000,-47.5,Medium Budget,Loss
2000,Highlander,Action,1986-03-07,R,20th Century Fox,110,16000000,5900000,7000000,12900000,7.2,621053,0,1986,3,-3100000,-19.38,Medium Budget,Loss
2001,Bleed for This,Drama,2016-11-18,R,Open Road,114,16000000,5083906,1520020,6603926,,535148,0,2016,11,-9396074,-58.73,Medium Budget,Loss
2002,Duets,Drama,2000-09-15,R,Walt Disney,112,16000000,4734235,1881217,6615452,6.0,498341,0,2000,9,-9384548,-58.65,Medium Budget,Loss
2003,Detroit Rock City,Comedy,1999-08-13,R,New Line,95,16000000,4217115,1608199,5825314,6.8,443907,0,1999,8,-10174686,-63.59,Medium Budget,Major Loss
2004,Things We Lost in the Fire,Drama,2007-10-19,R,Paramount,118,16000000,3287315,4832833,8120148,7.2,346033,0,2007,10,-7879852,-49.25,Medium Budget,Loss
2005,The Immigrant,Drama,2014-05-16,R,RADiUS-TWC,120,16000000,2013456,5571555,7585011,6.6,211943,0,2014,5,-8414989,-52.59,Medium Budget,Loss
2006,Steel,Action,1997-08-15,PG-13,Warner Bros,97,16000000,1686429,0,1686429,2.8,177519,0,1997,8,-14313571,-89.46,Medium Budget,Major Loss
2007,The White Countess,Drama,2005-12-21,PG-13,Sony Pictures Classics,135,16000000,1669971,1144595,2814566,6.7,175786,0,2005,12,-13185434,-82.41,Medium Budget,Major Loss
2008,"Men, Women and Children",Comedy,2014-10-01,R,Paramount,98,16000000,705908,979495,1685403,,74306,0,2014,10,-14314597,-89.47,Medium Budget,Major Loss
2009,Good,Drama,2008-12-31,R,ThinkFilm,92,16000000,31631,0,31631,6.2,3330,0,2008,12,-15968369,-99.8,Medium Budget,Major Loss
2010,Juwanna Mann,Comedy,2002-06-21,PG-13,Warner Bros,91,15600000,13571817,200000,13771817,4.5,1428612,0,2002,6,-1828183,-11.72,Medium Budget,Loss
2011,La Môme,Drama,2007-06-08,PG-13,Picturehouse,114,15500000,10299782,78312055,88611837,,1084188,0,2007,6,73111837,471.69,Medium Budget,Major Success
2012,Ararat,Drama,2002-11-15,R,Miramax,115,15500000,1693000,0,1693000,6.6,178211,0,2002,11,-13807000,-89.08,Medium Budget,Major Loss
2013,Madison,Drama,2005-04-22,PG,MGM,94,15500000,517262,0,517262,6.5,54449,0,2005,4,-14982738,-96.66,Medium Budget,Major Loss
2014,The Yellow Handkerchief,Drama,2010-02-26,PG-13,Samuel Goldwyn Films,102,15500000,318623,0,318623,6.8,33539,0,2010,2,-15181377,-97.94,Medium Budget,Major Loss
2015,Slither,Horror,2006-03-31,R,Universal Pictures,95,15250000,7802450,5127893,12930343,6.5,821311,0,2006,3,-2319657,-15.21,Medium Budget,Loss
2016,Home Alone,Comedy,1990-11-16,PG,20th Century Fox,103,15000000,285761243,190923432,476684675,7.5,30080131,0,1990,11,461684675,3077.9,Medium Budget,Major Success
2017,Beverly Hills Cop,Action,1984-12-05,R,Paramount,105,15000000,234760478,81539522,316300000,7.3,24711629,0,1984,12,301300000,2008.67,Medium Budget,Major Success
2018,Top Gun,Action,1986-05-16,PG,Paramount,110,15000000,179800601,176999033,356799634,6.9,18926379,0,1986,5,341799634,2278.66,Medium Budget,Major Success
2019,Tootsie,Comedy,1982-12-17,PG,Sony Pictures,116,15000000,177200000,0,177200000,7.4,18652632,0,1982,12,162200000,1081.33,Medium Budget,Major Success
2020,3 Men and a Baby,Comedy,1987-11-25,PG,Walt Disney,102,15000000,167780960,0,167780960,5.9,17661154,0,1987,11,152780960,1018.54,Medium Budget,Major Success
2021,The King’s Speech,Drama,2010-11-26,R,Weinstein Co.,118,15000000,138797449,292023719,430821168,8.0,14610258,0,2010,11,415821168,2772.14,Medium Budget,Major Success
2022,American Beauty,Drama,1999-09-15,R,DreamWorks,122,15000000,130058047,226200000,356258047,8.4,13690321,0,1999,9,341258047,2275.05,Medium Budget,Major Success
2023,"Crouching Tiger, Hidden Dragon",Action,2000-12-08,PG-13,Sony Pictures Classics,120,15000000,128067808,85446864,213514672,7.9,13480822,0,2000,12,198514672,1323.43,Medium Budget,Major Success
2024,Twins,Comedy,1988-12-09,PG,Universal Pictures,107,15000000,111936388,104663612,216600000,6.0,11782778,0,1988,12,201600000,1344.0,Medium Budget,Major Success
2025,Scream,Horror,1996-12-20,R,Miramax,103,15000000,103046663,70000000,173046663,7.2,10847017,0,1996,12,158046663,1053.64,Medium Budget,Major Success
2026,Annabelle: Creation,Horror,2017-08-11,R,Warner Bros,98,15000000,102092201,203293687,305385888,,10746547,0,2017,8,290385888,1935.91,Medium Budget,Major Success
2027,Jackass Presents: Bad Grandpa,Comedy,2013-10-25,R,Paramount,98,15000000,102003019,58900000,160903019,,10737160,0,2013,10,145903019,972.69,Medium Budget,Major Success
2028,Heaven Can Wait,Comedy,1978-06-28,PG,Paramount,98,15000000,98800000,0,98800000,,10400000,0,1978,6,83800000,558.67,Medium Budget,Major Success
2029,The Color Purple,Drama,1985-12-18,PG-13,Warner Bros,154,15000000,93589701,0,93589701,7.8,9851547,0,1985,12,78589701,523.93,Medium Budget,Major Success
2030,The Imitation Game,Drama,2014-11-28,PG-13,Weinstein Co.,114,15000000,91125143,136648543,227773686,8.1,9592120,0,2014,11,212773686,1418.49,Medium Budget,Major Success
2031,Beetlejuice,Comedy,1988-03-30,PG,Warner Bros,92,15000000,73326666,0,73326666,7.5,7718596,0,1988,3,58326666,388.84,Medium Budget,Major Success
2032,Ben-Hur,Adventure,1959-11-18,G,MGM,141,15000000,73000000,0,73000000,6.0,7684211,0,1959,11,58000000,386.67,Medium Budget,Major Success
2033,Mama,Horror,2013-01-18,PG-13,Universal Pictures,100,15000000,71628180,76467386,148095566,6.2,7539808,0,2013,1,133095566,887.3,Medium Budget,Major Success
2034,Private Benjamin,Comedy,1980-10-10,R,Warner Bros,109,15000000,69847348,0,69847348,6.1,7352352,0,1980,10,54847348,365.65,Medium Budget,Major Success
2035,Coal Miner's Daughter,Drama,1980-03-07,PG,Universal Pictures,124,15000000,67182787,0,67182787,7.5,7071872,0,1980,3,52182787,347.89,Medium Budget,Major Success
2036,Lethal Weapon,Action,1987-03-06,R,Warner Bros,109,15000000,65192350,55000000,120192350,,6862353,0,1987,3,105192350,701.28,Medium Budget,Major Success
2037,Diary of a Wimpy Kid,Adventure,2010-03-19,PG,20th Century Fox,94,15000000,64003625,12950686,76954311,6.2,6737224,0,2010,3,61954311,413.03,Medium Budget,Major Success
2038,National Lampoon’s Vacation,Comedy,1983-07-29,R,Warner Bros,98,15000000,61400000,0,61400000,7.4,6463158,0,1983,7,46400000,309.33,Medium Budget,Profit
2039,The Queen,Drama,2006-09-30,PG-13,Miramax,94,15000000,56441711,72444162,128885873,7.3,5941233,0,2006,9,113885873,759.24,Medium Budget,Major Success
2040,Little Women,Drama,1994-12-21,PG,Sony Pictures,115,15000000,50003303,0,50003303,7.3,5263506,0,1994,12,35003303,233.36,Medium Budget,Profit
2041,The Deer Hunter,Drama,1979-01-01,R,Universal Pictures,183,15000000,50000000,9253,50009253,8.2,5263158,0,1979,1,35009253,233.4,Medium Budget,Profit
2042,When a Stranger Calls,Horror,2006-02-03,PG-13,Sony Pictures,87,15000000,47860214,19355221,67215435,5.0,5037917,0,2006,2,52215435,348.1,Medium Budget,Major Success
2043,Big Fat Liar,Adventure,2002-02-08,PG,Universal Pictures,88,15000000,47811275,4649742,52461017,5.4,5032766,0,2002,2,37461017,249.74,Medium Budget,Profit
2044,Cop Land,Drama,1997-08-15,R,Miramax,120,15000000,44906632,18800000,63706632,6.9,4727014,0,1997,8,48706632,324.71,Medium Budget,Profit
2045,Wag the Dog,Drama,1997-12-25,R,New Line,97,15000000,43057470,21194568,64252038,7.1,4532365,0,1997,12,49252038,328.35,Medium Budget,Profit
2046,The Lizzie McGuire Movie,Adventure,2003-05-02,PG,Walt Disney,94,15000000,42734455,12800000,55534455,5.3,4498364,0,2003,5,40534455,270.23,Medium Budget,Profit
2047,The Faculty,Horror,1998-12-25,R,Miramax,104,15000000,40283321,0,40283321,6.4,4240350,0,1998,12,25283321,168.56,Medium Budget,Profit
2048,What's Love Got to Do With It,Drama,1993-06-09,R,Walt Disney,118,15000000,39100956,0,39100956,7.2,4115890,0,1993,6,24100956,160.67,Medium Budget,Profit
2049,Not Another Teen Movie,Comedy,2001-12-14,R,Sony Pictures,99,15000000,37882551,24518792,62401343,5.7,3987637,0,2001,12,47401343,316.01,Medium Budget,Profit
2050,Wild,Drama,2014-12-03,R,Fox Searchlight,115,15000000,37880356,14580187,52460543,7.1,3987406,0,2014,12,37460543,249.74,Medium Budget,Profit
2051,Lawrence of Arabia,Adventure,1962-12-16,PG,Sony Pictures,227,15000000,37495385,32500000,69995385,8.4,3946883,0,1962,12,54995385,366.64,Medium Budget,Major Success
2052,The Theory of Everything,Drama,2014-11-07,PG-13,Focus Features,123,15000000,35893537,87434155,123327692,7.7,3778267,0,2014,11,108327692,722.18,Medium Budget,Major Success
2053,Drive,Action,2011-09-16,R,FilmDistrict,100,15000000,35060689,46297241,81357930,7.8,3690599,0,2011,9,66357930,442.39,Medium Budget,Major Success
2054,Malibu's Most Wanted,Comedy,2003-04-18,PG-13,Warner Bros,86,15000000,34308901,190303,34499204,5.1,3611463,0,2003,4,19499204,129.99,Medium Budget,Profit
2055,Where the Heart Is,Drama,2000-04-28,PG-13,20th Century Fox,120,15000000,33771174,7090880,40862054,6.8,3554860,0,2000,4,25862054,172.41,Medium Budget,Profit
2056,Halloween 2,Horror,2009-08-28,R,Weinstein/Dimension,119,15000000,33392973,5119877,38512850,4.9,3515050,0,2009,8,23512850,156.75,Medium Budget,Profit
2057,The Last House on the Left,Horror,2009-03-13,R,Universal Pictures,114,15000000,32752215,13774028,46526243,6.6,3447602,0,2009,3,31526243,210.17,Medium Budget,Profit
2058,Because of Winn-Dixie,Comedy,2005-02-18,PG,20th Century Fox,106,15000000,32647042,861443,33508485,6.4,3436531,0,2005,2,18508485,123.39,Medium Budget,Profit
2059,The Princess Bride,Adventure,1987-09-25,PG,20th Century Fox,98,15000000,30857000,1487,30858487,8.1,3248105,0,1987,9,15858487,105.72,Medium Budget,Profit
2060,Halloween: Resurrection,Horror,2002-07-12,R,Miramax/Dimension,94,15000000,30259652,7400000,37659652,4.1,3185227,0,2002,7,22659652,151.06,Medium Budget,Profit
2061,The Great Debaters,Drama,2007-12-25,PG-13,Weinstein Co.,126,15000000,30226144,35149,30261293,7.6,3181699,0,2007,12,15261293,101.74,Medium Budget,Profit
2062,When the Game Stands Tall,Drama,2014-08-22,PG,Sony Pictures,115,15000000,30127963,10949,30138912,6.7,3171365,0,2014,8,15138912,100.93,Medium Budget,Profit
2063,28 Weeks Later,Horror,2007-05-11,R,20th Century Fox,100,15000000,28638916,35593798,64232714,7.0,3014623,0,2007,5,49232714,328.22,Medium Budget,Profit
2064,Love and Basketball,Drama,2000-04-21,PG-13,New Line,124,15000000,27441122,268503,27709625,7.2,2888539,0,2000,4,12709625,84.73,Medium Budget,Profit
2065,Book of Shadows: Blair Witch 2,Horror,2000-10-27,R,Artisan,90,15000000,26421314,21300000,47721314,4.0,2781191,0,2000,10,32721314,218.14,Medium Budget,Profit
2066,Boogie Nights,Drama,1997-10-10,R,New Line,155,15000000,26410771,16700954,43111725,7.9,2780081,0,1997,10,28111725,187.41,Medium Budget,Profit
2067,Ramona and Beezus,Adventure,2010-07-23,G,20th Century Fox,103,15000000,26167002,1302619,27469621,6.7,2754421,0,2010,7,12469621,83.13,Medium Budget,Profit
2068,The Remains of the Day,Drama,1993-11-05,PG,Sony Pictures,134,15000000,22954968,41000000,63954968,7.9,2416312,0,1993,11,48954968,326.37,Medium Budget,Profit
2069,Nowhere to Run,Action,1993-01-15,R,Sony Pictures,94,15000000,22189039,30000000,52189039,5.5,2335688,0,1993,1,37189039,247.93,Medium Budget,Profit
2070,Urban Legends: Final Cut,Horror,2000-09-22,R,Sony Pictures,97,15000000,21468807,17105555,38574362,4.1,2259874,0,2000,9,23574362,157.16,Medium Budget,Profit
2071,The Place Beyond the Pines,Drama,2013-03-29,R,Focus Features,140,15000000,21403519,25607930,47011449,7.3,2253002,0,2013,3,32011449,213.41,Medium Budget,Profit
2072,Flicka,Drama,2006-10-20,PG,20th Century Fox,95,15000000,21000147,896220,21896367,6.2,2210542,0,2006,10,6896367,45.98,Medium Budget,Profit
2073,The Hills Have Eyes II,Horror,2007-03-23,R,20th Century Fox,89,15000000,20804166,16662372,37466538,5.1,2189912,0,2007,3,22466538,149.78,Medium Budget,Profit
2074,Keanu,Comedy,2016-04-29,R,Warner Bros,100,15000000,20591853,96288,20688141,6.4,2167563,0,2016,4,5688141,37.92,Medium Budget,Profit
2075,Country Strong,Drama,2010-12-22,PG-13,Sony Pictures,117,15000000,20218921,383066,20601987,6.3,2128307,0,2010,12,5601987,37.35,Medium Budget,Profit
2076,Tuck Everlasting,Drama,2002-10-11,PG,Walt Disney,90,15000000,19161999,182616,19344615,6.7,2017053,0,2002,10,4344615,28.96,Medium Budget,Profit
2077,The Marine,Action,2006-10-13,PG-13,20th Century Fox,92,15000000,18844784,3320824,22165608,4.7,1983661,0,2006,10,7165608,47.77,Medium Budget,Profit
2078,The Big Lebowski,Comedy,1998-03-06,R,Gramercy,117,15000000,17498804,28690764,46189568,8.2,1841979,0,1998,3,31189568,207.93,Medium Budget,Profit
2079,The Hurt Locker,Drama,2009-06-26,R,Summit Entertainment,131,15000000,17017811,32876412,49894223,7.6,1791349,0,2009,6,34894223,232.63,Medium Budget,Profit
2080,The Man with the Iron Fists,Action,2012-11-02,R,Universal Pictures,107,15000000,15634090,6384898,22018988,5.4,1645694,0,2012,11,7018988,46.79,Medium Budget,Profit
2081,Firestarter,Horror,1984-05-11,NR,Universal Pictures,114,15000000,15136870,0,15136870,6.0,1593355,0,1984,5,136870,0.91,Medium Budget,Profit
2082,Freddy Got Fingered,Comedy,2001-04-20,R,20th Century Fox,87,15000000,14249005,0,14249005,4.5,1499895,0,2001,4,-750995,-5.01,Medium Budget,Loss
2083,One Day,Drama,2011-08-19,PG-13,Focus Features,107,15000000,13843771,45324921,59168692,7.0,1457239,0,2011,8,44168692,294.46,Medium Budget,Profit
2084,De-Lovely,Drama,2004-06-25,PG-13,MGM,125,15000000,13337299,5187197,18524496,6.6,1403926,0,2004,6,3524496,23.5,Medium Budget,Profit
2085,Whip It,Comedy,2009-10-02,PG-13,Fox Searchlight,111,15000000,13077184,5812788,18889972,6.9,1376546,0,2009,10,3889972,25.93,Medium Budget,Profit
2086,Highlander: Endgame,Action,2000-09-01,R,Miramax/Dimension,101,15000000,12801190,0,12801190,4.6,1347494,0,2000,9,-2198810,-14.66,Medium Budget,Loss
2087,The Founder,Drama,2017-01-20,PG-13,Weinstein Co.,114,15000000,12786053,11622077,24408130,,1345900,0,2017,1,9408130,62.72,Medium Budget,Profit
2088,Confidence,Drama,2003-04-25,R,Lionsgate,97,15000000,12212417,0,12212417,6.7,1285518,0,2003,4,-2787583,-18.58,Medium Budget,Loss
2089,Knockaround Guys,Drama,2002-10-11,R,New Line,92,15000000,11660180,759520,12419700,6.1,1227387,0,2002,10,-2580300,-17.2,Medium Budget,Loss
2090,The Muse,Comedy,1999-08-27,PG-13,October Films,97,15000000,11614954,0,11614954,5.6,1222627,0,1999,8,-3385046,-22.57,Medium Budget,Loss
2091,Barney's Great Adventure,Adventure,1998-04-03,G,Polygram,76,15000000,11156471,0,11156471,2.8,1174365,0,1998,4,-3843529,-25.62,Medium Budget,Loss
2092,New York Stories,Drama,1989-03-01,PG,Walt Disney,124,15000000,10763469,0,10763469,6.4,1132997,0,1989,3,-4236531,-28.24,Medium Budget,Loss
2093,Here on Earth,Drama,2000-03-24,PG-13,20th Century Fox,96,15000000,10494147,350980,10845127,5.1,1104647,0,2000,3,-4154873,-27.7,Medium Budget,Loss
2094,Raise Your Voice,Drama,2004-10-08,PG,New Line,103,15000000,10411980,4400000,14811980,5.9,1095998,0,2004,10,-188020,-1.25,Medium Budget,Loss
2095,The Dark Half,Horror,1993-04-23,R,Orion Pictures,98,15000000,9579068,0,9579068,,1008323,0,1993,4,-5420932,-36.14,Medium Budget,Loss
2096,Black Snake Moan,Drama,2007-03-02,R,Paramount Vantage,116,15000000,9396870,1554283,10951153,7.0,989144,0,2007,3,-4048847,-26.99,Medium Budget,Loss
2097,Dark Blue,Drama,2003-02-21,R,MGM,118,15000000,9237470,3024595,12262065,6.6,972365,0,2003,2,-2737935,-18.25,Medium Budget,Loss
2098,A Mighty Heart,Drama,2007-06-22,R,Paramount Vantage,108,15000000,9176787,9976781,19153568,6.7,965978,0,2007,6,4153568,27.69,Medium Budget,Profit
2099,Boat Trip,Comedy,2003-03-21,R,Artisan,97,15000000,8586376,6347337,14933713,4.9,903829,0,2003,3,-66287,-0.44,Medium Budget,Loss
2100,The Importance of Being Earnest,Comedy,2002-05-22,PG,Miramax,97,15000000,8378141,0,8378141,6.9,881910,0,2002,5,-6621859,-44.15,Medium Budget,Loss
2101,Hoot,Adventure,2006-05-05,PG,New Line,91,15000000,8117637,107361,8224998,5.6,854488,0,2006,5,-6775002,-45.17,Medium Budget,Loss
2102,In Bruges,Comedy,2008-02-08,R,Focus Features,107,15000000,7800825,26732958,34533783,8.0,821139,0,2008,2,19533783,130.23,Medium Budget,Profit
2103,Promised Land,Drama,2013-01-04,R,Focus Features,106,15000000,7597898,4796664,12394562,6.6,799779,0,2013,1,-2605438,-17.37,Medium Budget,Loss
2104,Mulholland Drive,Drama,2001-10-08,R,Universal Pictures,147,15000000,7219578,13566395,20785973,8.0,759956,0,2001,10,5785973,38.57,Medium Budget,Profit
2105,The Rocker,Comedy,2008-08-20,PG-13,20th Century Fox,102,15000000,6409528,2357810,8767338,6.2,674687,0,2008,8,-6232662,-41.55,Medium Budget,Loss
2106,Jakob the Liar,Drama,1999-09-24,PG-13,Sony Pictures,120,15000000,4956401,0,4956401,6.5,521726,0,1999,9,-10043599,-66.96,Medium Budget,Major Loss
2107,"Kiss Kiss, Bang Bang",Comedy,2005-10-21,R,Warner Bros,103,15000000,4235837,12593627,16829464,7.6,445878,0,2005,10,1829464,12.2,Medium Budget,Profit
2108,Idle Hands,Horror,1999-04-30,R,Sony Pictures,92,15000000,4023741,0,4023741,6.2,423552,0,1999,4,-10976259,-73.18,Medium Budget,Major Loss
2109,Blood and Chocolate,Horror,2007-01-26,PG-13,MGM,98,15000000,3526588,3024722,6551310,5.5,371220,0,2007,1,-8448690,-56.32,Medium Budget,Loss
2110,You Will Meet a Tall Dark Stranger,Drama,2010-09-22,R,Sony Pictures Classics,98,15000000,3247816,31000000,34247816,6.3,341875,0,2010,9,19247816,128.32,Medium Budget,Profit
2111,Never Let Me Go,Drama,2010-09-15,R,Fox Searchlight,103,15000000,2434652,8739066,11173718,7.2,256279,0,2010,9,-3826282,-25.51,Medium Budget,Loss
2112,The Disappointments Room,Horror,2016-09-09,R,Relativity,98,15000000,2423467,721221,3144688,,255102,0,2016,9,-11855312,-79.04,Medium Budget,Major Loss
2113,The Company,Drama,2003-12-25,PG-13,Sony Pictures,240,15000000,2281585,1114923,3396508,7.9,240167,0,2003,12,-11603492,-77.36,Medium Budget,Major Loss
2114,Crazy in Alabama,Drama,1999-10-22,PG-13,Sony Pictures,111,15000000,1954202,0,1954202,6.3,205705,0,1999,10,-13045798,-86.97,Medium Budget,Major Loss
2115,The Clan of the Cave Bear,Adventure,1986-01-17,NR,Warner Bros,98,15000000,1953732,0,1953732,5.3,205656,0,1986,1,-13046268,-86.98,Medium Budget,Major Loss
2116,Banlieue 13,Action,2006-06-02,R,Magnolia Pictures,109,15000000,1200216,10399687,11599903,,126339,0,2006,6,-3400097,-22.67,Medium Budget,Loss
2117,Felicia's Journey,Drama,1999-11-12,PG-13,Artisan,116,15000000,824295,1145973,1970268,7.0,86768,0,1999,11,-13029732,-86.86,Medium Budget,Major Loss
2118,Metropolis,Adventure,2002-01-25,PG-13,Sony Pictures,145,15000000,673414,731618,1405032,8.3,70886,0,2002,1,-13594968,-90.63,Medium Budget,Major Loss
2119,The Reluctant Fundamentalist,Drama,2013-04-26,R,IFC Films,114,15000000,528731,0,528731,,55656,0,2013,4,-14471269,-96.48,Medium Budget,Major Loss
2120,The Return,Drama,2004-02-06,PG-13,Kino International,99,15000000,501752,5452134,5953886,8.0,52816,0,2004,2,-9046114,-60.31,Medium Budget,Loss
2121,Buffalo Soldiers,Comedy,2003-07-25,R,Miramax,98,15000000,353743,0,353743,6.9,37236,0,2003,7,-14646257,-97.64,Medium Budget,Major Loss
2122,Centurion,Action,2010-08-27,R,Magnolia Pictures,97,15000000,123570,7761478,7885048,6.4,13007,0,2010,8,-7114952,-47.43,Medium Budget,Loss
2123,Ong-Bak 2,Action,2009-10-23,R,Magnolia Pictures,110,15000000,102458,7480592,7583050,6.2,10785,0,2009,10,-7416950,-49.45,Medium Budget,Loss
2124,Winnie Mandela,Drama,2013-09-06,R,Image Entertainment,104,15000000,61847,0,61847,6.0,6510,0,2013,9,-14938153,-99.59,Medium Budget,Major Loss
2125,The Son of No One,Drama,2011-11-04,R,Anchor Bay Entertai…,90,15000000,30680,1117898,1148578,5.1,3229,0,2011,11,-13851422,-92.34,Medium Budget,Major Loss
2126,All the Queen's Men,Comedy,2002-10-25,PG-13,Strand,105,15000000,22723,0,22723,4.5,2392,0,2002,10,-14977277,-99.85,Medium Budget,Major Loss
2127,In Dubious Battle,Drama,2017-02-17,R,Momentum Pictures,114,15000000,0,214182,214182,,0,0,2017,2,-14785818,-98.57,Medium Budget,Major Loss
2128,Magic Mike XXL,Comedy,2015-07-01,R,Warner Bros,115,14500000,66013057,57696403,123709460,5.7,6948743,0,2015,7,109209460,753.17,Medium Budget,Major Success
2129,Romeo+Juliet,Drama,1996-11-01,PG-13,20th Century Fox,120,14500000,46338728,101203653,147542381,6.8,4877761,0,1996,11,133042381,917.53,Medium Budget,Major Success
2130,Elle s'appelait Sarah,Drama,2011-07-22,PG-13,Weinstein Co.,114,14500000,7691700,17788331,25480031,,809653,0,2011,7,10980031,75.72,Medium Budget,Profit
2131,Freedom,Drama,2015-06-05,R,ARC Entertainment,94,14500000,0,872757,872757,6.2,0,0,2015,6,-13627243,-93.98,Medium Budget,Major Loss
2132,Slumdog Millionaire,Drama,2008-11-12,R,Fox Searchlight,120,14000000,141330703,243199737,384530440,8.0,14876916,0,2008,11,370530440,2646.65,Medium Budget,Major Success
2133,Towering Inferno,Action,1974-12-17,PG,20th Century Fox,70,14000000,116000000,23700000,139700000,9.5,12210526,0,1974,12,125700000,897.86,Medium Budget,Major Success
2134,Crocodile Dundee 2,Adventure,1988-05-25,PG,Paramount,108,14000000,109306210,130300000,239606210,5.5,11505917,0,1988,5,225606210,1611.47,Medium Budget,Major Success
2135,Born on the Fourth of July,Drama,1989-12-20,R,Universal Pictures,145,14000000,70001698,0,70001698,7.2,7368600,0,1989,12,56001698,400.01,Medium Budget,Major Success
2136,Cool Runnings,Adventure,1993-10-01,PG,Walt Disney,98,14000000,68856263,86200000,155056263,6.9,7248028,0,1993,10,141056263,1007.54,Medium Budget,Major Success
2137,Stomp the Yard,Drama,2007-01-12,PG-13,Sony Pictures,109,14000000,61356221,14169497,75525718,5.2,6458550,0,2007,1,61525718,439.47,Medium Budget,Major Success
2138,My Bloody Valentine,Horror,2009-01-16,R,Lionsgate,101,14000000,51545952,51290050,102836002,5.5,5425890,0,2009,1,88836002,634.54,Medium Budget,Major Success
2139,The Possession,Horror,2012-08-31,PG-13,Lionsgate,92,14000000,49130588,33794476,82925064,5.9,5171641,0,2012,8,68925064,492.32,Medium Budget,Major Success
2140,First Blood,Action,1982-10-22,R,Orion Pictures,93,14000000,47212904,78000000,125212904,7.7,4969779,0,1982,10,111212904,794.38,Medium Budget,Major Success
2141,The Spy Who Loved Me,Action,1977-07-13,PG,United Artists,123,14000000,46800000,138600000,185400000,7.1,4926316,0,1977,7,171400000,1224.29,Medium Budget,Major Success
2142,Urban Legend,Horror,1998-09-25,R,Sony Pictures,99,14000000,38116707,34455157,72571864,5.5,4012285,0,1998,9,58571864,418.37,Medium Budget,Major Success
2143,Taps,Drama,1981-12-09,PG,20th Century Fox,114,14000000,35856053,0,35856053,,3774321,0,1981,12,21856053,156.11,Medium Budget,Profit
2144,Tyler Perry's Good Deeds,Drama,2012-02-24,PG-13,Lionsgate,114,14000000,35025791,553386,35579177,,3686925,0,2012,2,21579177,154.14,Medium Budget,Profit
2145,White Fang,Adventure,1991-01-18,PG,Walt Disney,107,14000000,34729091,0,34729091,6.7,3655694,0,1991,1,20729091,148.06,Medium Budget,Profit
2146,Dangerous Liaisons,Drama,1988-12-21,R,Warner Bros,119,14000000,34700000,0,34700000,7.7,3652632,0,1988,12,20700000,147.86,Medium Budget,Profit
2147,Superstar,Comedy,1999-10-08,PG-13,Paramount,81,14000000,30628981,0,30628981,5.0,3224103,0,1999,10,16628981,118.78,Medium Budget,Profit
2148,The Iron Lady,Drama,2012-01-13,PG-13,Weinstein Co.,105,14000000,29959436,85632668,115592104,6.4,3153625,0,2012,1,101592104,725.66,Medium Budget,Major Success
2149,Poetic Justice,Drama,1993-07-23,R,Sony Pictures,109,14000000,27450453,0,27450453,5.9,2889521,0,1993,7,13450453,96.07,Medium Budget,Profit
2150,Jonah: A VeggieTales Movie,Adventure,2002-10-04,G,Artisan,82,14000000,25571351,37428,25608779,6.6,2691721,0,2002,10,11608779,82.92,Medium Budget,Profit
2151,All About the Benjamins,Comedy,2002-03-08,R,New Line,95,14000000,25482931,390214,25873145,5.7,2682414,0,2002,3,11873145,84.81,Medium Budget,Profit
2152,Exorcist II: The Heretic,Horror,1977-06-17,NR,Warner Bros,118,14000000,25011000,0,25011000,3.7,2632737,0,1977,6,11011000,78.65,Medium Budget,Profit
2153,Our Family Wedding,Comedy,2010-03-12,PG-13,Fox Searchlight,103,14000000,20255281,1155265,21410546,4.9,2132135,0,2010,3,7410546,52.93,Medium Budget,Profit
2154,Vampire in Brooklyn,Horror,1995-10-27,R,Paramount,100,14000000,19637147,0,19637147,4.5,2067068,0,1995,10,5637147,40.27,Medium Budget,Profit
2155,An American Haunting,Horror,2006-05-05,PG-13,Freestyle Releasing,91,14000000,16298046,14145231,30443277,5.0,1715584,0,2006,5,16443277,117.45,Medium Budget,Profit
2156,Thinner,Horror,1996-10-25,R,Paramount,93,14000000,15171475,0,15171475,5.7,1596997,0,1996,10,1171475,8.37,Medium Budget,Profit
2157,Tea with Mussolini,Drama,1999-05-14,PG,MGM,117,14000000,14395874,0,14395874,6.9,1515355,0,1999,5,395874,2.83,Medium Budget,Profit
2158,Jason X,Horror,2002-04-26,R,New Line,85,14000000,13121555,3830243,16951798,4.4,1381216,0,2002,4,2951798,21.08,Medium Budget,Profit
2159,Crooklyn,Comedy,1994-05-13,PG-13,Universal Pictures,115,14000000,13024170,0,13024170,6.9,1370965,0,1994,5,-975830,-6.97,Medium Budget,Loss
2160,Hot Tub Time Machine 2,Comedy,2015-02-20,R,Paramount,99,14000000,12314651,137950,12452601,5.1,1296279,0,2015,2,-1547399,-11.05,Medium Budget,Loss
2161,Bobby,Drama,2006-11-17,R,MGM,112,14000000,11242801,9355005,20597806,7.0,1183453,0,2006,11,6597806,47.13,Medium Budget,Profit
2162,Fun Size,Comedy,2012-10-26,PG-13,Paramount,86,14000000,9409538,1757077,11166615,5.4,990478,0,2012,10,-2833385,-20.24,Medium Budget,Loss
2163,Le Scaphandre et le Papillon,Drama,2007-11-30,PG-13,Miramax,114,14000000,5990075,16764397,22754472,,630534,0,2007,11,8754472,62.53,Medium Budget,Profit
2164,Little Children,Drama,2006-10-06,R,New Line,137,14000000,5463019,8658158,14121177,7.6,575055,0,2006,10,121177,0.87,Medium Budget,Profit
2165,Gossip,Drama,2000-04-21,R,Warner Bros,90,14000000,5108820,7482450,12591270,5.9,537771,0,2000,4,-1408730,-10.06,Medium Budget,Loss
2166,A Walk on the Moon,Drama,1999-03-26,R,Miramax,107,14000000,4741987,0,4741987,6.6,499157,0,1999,3,-9258013,-66.13,Medium Budget,Loss
2167,Suffragette,Drama,2015-10-23,PG-13,Focus Features,114,14000000,4702420,29342489,34044909,,494992,0,2015,10,20044909,143.18,Medium Budget,Profit
2168,Mr. Turner,Drama,2014-12-19,R,Sony Pictures Classics,150,14000000,3958546,21228480,25187026,6.8,416689,0,2014,12,11187026,79.91,Medium Budget,Profit
2169,Soul Survivors,Horror,2001-09-07,PG-13,Artisan,84,14000000,3100650,1187596,4288246,3.9,326384,0,2001,9,-9711754,-69.37,Medium Budget,Loss
2170,Jefferson in Paris,Drama,1995-03-31,PG-13,Walt Disney,139,14000000,2461628,0,2461628,5.7,259119,0,1995,3,-11538372,-82.42,Medium Budget,Major Loss
2171,Caravans,Adventure,1978-01-01,NR,Universal Pictures,127,14000000,1000000,0,1000000,6.5,105263,0,1978,1,-13000000,-92.86,Medium Budget,Major Loss
2172,The Lucky Ones,Drama,2008-09-26,R,Lionsgate,115,14000000,266967,0,266967,7.0,28102,0,2008,9,-13733033,-98.09,Medium Budget,Major Loss
2173,Margaret,Drama,2011-09-30,R,Fox Searchlight,186,14000000,47185,576107,623292,6.5,4967,0,2011,9,-13376708,-95.55,Medium Budget,Major Loss
2174,Brokeback Mountain,Drama,2005-12-09,R,Focus Features,134,13900000,83043761,93968412,177012173,7.7,8741449,0,2005,12,163112173,1173.47,Medium Budget,Major Success
2175,Clueless,Comedy,1995-07-01,PG-13,Paramount,97,13700000,56598476,0,56598476,6.8,5957734,0,1995,7,42898476,313.13,Medium Budget,Profit
2176,Teenage Mutant Ninja Turtles,Adventure,1990-03-30,PG,New Line,101,13500000,135265915,66734085,202000000,5.9,14238517,0,1990,3,188500000,1396.3,Medium Budget,Major Success
2177,Far From Heaven,Drama,2002-11-08,PG-13,Focus Features,107,13500000,15901849,13126065,29027914,7.4,1673879,0,2002,11,15527914,115.02,Medium Budget,Profit
2178,Seven Psychopaths,Comedy,2012-10-12,R,CBS Films,110,13500000,15024049,18011687,33035736,7.2,1581479,0,2012,10,19535736,144.71,Medium Budget,Profit
2179,Quills,Drama,2000-11-22,R,Fox Searchlight,124,13500000,7060876,4671212,11732088,7.4,743250,0,2000,11,-1767912,-13.1,Medium Budget,Loss
2180,The Border,Drama,1982-01-29,NR,Universal Pictures,70,13500000,6118683,0,6118683,7.4,644072,0,1982,1,-7381317,-54.68,Medium Budget,Loss
2181,Der Untergang,Drama,2005-02-18,R,Newmarket Films,114,13500000,5501940,88129804,93631744,,579152,0,2005,2,80131744,593.57,Medium Budget,Major Success
2182,The Caveman's Valentine,Drama,2001-03-02,R,Focus Features,105,13500000,687081,205425,892506,6.0,72324,0,2001,3,-12607494,-93.39,Medium Budget,Major Loss
2183,The Last Godfather,Comedy,2011-04-01,PG-13,Roadside Attractions,100,13400000,164247,0,164247,3.6,17289,0,2011,4,-13235753,-98.77,Medium Budget,Major Loss
2184,Mar adentro,Drama,2004-12-17,PG-13,Fine Line,114,13300000,2086345,37600000,39686345,,219615,0,2004,12,26386345,198.39,Medium Budget,Profit
2185,Good Morning Vietnam,Comedy,1987-12-23,R,Walt Disney,121,13000000,123922370,0,123922370,7.3,13044460,0,1987,12,110922370,853.25,Medium Budget,Major Success
2186,Save the Last Dance,Drama,2001-01-12,PG-13,Paramount,112,13000000,91038276,31206053,122244329,6.1,9582976,0,2001,1,109244329,840.34,Medium Budget,Major Success
2187,The First Purge,Horror,2018-07-04,R,Universal Pictures,98,13000000,69086325,67025820,136112145,,7272245,0,2018,7,123112145,947.02,Medium Budget,Major Success
2188,Miracles from Heaven,Drama,2016-03-16,PG,Sony Pictures,109,13000000,61705123,12093597,73798720,6.8,6495276,0,2016,3,60798720,467.68,Medium Budget,Major Success
2189,Snow Day,Adventure,2000-02-11,PG,Paramount,89,13000000,60008303,2444624,62452927,4.9,6316663,0,2000,2,49452927,380.41,Medium Budget,Profit
2190,The Shallows,Drama,2016-06-24,PG-13,Sony Pictures,86,13000000,55121623,63766402,118888025,6.8,5802276,0,2016,6,105888025,814.52,Medium Budget,Major Success
2191,RoboCop,Action,1987-07-17,R,Orion Pictures,117,13000000,53424681,0,53424681,6.2,5623651,0,1987,7,40424681,310.96,Medium Budget,Profit
2192,This Christmas,Drama,2007-11-21,PG-13,Sony Pictures,117,13000000,49121934,611611,49733545,6.1,5170730,0,2007,11,36733545,282.57,Medium Budget,Profit
2193,"Dude, Where's My Car?",Comedy,2000-12-15,PG-13,20th Century Fox,83,13000000,46729374,26450923,73180297,5.5,4918881,0,2000,12,60180297,462.93,Medium Budget,Major Success
2194,St. Vincent,Comedy,2014-10-10,PG-13,Weinstein Co.,102,13000000,44137712,10699522,54837234,7.3,4646075,0,2014,10,41837234,321.82,Medium Budget,Profit
2195,Earth to Echo,Adventure,2014-07-02,PG,Relativity,91,13000000,38934842,3239703,42174545,5.8,4098404,0,2014,7,29174545,224.42,Medium Budget,Profit
2196,The New Guy,Comedy,2002-05-10,PG-13,Sony Pictures,92,13000000,28972187,0,28972187,5.9,3049704,0,2002,5,15972187,122.86,Medium Budget,Profit
2197,Loaded Weapon 1,Comedy,1993-02-05,PG-13,New Line,84,13000000,27979399,0,27979399,6.1,2945200,0,1993,2,14979399,115.23,Medium Budget,Profit
2198,Baby Geniuses,Adventure,1999-03-12,PG,Sony Pictures,97,13000000,27151490,0,27151490,2.5,2858052,0,1999,3,14151490,108.86,Medium Budget,Profit
2199,The Big Hit,Action,1998-04-24,R,Sony Pictures,91,13000000,27066941,0,27066941,6.1,2849152,0,1998,4,14066941,108.21,Medium Budget,Profit
2200,Child's Play 2,Horror,1990-11-09,R,Universal Pictures,72,13000000,26904572,7262000,34166572,5.7,2832060,0,1990,11,21166572,162.82,Medium Budget,Profit
2201,Harriet the Spy,Adventure,1996-07-10,PG,Paramount,100,13000000,26570048,0,26570048,5.9,2796847,0,1996,7,13570048,104.38,Medium Budget,Profit
2202,21 and Over,Comedy,2013-03-01,R,Relativity,93,13000000,25682380,16513386,42195766,5.9,2703408,0,2013,3,29195766,224.58,Medium Budget,Profit
2203,The Mist,Horror,2007-11-21,R,MGM,126,13000000,25593755,31595653,57189408,7.2,2694079,0,2007,11,44189408,339.92,Medium Budget,Profit
2204,The Perks of Being a Wallflower,Drama,2012-09-21,PG-13,Lionsgate,102,13000000,17742948,15326355,33069303,8.0,1867679,0,2012,9,20069303,154.38,Medium Budget,Profit
2205,crazy/beautiful,Drama,2001-06-29,PG-13,Walt Disney,135,13000000,16929123,3000000,19929123,6.5,1782013,0,2001,6,6929123,53.3,Medium Budget,Profit
2206,Room,Drama,2015-10-16,R,A24,118,13000000,14677674,21585109,36262783,8.3,1545018,0,2015,10,23262783,178.94,Medium Budget,Profit
2207,Woodlawn,Drama,2015-10-16,PG,Pure Flix Entertain…,114,13000000,14394097,9606,14403703,,1515168,0,2015,10,1403703,10.8,Medium Budget,Profit
2208,Letters from Iwo Jima,Drama,2006-12-20,R,Warner Bros,141,13000000,13756082,54111916,67867998,7.9,1448009,0,2006,12,54867998,422.06,Medium Budget,Major Success
2209,The Astronaut Farmer,Drama,2007-02-23,PG,Warner Bros,104,13000000,11003643,137570,11141213,6.3,1158278,0,2007,2,-1858787,-14.3,Medium Budget,Loss
2210,Dirty Work,Comedy,1998-06-12,PG-13,MGM,82,13000000,10020081,0,10020081,6.4,1054745,0,1998,6,-2979919,-22.92,Medium Budget,Loss
2211,Robinson Crusoe,Adventure,2016-09-09,PG,Lionsgate,97,13000000,8005586,25484730,33490316,,842693,0,2016,9,20490316,157.62,Medium Budget,Profit
2212,Serial Mom,Comedy,1994-04-13,R,Savoy,95,13000000,7881335,0,7881335,6.7,829614,0,1994,4,-5118665,-39.37,Medium Budget,Loss
2213,Dick,Comedy,1999-08-04,PG-13,Sony Pictures,94,13000000,6276869,0,6276869,6.1,660723,0,1999,8,-6723131,-51.72,Medium Budget,Loss
2214,Light It Up,Drama,1999-11-10,R,20th Century Fox,99,13000000,5871603,0,5871603,6.0,618063,0,1999,11,-7128397,-54.83,Medium Budget,Loss
2215,Bubble Boy,Comedy,2001-08-24,PG-13,Walt Disney,84,13000000,5002310,0,5002310,5.6,526559,0,2001,8,-7997690,-61.52,Medium Budget,Loss
2216,"Paris, je t'aime",Drama,2007-05-04,R,First Look,120,13000000,4857374,317714,5175088,7.3,511303,0,2007,5,-7824912,-60.19,Medium Budget,Loss
2217,Resurrecting the Champ,Drama,2007-08-24,PG-13,Yari Film Group Rel…,112,13000000,3172382,88173,3260555,6.8,333935,0,2007,8,-9739445,-74.92,Medium Budget,Loss
2218,The Widow of St. Pierre,Drama,2001-03-02,R,Lionsgate,114,13000000,3058380,0,3058380,,321935,0,2001,3,-9941620,-76.47,Medium Budget,Loss
2219,Youth,Drama,2015-12-04,R,Fox Searchlight,114,13000000,2703296,21298816,24002112,,284557,0,2015,12,11002112,84.63,Medium Budget,Profit
2220,Un Prophète,Drama,2010-02-26,R,Sony Pictures Classics,114,13000000,2087720,17822904,19910624,,219760,0,2010,2,6910624,53.16,Medium Budget,Profit
2221,"I Love You, Phillip Morris",Comedy,2010-12-03,R,Roadside Attractions,102,13000000,2037459,20976568,23014027,6.6,214469,0,2010,12,10014027,77.03,Medium Budget,Profit
2222,The Vatican Tapes,Horror,2015-07-24,PG-13,Lionsgate,91,13000000,1784763,13214875,14999638,4.5,187870,0,2015,7,1999638,15.38,Medium Budget,Profit
2223,Find Me Guilty,Drama,2006-03-17,R,Freestyle Releasing,125,13000000,1173673,1724552,2898225,7.1,123545,0,2006,3,-10101775,-77.71,Medium Budget,Major Loss
2224,Infamous,Drama,2006-10-13,R,Warner Independent,118,13000000,1151330,1462387,2613717,7.1,121193,0,2006,10,-10386283,-79.89,Medium Budget,Major Loss
2225,Attack the Block,Action,2011-07-29,R,Sony Pictures,88,13000000,1024175,5435008,6459183,6.6,107808,0,2011,7,-6540817,-50.31,Medium Budget,Loss
2226,In The Land of Blood and Honey,Drama,2011-12-23,R,FilmDistrict,127,13000000,303877,205316,509193,4.3,31987,0,2011,12,-12490807,-96.08,Medium Budget,Major Loss
2227,The Killer Inside Me,Drama,2010-06-18,R,IFC Films,109,13000000,217277,3400000,3617277,6.1,22871,0,2010,6,-9382723,-72.17,Medium Budget,Loss
2228,The Drop,Drama,2014-09-12,R,Fox Searchlight,114,12600000,10724389,8330145,19054534,,1128883,0,2014,9,6454534,51.23,Medium Budget,Profit
2229,Machete,Action,2010-09-03,R,20th Century Fox,105,12500000,26593646,19777324,46370970,6.7,2799331,0,2010,9,33870970,270.97,Medium Budget,Profit
2230,Antwone Fisher,Drama,2002-12-19,PG-13,Fox Searchlight,117,12500000,21078145,2289441,23367586,7.3,2218752,0,2002,12,10867586,86.94,Medium Budget,Profit
2231,La Guerre du feu,Adventure,1982-02-12,NR,20th Century Fox,97,12500000,20959585,0,20959585,,2206272,0,1982,2,8459585,67.68,Medium Budget,Profit
2232,The Emperor's Club,Drama,2002-11-22,PG-13,Universal Pictures,109,12500000,14060950,2132763,16193713,6.9,1480100,0,2002,11,3693713,29.55,Medium Budget,Profit
2233,Sorority Row,Horror,2009-09-11,R,Summit Entertainment,101,12500000,11965282,14770515,26735797,5.1,1259503,0,2009,9,14235797,113.89,Medium Budget,Profit
2234,Glengarry Glen Ross,Drama,1992-09-30,R,New Line,100,12500000,10725228,0,10725228,7.8,1128971,0,1992,9,-1774772,-14.2,Medium Budget,Loss
2235,The Boy in the Striped Pyjamas,Drama,2008-11-07,PG-13,Miramax,114,12500000,9046156,35037247,44083403,,952227,0,2008,11,31583403,252.67,Medium Budget,Profit
2236,Cat People,Drama,1982-04-02,R,Universal Pictures,93,12500000,7000000,14000000,21000000,6.1,736842,0,1982,4,8500000,68.0,Medium Budget,Profit
2237,The Prisoner of Zenda,Comedy,1979-05-25,NR,Universal Pictures,101,12500000,7000000,0,7000000,7.8,736842,0,1979,5,-5500000,-44.0,Medium Budget,Loss
2238,Conviction,Drama,2010-10-15,R,Fox Searchlight,114,12500000,6797696,5029284,11826980,,715547,0,2010,10,-673020,-5.38,Medium Budget,Loss
2239,Lars and the Real Girl,Comedy,2007-10-12,PG-13,MGM,106,12500000,5956480,5320639,11277119,7.4,626998,0,2007,10,-1222881,-9.78,Medium Budget,Loss
2240,Solitary Man,Drama,2010-05-21,R,Anchor Bay Entertai…,90,12500000,4360548,0,4360548,6.4,459005,0,2010,5,-8139452,-65.12,Medium Budget,Loss
2241,Oscar and Lucinda,Drama,1997-12-31,R,Fox Searchlight,132,12500000,1612957,0,1612957,6.7,169785,0,1997,12,-10887043,-87.1,Medium Budget,Major Loss
2242,The Funeral,Drama,1996-11-01,R,October Films,99,12500000,1212799,200000,1412799,6.6,127663,0,1996,11,-11087201,-88.7,Medium Budget,Major Loss
2243,Tae Guik Gi: The Brotherhood of War,Drama,2004-09-03,R,IDP Distribution,114,12500000,1110186,68716522,69826708,,116862,0,2004,9,57326708,458.61,Medium Budget,Major Success
2244,The Perfect Game,Drama,2010-04-16,PG,Slowhand Cinema,118,12500000,1089445,2841922,3931367,7.0,114678,0,2010,4,-8568633,-68.55,Medium Budget,Loss
2245,The Land Before Time,Adventure,1988-11-18,G,Universal Pictures,70,12300000,48092846,33880000,81972846,7.3,5062405,0,1988,11,69672846,566.45,Medium Budget,Major Success
2246,Jaws,Horror,1975-06-20,PG,Universal Pictures,130,12000000,260000000,210700000,470700000,8.0,27368421,0,1975,6,458700000,3822.5,Medium Budget,Major Success
2247,The Exorcist,Horror,1973-12-26,R,Warner Bros,132,12000000,204868002,197867132,402735134,8.0,21565053,0,1973,12,390735134,3256.13,Medium Budget,Major Success
2248,The Fault in Our Stars,Drama,2014-06-06,PG-13,20th Century Fox,133,12000000,124872350,182294484,307166834,7.8,13144458,0,2014,6,295166834,2459.72,Medium Budget,Major Success
2249,American Pie,Comedy,1999-07-09,R,Universal Pictures,95,12000000,101800948,132922200,234723148,7.0,10715889,0,1999,7,222723148,1856.03,Medium Budget,Major Success
2250,Heaven is for Real,Drama,2014-04-16,PG,Sony Pictures,99,12000000,91386097,9530202,100916299,5.8,9619589,0,2014,4,88916299,740.97,Medium Budget,Major Success
2251,The Golden Child,Action,1986-12-12,PG-13,Paramount,94,12000000,79817937,0,79817937,5.9,8401888,0,1986,12,67817937,565.15,Medium Budget,Major Success
2252,Star Trek II: The Wrath of Khan,Adventure,1982-06-04,PG,Paramount,116,12000000,78912963,16887037,95800000,7.7,8306628,0,1982,6,83800000,698.33,Medium Budget,Major Success
2253,Barbershop,Comedy,2002-09-13,PG-13,MGM,102,12000000,75781642,1281819,77063461,6.3,7977015,0,2002,9,65063461,542.2,Medium Budget,Major Success
2254,Ace Ventura: Pet Detective,Comedy,1994-02-04,PG-13,Warner Bros,78,12000000,72217396,35000000,107217396,6.9,7601831,0,1994,2,95217396,793.48,Medium Budget,Major Success
2255,Act of Valor,Action,2012-02-24,R,Relativity,110,12000000,70012847,12484188,82497035,6.5,7369773,0,2012,2,70497035,587.48,Medium Budget,Major Success
2256,Step Up,Drama,2006-08-11,PG-13,Walt Disney,104,12000000,65328121,45661036,110989157,6.5,6876644,0,2006,8,98989157,824.91,Medium Budget,Major Success
2257,Beavis and Butt-Head Do America,Adventure,1996-12-20,PG-13,Paramount,81,12000000,63118386,0,63118386,6.8,6644041,0,1996,12,51118386,425.99,Medium Budget,Major Success
2258,Lion,Drama,2016-11-25,PG-13,Weinstein Co.,114,12000000,51739495,98136181,149875676,,5446263,0,2016,11,137875676,1148.96,Medium Budget,Major Success
2259,Jackie Brown,Drama,1997-12-25,R,Miramax,154,12000000,39673162,35054330,74727492,7.5,4176122,0,1997,12,62727492,522.73,Medium Budget,Major Success
2260,Philomena,Drama,2013-11-22,PG-13,Weinstein Co.,98,12000000,37709979,61253413,98963392,7.6,3969471,0,2013,11,86963392,724.69,Medium Budget,Major Success
2261,Time Bandits,Adventure,1981-11-06,NR,Avco Embassy,103,12000000,37400000,0,37400000,7.0,3936842,0,1981,11,25400000,211.67,Medium Budget,Profit
2262,Paper Towns,Drama,2015-07-24,PG-13,20th Century Fox,109,12000000,32000304,53511996,85512300,6.4,3368453,0,2015,7,73512300,612.6,Medium Budget,Major Success
2263,Quarantine,Horror,2008-10-10,R,Sony Pictures,89,12000000,31691811,10232963,41924774,6.0,3335980,0,2008,10,29924774,249.37,Medium Budget,Profit
2264,One Hour Photo,Drama,2002-08-21,R,Fox Searchlight,96,12000000,31597131,20626175,52223306,6.8,3326014,0,2002,8,40223306,335.19,Medium Budget,Profit
2265,Johnson Family Vacation,Comedy,2004-04-07,PG-13,Fox Searchlight,97,12000000,31203964,82795,31286759,4.3,3284628,0,2004,4,19286759,160.72,Medium Budget,Profit
2266,How High,Comedy,2001-12-21,R,Universal Pictures,93,12000000,31155435,66960,31222395,6.2,3279519,0,2001,12,19222395,160.19,Medium Budget,Profit
2267,Spartacus,Action,1960-10-07,PG-13,Universal Pictures,109,12000000,30000000,30000000,60000000,,3157895,0,1960,10,48000000,400.0,Medium Budget,Profit
2268,Crank,Action,2006-09-01,R,Lionsgate,93,12000000,27838408,16086515,43924923,7.0,2930359,0,2006,9,31924923,266.04,Medium Budget,Profit
2269,The Muppet Christmas Carol,Comedy,1992-12-11,G,Walt Disney,89,12000000,27281507,211411,27492918,7.7,2871738,0,1992,12,15492918,129.11,Medium Budget,Profit
2270,Frida,Drama,2002-10-25,R,Miramax,123,12000000,25885000,30246239,56131239,7.4,2724737,0,2002,10,44131239,367.76,Medium Budget,Profit
2271,Top Five,Comedy,2014-12-12,R,Paramount,102,12000000,25317379,684362,26001741,6.5,2664987,0,2014,12,14001741,116.68,Medium Budget,Profit
2272,Rounders,Drama,1998-09-11,R,Miramax,121,12000000,22921898,0,22921898,7.4,2412831,0,1998,9,10921898,91.02,Medium Budget,Profit
2273,Project Almanac,Adventure,2015-01-30,PG-13,Paramount,106,12000000,22348241,10561196,32909437,6.4,2352446,0,2015,1,20909437,174.25,Medium Budget,Profit
2274,Tales from the Crypt: Demon Knight,Horror,1995-01-13,R,Universal Pictures,92,12000000,21089146,0,21089146,6.7,2219910,0,1995,1,9089146,75.74,Medium Budget,Profit
2275,The Upside of Anger,Drama,2005-03-11,R,New Line,118,12000000,18761993,10153768,28915761,6.9,1974947,0,2005,3,16915761,140.96,Medium Budget,Profit
2276,Aquamarine,Comedy,2006-03-03,PG,20th Century Fox,104,12000000,18597342,4381611,22978953,5.3,1957615,0,2006,3,10978953,91.49,Medium Budget,Profit
2277,Nebraska,Drama,2013-11-15,R,Paramount,115,12000000,17654912,7106448,24761360,7.8,1858412,0,2013,11,12761360,106.34,Medium Budget,Profit
2278,My Baby's Daddy,Comedy,2004-01-09,PG-13,Miramax,86,12000000,17321573,639,17322212,4.5,1823323,0,2004,1,5322212,44.35,Medium Budget,Profit
2279,Max Keeble's Big Move,Adventure,2001-10-05,PG,Walt Disney,91,12000000,17292381,0,17292381,5.3,1820251,0,2001,10,5292381,44.1,Medium Budget,Profit
2280,Young Adult,Comedy,2011-12-09,R,Paramount,94,12000000,16311571,6438785,22750356,6.3,1717007,0,2011,12,10750356,89.59,Medium Budget,Profit
2281,Wish Upon,Horror,2017-07-14,PG-13,Broad Green Pictures,98,12000000,14301505,9175840,23477345,,1505422,0,2017,7,11477345,95.64,Medium Budget,Profit
2282,Def Jam's How To Be a Player,Comedy,1997-08-06,R,Gramercy,98,12000000,14010363,0,14010363,,1474775,0,1997,8,2010363,16.75,Medium Budget,Profit
2283,Living Out Loud,Drama,1998-10-30,R,New Line,100,12000000,12905901,0,12905901,6.6,1358516,0,1998,10,905901,7.55,Medium Budget,Profit
2284,Rachel Getting Married,Drama,2008-10-03,R,Sony Pictures Classics,113,12000000,12796861,4678614,17475475,6.7,1347038,0,2008,10,5475475,45.63,Medium Budget,Profit
2285,The Postman Always Rings Twice,Drama,1981-03-20,NR,Paramount,122,12000000,12200000,32000000,44200000,6.6,1284211,0,1981,3,32200000,268.33,Medium Budget,Profit
2286,Girl with a Pearl Earring,Drama,2003-12-12,PG-13,Lionsgate,100,12000000,11634362,31640435,43274797,7.0,1224670,0,2003,12,31274797,260.62,Medium Budget,Profit
2287,Das Boot,Drama,1982-02-10,R,Sony Pictures,240,12000000,11487676,73482661,84970337,8.4,1209229,0,1982,2,72970337,608.09,Medium Budget,Major Success
2288,House of Flying Daggers,Action,2004-12-03,PG-13,Sony Pictures Classics,119,12000000,11050094,81813851,92863945,7.6,1163168,0,2004,12,80863945,673.87,Medium Budget,Major Success
2289,Sorority Boys,Comedy,2002-03-22,R,Walt Disney,93,12000000,10198766,2317456,12516222,5.4,1073554,0,2002,3,516222,4.3,Medium Budget,Profit
2290,Marshall,Drama,2017-10-13,PG-13,Open Road,114,12000000,10051659,65157,10116816,,1058069,0,2017,10,-1883184,-15.69,Medium Budget,Loss
2291,Cadillac Records,Drama,2008-12-05,R,Sony Pictures,109,12000000,8195551,746965,8942516,7.0,862690,0,2008,12,-3057484,-25.48,Medium Budget,Loss
2292,Screwed,Comedy,2000-05-12,PG-13,Universal Pictures,81,12000000,6982680,0,6982680,5.7,735019,0,2000,5,-5017320,-41.81,Medium Budget,Loss
2293,Running With Scissors,Comedy,2006-10-20,R,Sony Pictures,122,12000000,6860000,1846701,8706701,6.2,722105,0,2006,10,-3293299,-27.44,Medium Budget,Loss
2294,Fortress,Action,1993-09-03,R,Miramax,95,12000000,6730578,40000000,46730578,5.9,708482,0,1993,9,34730578,289.42,Medium Budget,Profit
2295,For Your Consideration,Comedy,2006-11-17,PG-13,Warner Independent,86,12000000,5549923,0,5549923,6.3,584202,0,2006,11,-6450077,-53.75,Medium Budget,Loss
2296,Celebrity,Comedy,1998-11-20,R,Miramax,113,12000000,5078660,1121340,6200000,6.3,534596,0,1998,11,-5800000,-48.33,Medium Budget,Loss
2297,Invaders from Mars,Horror,1986-06-06,NR,Cannon,100,12000000,4884663,100000,4984663,5.5,514175,0,1986,6,-7015337,-58.46,Medium Budget,Loss
2298,Girl 6,Comedy,1996-03-22,R,Fox Searchlight,108,12000000,4880941,0,4880941,5.0,513783,0,1996,3,-7119059,-59.33,Medium Budget,Loss
2299,Charlie Bartlett,Comedy,2008-02-22,R,MGM,97,12000000,3950294,1345615,5295909,7.0,415820,0,2008,2,-6704091,-55.87,Medium Budget,Loss
2300,Two Lovers,Drama,2009-02-13,R,Magnolia Pictures,110,12000000,3149034,13200000,16349034,7.1,331477,0,2009,2,4349034,36.24,Medium Budget,Profit
2301,Last Orders,Drama,2002-02-15,R,Sony Pictures Classics,109,12000000,2326407,0,2326407,7.0,244885,0,2002,2,-9673593,-80.61,Medium Budget,Loss
2302,Gwoemul,Action,2007-03-09,R,Magnolia Pictures,109,12000000,2201923,90416194,92618117,,231781,0,2007,3,80618117,671.82,Medium Budget,Major Success
2303,The Pursuit of D.B. Cooper,Adventure,1981-11-13,NR,Universal Pictures,100,12000000,2104164,0,2104164,5.7,221491,0,1981,11,-9895836,-82.47,Medium Budget,Loss
2304,Ravenous,Horror,1999-03-19,R,20th Century Fox,101,12000000,2062406,0,2062406,7.1,217095,0,1999,3,-9937594,-82.81,Medium Budget,Loss
2305,The Dangerous Lives of Altar Boys,Drama,2002-06-14,R,ThinkFilm,104,12000000,1779284,0,1779284,7.1,187293,0,2002,6,-10220716,-85.17,Medium Budget,Major Loss
2306,Stoker,Drama,2013-03-01,R,Fox Searchlight,99,12000000,1703125,10331788,12034913,6.8,179276,0,2013,3,34913,0.29,Medium Budget,Profit
2307,Married Life,Drama,2008-03-07,PG-13,Sony Pictures Classics,91,12000000,1506998,1468190,2975188,6.3,158631,0,2008,3,-9024812,-75.21,Medium Budget,Loss
2308,Kill the Irishman,Drama,2011-03-11,R,Anchor Bay Entertai…,114,12000000,1188194,0,1188194,,125073,0,2011,3,-10811806,-90.1,Medium Budget,Major Loss
2309,Duma,Adventure,2005-09-30,PG,Warner Bros,100,12000000,870067,124723,994790,7.3,91586,0,2005,9,-11005210,-91.71,Medium Budget,Major Loss
2310,Darling Companion,Comedy,2012-04-20,PG-13,Sony Pictures Classics,103,12000000,793352,406994,1200346,5.1,83511,0,2012,4,-10799654,-90.0,Medium Budget,Major Loss
2311,Ondine,Drama,2010-06-04,PG-13,Magnolia Pictures,111,12000000,550472,7073,557545,6.8,57944,0,2010,6,-11442455,-95.35,Medium Budget,Major Loss
2312,Life Before Her Eyes,Drama,2008-04-18,R,Magnolia Pictures,90,12000000,303439,6900000,7203439,6.4,31941,0,2008,4,-4796561,-39.97,Medium Budget,Loss
2313,Critical Care,Drama,1997-10-31,R,Independent,107,12000000,220175,0,220175,6.0,23176,0,1997,10,-11779825,-98.17,Medium Budget,Major Loss
2314,Trade,Drama,2007-09-28,R,Roadside Attractions,120,12000000,214202,1299186,1513388,7.5,22548,0,2007,9,-10486612,-87.39,Medium Budget,Major Loss
2315,Fateless,Drama,2006-01-06,R,ThinkFilm,134,12000000,196857,0,196857,7.1,20722,0,2006,1,-11803143,-98.36,Medium Budget,Major Loss
2316,San qiang pai an jing qi,Drama,2010-09-03,R,Sony Pictures Classics,114,12000000,190946,120000,310946,,20100,0,2010,9,-11689054,-97.41,Medium Budget,Major Loss
2317,Breakfast of Champions,Comedy,1999-09-17,R,Walt Disney,110,12000000,178287,0,178287,4.6,18767,0,1999,9,-11821713,-98.51,Medium Budget,Major Loss
2318,Company Man,Comedy,2001-03-09,PG-13,Independent,98,12000000,146028,476245,622273,,15371,0,2001,3,-11377727,-94.81,Medium Budget,Major Loss
2319,Nanjing! Nanjing!,Drama,2009-11-07,R,Kino International,114,12000000,122558,20000000,20122558,,12901,0,2009,11,8122558,67.69,Medium Budget,Profit
2320,Trash,Adventure,2015-10-09,R,Focus Features,114,12000000,17484,6535702,6553186,7.2,1840,0,2015,10,-5446814,-45.39,Medium Budget,Loss
2321,5 Days of War,Drama,2011-08-19,R,Anchor Bay Entertai…,113,12000000,17479,70314,87793,5.6,1840,0,2011,8,-11912207,-99.27,Medium Budget,Major Loss
2322,10 Days in a Madhouse,Drama,2015-11-11,R,Cafe Pictures,111,12000000,14616,0,14616,7.5,1539,0,2015,11,-11985384,-99.88,Medium Budget,Major Loss
2323,The Dressmaker,Drama,2016-09-23,R,Broad Green Pictures,114,11900000,2022115,22019502,24041617,,212854,0,2016,9,12141617,102.03,Medium Budget,Profit
2324,Diamonds,Comedy,1999-12-10,PG-13,Miramax,98,11900000,81897,0,81897,,8621,0,1999,12,-11818103,-99.31,Medium Budget,Major Loss
2325,Madadayo,Drama,1998-03-20,NR,WinStar Cinema,134,11900000,48856,0,48856,7.5,5143,0,1998,3,-11851144,-99.59,Medium Budget,Major Loss
2326,Carol,Drama,2015-11-20,R,Weinstein Co.,114,11800000,12711491,30183949,42895440,,1338052,0,2015,11,31095440,263.52,Medium Budget,Profit
2327,Pet Sematary,Horror,1989-04-21,R,Paramount,103,11500000,57469179,0,57469179,6.6,6049387,0,1989,4,45969179,399.73,Medium Budget,Profit
2328,Dirty Grandpa,Comedy,2016-01-22,R,Lionsgate,109,11500000,35593113,69648297,105241410,6.0,3746643,0,2016,1,93741410,815.14,Medium Budget,Major Success
2329,St. Trinian’s,Comedy,2009-10-09,PG-13,NeoClassics Films,100,11400000,15000,29815239,29830239,5.8,1579,0,2009,10,18430239,161.67,Medium Budget,Profit
2330,Star Wars Ep. IV: A New Hope,Adventure,1977-05-25,PG,20th Century Fox,97,11000000,460998007,325600000,786598007,8.6,48526106,0,1977,5,775598007,7050.89,Medium Budget,Major Success
2331,Gremlins,Comedy,1984-06-08,PG,Warner Bros,106,11000000,148168459,31056,148199515,7.2,15596680,0,1984,6,137199515,1247.27,Medium Budget,Major Success
2332,Doctor Zhivago,Drama,1965-12-22,PG-13,MGM,200,11000000,111721000,138493,111859493,8.0,11760105,0,1965,12,100859493,916.9,Medium Budget,Major Success
2333,The Fighter,Drama,2010-12-10,R,Paramount,116,11000000,93617009,35645379,129262388,7.9,9854422,0,2010,12,118262388,1075.11,Medium Budget,Major Success
2334,Fried Green Tomatoes,Drama,1991-12-27,PG-13,Universal Pictures,114,11000000,81204830,0,81204830,,8547877,0,1991,12,70204830,638.23,Medium Budget,Major Success
2335,Jackass: Number Two,Comedy,2006-09-22,R,Paramount,92,11000000,72778712,12500000,85278712,7.1,7660917,0,2006,9,74278712,675.26,Medium Budget,Major Success
2336,My Cousin Vinny,Comedy,1992-03-13,R,20th Century Fox,120,11000000,52929168,0,52929168,7.5,5571491,0,1992,3,41929168,381.17,Medium Budget,Profit
2337,If I Stay,Drama,2014-08-22,PG-13,Warner Bros,107,11000000,50474843,27881327,78356170,6.8,5313141,0,2014,8,67356170,612.33,Medium Budget,Major Success
2338,Major League,Comedy,1989-04-07,R,Paramount,107,11000000,49793054,0,49793054,7.2,5241374,0,1989,4,38793054,352.66,Medium Budget,Profit
2339,A Walk to Remember,Drama,2002-01-25,PG,Warner Bros,101,11000000,41227069,4833846,46060915,7.4,4339691,0,2002,1,35060915,318.74,Medium Budget,Profit
2340,Dead Man Walking,Drama,1995-12-29,R,Gramercy,122,11000000,39387284,43701011,83088295,7.6,4146030,0,1995,12,72088295,655.35,Medium Budget,Major Success
2341,Brooklyn,Drama,2015-11-04,PG-13,Fox Searchlight,111,11000000,38322743,23753398,62076141,7.5,4033973,0,2015,11,51076141,464.33,Medium Budget,Major Success
2342,Cruel Intentions,Drama,1999-03-05,R,Sony Pictures,97,11000000,38230075,37573641,75803716,6.9,4024218,0,1999,3,64803716,589.12,Medium Budget,Major Success
2343,The Secret Life of Bees,Drama,2008-10-17,PG-13,Fox Searchlight,110,11000000,37780486,2213861,39994347,7.3,3976893,0,2008,10,28994347,263.58,Medium Budget,Profit
2344,Woman in Gold,Drama,2015-04-01,PG-13,Weinstein Co.,109,11000000,33307793,23711799,57019592,7.3,3506083,0,2015,4,46019592,418.36,Medium Budget,Profit
2345,History of the World: Part I,Comedy,1981-06-12,NR,20th Century Fox,92,11000000,31672000,0,31672000,6.9,3333895,0,1981,6,20672000,187.93,Medium Budget,Profit
2346,Saw VI,Horror,2009-10-23,R,Lionsgate,92,11000000,27693292,42059110,69752402,6.0,2915083,0,2009,10,58752402,534.11,Medium Budget,Major Success
2347,Corky Romano,Comedy,2001-10-12,PG-13,Walt Disney,86,11000000,23978402,1137701,25116103,4.6,2524042,0,2001,10,14116103,128.33,Medium Budget,Profit
2348,F.I.S.T,Drama,1978-04-13,NR,United Artists,145,11000000,20388920,0,20388920,6.4,2146202,0,1978,4,9388920,85.35,Medium Budget,Profit
2349,Barry Lyndon,Drama,1975-01-01,PG,Warner Bros,184,11000000,20000000,169934,20169934,8.1,2105263,0,1975,1,9169934,83.36,Medium Budget,Profit
2350,Quartet,Comedy,2013-01-11,PG-13,Weinstein Co.,98,11000000,18388357,37790578,56178935,6.8,1935617,0,2013,1,45178935,410.72,Medium Budget,Profit
2351,Out Cold,Comedy,2001-11-21,PG-13,Walt Disney,89,11000000,13906394,880000,14786394,6.3,1463831,0,2001,11,3786394,34.42,Medium Budget,Profit
2352,The Ladies Man,Comedy,2000-10-13,R,Paramount,84,11000000,13592872,126602,13719474,5.1,1430829,0,2000,10,2719474,24.72,Medium Budget,Profit
2353,Tomcats,Comedy,2001-03-30,R,Sony Pictures,95,11000000,13558739,0,13558739,5.3,1427236,0,2001,3,2558739,23.26,Medium Budget,Profit
2354,Inside Llewyn Davis,Drama,2013-12-06,R,CBS Films,104,11000000,13248209,19695038,32943247,7.4,1394548,0,2013,12,21943247,199.48,Medium Budget,Profit
2355,Army of Darkness,Horror,1993-02-19,R,Universal Pictures,88,11000000,11502976,10000000,21502976,7.6,1210840,0,1993,2,10502976,95.48,Medium Budget,Profit
2356,Kinsey,Drama,2004-11-12,R,Fox Searchlight,118,11000000,10214647,7228882,17443529,7.1,1075226,0,2004,11,6443529,58.58,Medium Budget,Profit
2357,What's Eating Gilbert Grape,Drama,1993-12-25,PG-13,Paramount,118,11000000,9170214,0,9170214,7.8,965286,0,1993,12,-1829786,-16.63,Medium Budget,Loss
2358,Slackers,Comedy,2002-02-01,R,Sony Pictures,86,11000000,4814244,1127974,5942218,5.3,506763,0,2002,2,-5057782,-45.98,Medium Budget,Loss
2359,The Gospel of John,Drama,2003-09-26,PG-13,ThinkFilm,114,11000000,4068087,166268,4234355,,428220,0,2003,9,-6765645,-61.51,Medium Budget,Loss
2360,Vera Drake,Drama,2004-10-10,R,Fine Line,125,11000000,3753806,9600049,13353855,7.7,395137,0,2004,10,2353855,21.4,Medium Budget,Profit
2361,The Guru,Comedy,2003-01-31,R,Universal Pictures,94,11000000,3051221,21099329,24150550,5.4,321181,0,2003,1,13150550,119.55,Medium Budget,Profit
2362,Othello,Drama,1995-12-14,R,Sony Pictures,114,11000000,2844379,0,2844379,,299408,0,1995,12,-8155621,-74.14,Medium Budget,Loss
2363,The Perez Family,Comedy,1995-05-12,R,Goldwyn Entertainment,113,11000000,2794056,0,2794056,6.2,294111,0,1995,5,-8205944,-74.6,Medium Budget,Loss
2364,The Molly Maguires,Drama,1970-01-01,PG,Independent,124,11000000,2200000,0,2200000,6.9,231579,0,1970,1,-8800000,-80.0,Medium Budget,Loss
2365,Return to the Blue Lagoon,Adventure,1991-01-01,PG-13,Independent,102,11000000,2000000,0,2000000,5.1,210526,0,1991,1,-9000000,-81.82,Medium Budget,Loss
2366,Romance and Cigarettes,Comedy,2007-09-07,R,Borotoro,105,11000000,551002,2680249,3231251,6.3,58000,0,2007,9,-7768749,-70.62,Medium Budget,Loss
2367,Copying Beethoven,Drama,2006-11-10,PG-13,MGM,104,11000000,355968,6230356,6586324,6.8,37470,0,2006,11,-4413676,-40.12,Medium Budget,Loss
2368,Brighton Rock,Drama,2011-08-26,R,IFC Films,111,11000000,229653,0,229653,5.7,24174,0,2011,8,-10770347,-97.91,Medium Budget,Major Loss
2369,LOL,Comedy,2012-05-04,PG-13,Lionsgate,97,11000000,0,10431506,10431506,4.3,0,0,2012,5,-568494,-5.17,Medium Budget,Loss
2370,Saw V,Horror,2008-10-24,R,Lionsgate,95,10800000,56746769,61463009,118209778,5.8,5973344,0,2008,10,107409778,994.53,Medium Budget,Major Success
2371,Les Intouchables,Comedy,2012-05-25,R,Weinstein Co.,98,10800000,13182281,471690764,484873045,8.5,1387609,0,2012,5,474073045,4389.57,Medium Budget,Major Success
2372,Jindabyne,Drama,2007-04-27,R,Sony Pictures Classics,118,10800000,399879,2462665,2862544,6.4,42093,0,2007,4,-7937456,-73.49,Medium Budget,Loss
2373,Poltergeist,Horror,1982-06-04,PG,MGM,120,10700000,74706019,47000000,121706019,7.4,7863791,0,1982,6,111006019,1037.44,Medium Budget,Major Success
2374,An Ideal Husband,Comedy,1999-06-18,PG-13,Miramax,97,10700000,18542974,12798209,31341183,6.9,1951892,0,1999,6,20641183,192.91,Medium Budget,Profit
2375,Darkness,Horror,2004-12-25,PG-13,Miramax/Dimension,103,10600000,22163442,12245764,34409206,5.4,2332994,0,2004,12,23809206,224.62,Medium Budget,Profit
2376,ET: The Extra-Terrestrial,Drama,1982-06-11,PG,Universal Pictures,120,10500000,435110554,357854772,792965326,7.9,45801111,0,1982,6,782465326,7452.05,Medium Budget,Major Success
2377,2001: A Space Odyssey,Adventure,1968-04-02,G,MGM,161,10500000,58583410,11993082,70576492,8.3,6166675,0,1968,4,60076492,572.16,Medium Budget,Major Success
2378,In the Land of Women,Comedy,2007-04-20,PG-13,Warner Bros,97,10500000,11052958,3087444,14140402,6.5,1163469,0,2007,4,3640402,34.67,Medium Budget,Profit
2379,The Blue Butterfly,Drama,2004-02-20,PG,Alliance Films,97,10400000,1610194,0,1610194,6.3,169494,0,2004,2,-8789806,-84.52,Medium Budget,Loss
2380,Lovesick,Comedy,1983-02-18,NR,Warner Bros,70,10100000,10143618,0,10143618,7.9,1067749,0,1983,2,43618,0.43,Medium Budget,Profit
2381,September Dawn,Drama,2007-08-24,R,Black Diamond Pictures,111,10100000,1066555,0,1066555,5.8,112269,0,2007,8,-9033445,-89.44,Medium Budget,Loss
2382,Good Will Hunting,Drama,1997-12-05,R,Miramax,126,10000000,138433435,87492554,225925989,8.3,14571941,0,1997,12,215925989,2159.26,Low Budget,Major Success
2383,The Grudge,Horror,2004-10-22,PG-13,Sony Pictures,98,10000000,110359362,76921753,187281115,5.9,11616775,0,2004,10,177281115,1772.81,Low Budget,Major Success
2384,Don’t Breathe,Horror,2016-08-26,R,Sony Pictures,98,10000000,89217875,69829774,159047649,,9391355,0,2016,8,149047649,1490.48,Low Budget,Major Success
2385,Stripes,Comedy,1981-06-26,R,Columbia,117,10000000,85300000,0,85300000,6.9,8978947,0,1981,6,75300000,753.0,Low Budget,Major Success
2386,Saw III,Horror,2006-10-27,R,Lionsgate,121,10000000,80238724,83638091,163876815,6.2,8446181,0,2006,10,153876815,1538.77,Low Budget,Major Success
2387,The Purge: Election Year,Horror,2016-07-01,R,Universal Pictures,109,10000000,79042440,39514684,118557124,6.1,8320257,0,2016,7,108557124,1085.57,Low Budget,Major Success
2388,Book Club,Comedy,2018-05-18,PG-13,Paramount,98,10000000,68566296,21077523,89643819,,7217505,0,2018,5,79643819,796.44,Low Budget,Major Success
2389,Bring it On,Comedy,2000-08-25,PG-13,Universal Pictures,98,10000000,68353550,22100000,90453550,5.9,7195111,0,2000,8,80453550,804.54,Low Budget,Major Success
2390,Saw IV,Horror,2007-10-26,R,Lionsgate,96,10000000,63300095,72459599,135759694,5.9,6663168,0,2007,10,125759694,1257.6,Low Budget,Major Success
2391,Madea's Family Reunion,Comedy,2006-02-24,PG-13,Lionsgate,107,10000000,63257940,62581,63320521,5.0,6658731,0,2006,2,53320521,533.21,Low Budget,Major Success
2392,White Noise,Drama,2005-01-07,PG-13,Universal Pictures,101,10000000,56094360,36000000,92094360,5.5,5904669,0,2005,1,82094360,820.94,Low Budget,Major Success
2393,The Color of Money,Drama,1986-10-17,R,Walt Disney,119,10000000,52293000,0,52293000,7.0,5504526,0,1986,10,42293000,422.93,Low Budget,Profit
2394,Insidious Chapter 3,Horror,2015-06-05,PG-13,Focus Features,97,10000000,52218558,68459886,120678444,6.1,5496690,0,2015,6,110678444,1106.78,Low Budget,Major Success
2395,The Mighty Ducks,Comedy,1992-10-02,PG,Walt Disney,100,10000000,50752337,0,50752337,6.4,5342351,0,1992,10,40752337,407.52,Low Budget,Profit
2396,Lady Bird,Drama,2017-11-03,R,A24,114,10000000,48958273,29652496,78610769,,5153502,0,2017,11,68610769,686.11,Low Budget,Major Success
2397,The Best Exotic Marigold Hotel,Comedy,2012-05-04,PG-13,Fox Searchlight,124,10000000,46383639,88256141,134639780,7.3,4882488,0,2012,5,124639780,1246.4,Low Budget,Major Success
2398,Hereditary,Horror,2018-06-08,R,A24,98,10000000,44069456,26021323,70090779,,4638890,0,2018,6,60090779,600.91,Low Budget,Major Success
2399,"Love, Simon",Drama,2018-03-16,PG-13,20th Century Fox,114,10000000,40826341,24695344,65521685,,4297510,0,2018,3,55521685,555.22,Low Budget,Major Success
2400,Bill & Ted's Excellent Adventure,Adventure,1989-02-17,PG,Orion Pictures,90,10000000,40485039,0,40485039,6.9,4261583,0,1989,2,30485039,304.85,Low Budget,Profit
2401,The Longest Day,Action,1962-10-04,G,20th Century Fox,178,10000000,39100000,11000000,50100000,7.8,4115789,0,1962,10,40100000,401.0,Low Budget,Profit
2402,Happy Gilmore,Comedy,1996-02-16,PG-13,Universal Pictures,92,10000000,38623460,2380952,41004412,7.0,4065627,0,1996,2,31004412,310.04,Low Budget,Profit
2403,Jigsaw,Horror,2017-10-27,R,Lionsgate,98,10000000,38052832,64446750,102499582,,4005561,0,2017,10,92499582,925.0,Low Budget,Major Success
2404,Jeepers Creepers,Horror,2001-08-31,R,MGM,90,10000000,37904175,21034860,58939035,6.1,3989913,0,2001,8,48939035,489.39,Low Budget,Profit
2405,St. Elmo’s Fire,Drama,1985-06-28,R,Sony Pictures,114,10000000,37800000,0,37800000,,3978947,0,1985,6,27800000,278.0,Low Budget,Profit
2406,Recess: School's Out,Adventure,2001-02-16,G,Walt Disney,82,10000000,36696761,7754709,44451470,6.5,3862817,0,2001,2,34451470,344.51,Low Budget,Profit
2407,Mad Max Beyond Thunderdome,Action,1985-07-10,PG-13,Warner Bros,107,10000000,36230219,0,36230219,6.2,3813707,0,1985,7,26230219,262.3,Low Budget,Profit
2408,The Boy,Horror,2016-01-22,PG-13,STX Entertainment,97,10000000,35819556,32401396,68220952,6.0,3770480,0,2016,1,58220952,582.21,Low Budget,Major Success
2409,Commando,Action,1985-10-04,R,20th Century Fox,75,10000000,35073978,0,35073978,6.7,3691998,0,1985,10,25073978,250.74,Low Budget,Profit
2410,"Everything, Everything",Drama,2017-05-19,PG-13,Warner Bros,114,10000000,34121140,27483299,61604439,,3591699,0,2017,5,51604439,516.04,Low Budget,Major Success
2411,Devil,Horror,2010-09-17,PG-13,Universal Pictures,80,10000000,33679655,29674459,63354114,6.3,3545227,0,2010,9,53354114,533.54,Low Budget,Major Success
2412,Friday After Next,Comedy,2002-11-22,R,New Line,85,10000000,33253609,273226,33526835,5.8,3500380,0,2002,11,23526835,235.27,Low Budget,Profit
2413,The Last Dragon,Action,1985-03-22,NR,Sony Pictures,109,10000000,33000000,0,33000000,6.9,3473684,0,1985,3,23000000,230.0,Low Budget,Profit
2414,How to Be a Latin Lover,Comedy,2017-04-28,PG-13,Lionsgate,98,10000000,32149404,30406824,62556228,,3384148,0,2017,4,52556228,525.56,Low Budget,Major Success
2415,The Lawnmower Man,Action,1992-03-06,R,New Line,140,10000000,32100816,0,32100816,5.4,3379033,0,1992,3,22100816,221.01,Low Budget,Profit
2416,Nick and Norah's Infinite Playlist,Drama,2008-10-03,PG-13,Sony Pictures,90,10000000,31487293,2398724,33886017,6.7,3314452,0,2008,10,23886017,238.86,Low Budget,Profit
2417,Calendar Girls,Comedy,2003-12-19,PG-13,Walt Disney,98,10000000,31011616,62063000,93074616,,3264381,0,2003,12,83074616,830.75,Low Budget,Major Success
2418,Dogma,Comedy,1999-11-12,R,Lionsgate,130,10000000,30651422,13297443,43948865,7.4,3226465,0,1999,11,33948865,339.49,Low Budget,Profit
2419,The Banger Sisters,Comedy,2002-09-20,R,20th Century Fox,98,10000000,30306281,7760937,38067218,5.6,3190135,0,2002,9,28067218,280.67,Low Budget,Profit
2420,Road House,Action,1989-05-19,R,United Artists,114,10000000,30050028,0,30050028,6.5,3163161,0,1989,5,20050028,200.5,Low Budget,Profit
2421,Teen Titans Go! To The Movies,Adventure,2018-07-27,PG,Warner Bros,97,10000000,29562341,21849259,51411600,,3111825,0,2018,7,41411600,414.12,Low Budget,Profit
2422,Twilight Zone: The Movie,Horror,1983-06-24,PG,Warner Bros,101,10000000,29500000,0,29500000,6.5,3105263,0,1983,6,19500000,195.0,Low Budget,Profit
2423,A Low Down Dirty Shame,Action,1994-11-23,R,Walt Disney,100,10000000,29317886,0,29317886,5.8,3086093,0,1994,11,19317886,193.18,Low Budget,Profit
2424,Swimfan,Drama,2002-09-06,PG-13,20th Century Fox,85,10000000,28564995,5519233,34084228,5.0,3006842,0,2002,9,24084228,240.84,Low Budget,Profit
2425,Employee of the Month,Comedy,2006-10-06,PG-13,Lionsgate,103,10000000,28444855,9920000,38364855,5.5,2994195,0,2006,10,28364855,283.65,Low Budget,Profit
2426,Sinister 2,Horror,2015-08-21,R,Focus Features,97,10000000,27740955,26363270,54104225,5.2,2920101,0,2015,8,44104225,441.04,Low Budget,Profit
2427,The Outsiders,Drama,1983-03-25,PG-13,Warner Bros,114,10000000,25697647,0,25697647,7.2,2705015,0,1983,3,15697647,156.98,Low Budget,Profit
2428,Can't Hardly Wait,Comedy,1998-06-12,PG-13,Sony Pictures,100,10000000,25358996,0,25358996,6.5,2669368,0,1998,6,15358996,153.59,Low Budget,Profit
2429,Mud,Drama,2013-04-26,PG-13,Roadside Attractions,130,10000000,21590086,9966873,31556959,7.4,2272641,0,2013,4,21556959,215.57,Low Budget,Profit
2430,Blair Witch,Horror,2016-09-16,R,Lionsgate,98,10000000,20777061,16701213,37478274,,2187059,0,2016,9,27478274,274.78,Low Budget,Profit
2431,The Dead Zone,Horror,1983-10-21,NR,Paramount,103,10000000,20766000,0,20766000,7.2,2185895,0,1983,10,10766000,107.66,Low Budget,Profit
2432,Valentine,Horror,2001-02-02,R,Warner Bros,96,10000000,20384136,0,20384136,4.7,2145699,0,2001,2,10384136,103.84,Low Budget,Profit
2433,A Prairie Home Companion,Comedy,2006-06-09,PG-13,Picturehouse,105,10000000,20342852,6373339,26716191,6.8,2141353,0,2006,6,16716191,167.16,Low Budget,Profit
2434,Reno 911!: Miami,Comedy,2007-02-23,R,20th Century Fox,84,10000000,20342161,1509201,21851362,5.9,2141280,0,2007,2,11851362,118.51,Low Budget,Profit
2435,Jane Austen's Mafia,Comedy,1998-07-24,PG-13,Walt Disney,98,10000000,19843795,10300000,30143795,,2088821,0,1998,7,20143795,201.44,Low Budget,Profit
2436,Sugar Hill,Drama,1994-02-25,R,20th Century Fox,123,10000000,18272447,151467,18423914,5.9,1923415,0,1994,2,8423914,84.24,Low Budget,Profit
2437,Kit Kittredge: An American Girl,Drama,2008-06-20,G,Picturehouse,101,10000000,17657973,0,17657973,6.7,1858734,0,2008,6,7657973,76.58,Low Budget,Profit
2438,Invasion U.S.A.,Action,1985-09-27,R,Cannon,107,10000000,17536256,0,17536256,5.3,1845922,0,1985,9,7536256,75.36,Low Budget,Profit
2439,Roll Bounce,Comedy,2005-09-23,PG-13,Fox Searchlight,112,10000000,17380866,52206,17433072,6.0,1829565,0,2005,9,7433072,74.33,Low Budget,Profit
2440,Tremors,Action,1990-01-19,PG-13,Universal Pictures,96,10000000,16667084,0,16667084,7.1,1754430,0,1990,1,6667084,66.67,Low Budget,Profit
2441,Mo' Better Blues,Drama,1990-08-03,R,Universal Pictures,129,10000000,16153000,0,16153000,6.5,1700316,0,1990,8,6153000,61.53,Low Budget,Profit
2442,Kung Pow: Enter the Fist,Comedy,2002-01-25,PG-13,20th Century Fox,81,10000000,16033556,1000000,17033556,6.2,1687743,0,2002,1,7033556,70.34,Low Budget,Profit
2443,The Birth of a Nation,Drama,2016-10-07,R,Fox Searchlight,120,10000000,15861566,1029445,16891011,5.4,1669639,0,2016,10,6891011,68.91,Low Budget,Profit
2444,Wrong Turn,Horror,2003-05-30,R,20th Century Fox,84,10000000,15417771,13231785,28649556,6.1,1622923,0,2003,5,18649556,186.5,Low Budget,Profit
2445,The Long Riders,Action,1980-05-16,NR,United Artists,100,10000000,15198912,0,15198912,7.1,1599885,0,1980,5,5198912,51.99,Low Budget,Profit
2446,The Corruptor,Action,1999-03-12,R,New Line,110,10000000,15164492,0,15164492,6.0,1596262,0,1999,3,5164492,51.64,Low Budget,Profit
2447,"The Goods: Live Hard, Sell Hard",Comedy,2009-08-14,R,Paramount Vantage,89,10000000,15122676,174642,15297318,5.8,1591861,0,2009,8,5297318,52.97,Low Budget,Profit
2448,My Week with Marilyn,Drama,2011-11-23,R,Weinstein Co.,99,10000000,14597405,19643167,34240572,7.0,1536569,0,2011,11,24240572,242.41,Low Budget,Profit
2449,Big Eyes,Drama,2014-12-25,PG-13,Weinstein Co.,106,10000000,14482031,12835841,27317872,7.0,1524424,0,2014,12,17317872,173.18,Low Budget,Profit
2450,Hey Arnold! The Movie,Adventure,2002-06-28,PG,Paramount,76,10000000,13684949,0,13684949,5.9,1440521,0,2002,6,3684949,36.85,Low Budget,Profit
2451,Love Jones,Drama,1997-03-14,R,New Line,104,10000000,12554569,0,12554569,7.4,1321534,0,1997,3,2554569,25.55,Low Budget,Profit
2452,End of the Spear,Drama,2006-01-20,PG-13,M Power Releasing,108,10000000,11748661,175380,11924041,7.0,1236701,0,2006,1,1924041,19.24,Low Budget,Profit
2453,The Legend of Drunken Master,Action,2000-10-20,R,Miramax,102,10000000,11546543,0,11546543,7.6,1215426,0,2000,10,1546543,15.47,Low Budget,Profit
2454,Drop Dead Gorgeous,Comedy,1999-07-23,PG-13,New Line,97,10000000,10571408,0,10571408,6.5,1112780,0,1999,7,571408,5.71,Low Budget,Profit
2455,The Spanish Prisoner,Drama,1998-04-03,PG,Sony Pictures Classics,110,10000000,10162034,3673096,13835130,7.3,1069688,0,1998,4,3835130,38.35,Low Budget,Profit
2456,Le Violon rouge,Drama,1999-06-11,R,Lionsgate,114,10000000,10019109,0,10019109,,1054643,0,1999,6,19109,0.19,Low Budget,Profit
2457,Sleepover,Adventure,2004-07-09,PG,MGM,89,10000000,9408183,0,9408183,5.3,990335,0,2004,7,-591817,-5.92,Low Budget,Loss
2458,Movie 43,Comedy,2013-01-25,R,Relativity,94,10000000,8840453,22324294,31164747,4.3,930574,0,2013,1,21164747,211.65,Low Budget,Profit
2459,MacGruber,Comedy,2010-05-21,R,Universal Pictures,95,10000000,8525600,104295,8629895,5.5,897432,0,2010,5,-1370105,-13.7,Low Budget,Loss
2460,Dirty Pretty Things,Drama,2003-07-18,R,Miramax,97,10000000,8112414,6044339,14156753,7.4,853938,0,2003,7,4156753,41.57,Low Budget,Profit
2461,Bad Words,Comedy,2014-03-14,R,Focus Features,89,10000000,7779614,63531,7843145,6.7,818907,0,2014,3,-2156855,-21.57,Low Budget,Loss
2462,While We're Young,Comedy,2015-03-27,R,A24,97,10000000,7582065,7374419,14956484,6.3,798112,0,2015,3,4956484,49.56,Low Budget,Profit
2463,Over Her Dead Body,Comedy,2008-02-01,PG-13,New Line,95,10000000,7570127,14025947,21596074,5.2,796855,0,2008,2,11596074,115.96,Low Budget,Profit
2464,Bones,Horror,2001-10-24,R,New Line,70,10000000,7316658,1062195,8378853,7.9,770175,0,2001,10,-1621147,-16.21,Low Budget,Loss
2465,Cedar Rapids,Comedy,2011-02-11,R,Fox Searchlight,87,10000000,6861102,1001029,7862131,6.3,722221,0,2011,2,-2137869,-21.38,Low Budget,Loss
2466,The Collection,Horror,2012-11-30,R,LD Distribution,82,10000000,6810754,2079340,8890094,6.1,716921,0,2012,11,-1109906,-11.1,Low Budget,Loss
2467,American History X,Drama,1998-10-30,R,New Line,101,10000000,6719864,0,6719864,8.6,707354,0,1998,10,-3280136,-32.8,Low Budget,Loss
2468,Teacher's Pet: The Movie,Adventure,2004-01-16,PG,Walt Disney,97,10000000,6491969,0,6491969,,683365,0,2004,1,-3508031,-35.08,Low Budget,Loss
2469,The Straight Story,Drama,1999-10-15,G,Walt Disney,112,10000000,6197866,0,6197866,8.0,652407,0,1999,10,-3802134,-38.02,Low Budget,Loss
2470,Deuces Wild,Drama,2002-05-03,R,MGM,96,10000000,6044618,200000,6244618,5.6,636276,0,2002,5,-3755382,-37.55,Low Budget,Loss
2471,"Run, Fatboy, Run",Comedy,2008-03-28,PG-13,Picturehouse,100,10000000,6003262,27508998,33512260,6.6,631922,0,2008,3,23512260,235.12,Low Budget,Profit
2472,Heartbeeps,Comedy,1981-12-18,NR,Universal Pictures,78,10000000,6000000,0,6000000,4.2,631579,0,1981,12,-4000000,-40.0,Low Budget,Loss
2473,Danny Collins,Comedy,2015-03-20,R,Bleecker Street,106,10000000,5637066,1864066,7501132,7.1,593375,0,2015,3,-2498868,-24.99,Low Budget,Loss
2474,Rescue Dawn,Action,2007-07-04,PG-13,MGM,120,10000000,5490423,1547463,7037886,7.3,577939,0,2007,7,-2962114,-29.62,Low Budget,Loss
2475,Black and White,Drama,2000-04-05,R,Sony Pictures,114,10000000,5241315,0,5241315,,551717,0,2000,4,-4758685,-47.59,Low Budget,Loss
2476,Io sono l’amore,Drama,2010-06-18,R,Magnolia Pictures,114,10000000,5005465,10116063,15121528,,526891,0,2010,6,5121528,51.22,Low Budget,Profit
2477,Gotti,Drama,2018-06-15,R,Vertical Entertainment,114,10000000,4286367,1802733,6089100,,451197,0,2018,6,-3910900,-39.11,Low Budget,Loss
2478,"Jeff, Who Lives at Home",Comedy,2012-03-16,R,Paramount Vantage,83,10000000,4269426,438701,4708127,6.5,449413,0,2012,3,-5291873,-52.92,Low Budget,Loss
2479,Denial,Drama,2016-09-30,PG-13,Bleecker Street,114,10000000,4073448,5190492,9263940,,428784,0,2016,9,-736060,-7.36,Low Budget,Loss
2480,Everybody Wants Some,Comedy,2016-03-30,R,Paramount,98,10000000,3400278,2036848,5437126,,357924,0,2016,3,-4562874,-45.63,Low Budget,Loss
2481,Crash,Drama,1996-10-04,R,Fine Line,115,10000000,3357324,0,3357324,7.9,353403,0,1996,10,-6642676,-66.43,Low Budget,Loss
2482,Atlas Shrugged: Part II,Drama,2012-10-12,PG-13,Atlas Distribution,114,10000000,3336053,0,3336053,,351163,0,2012,10,-6663947,-66.64,Low Budget,Loss
2483,Romeo Is Bleeding,Drama,1994-02-04,R,Gramercy,100,10000000,3275585,0,3275585,6.6,344798,0,1994,2,-6724415,-67.24,Low Budget,Loss
2484,The Limey,Drama,1999-10-08,R,Artisan,89,10000000,3193102,2836945,6030047,7.1,336116,0,1999,10,-3969953,-39.7,Low Budget,Loss
2485,Rosewater,Drama,2014-11-14,R,Open Road,103,10000000,3128941,56776,3185717,6.6,329362,0,2014,11,-6814283,-68.14,Low Budget,Loss
2486,The House of Mirth,Drama,2000-12-22,PG,Sony Pictures Classics,135,10000000,3041803,2107328,5149131,7.1,320190,0,2000,12,-4850869,-48.51,Low Budget,Loss
2487,Malone,Action,1987-05-01,R,Orion Pictures,92,10000000,3000000,0,3000000,5.6,315789,0,1987,5,-7000000,-70.0,Low Budget,Loss
2488,Peaceful Warrior,Drama,2006-06-02,PG-13,Universal Pictures,120,10000000,2893666,366513,3260179,7.3,304596,0,2006,6,-6739821,-67.4,Low Budget,Loss
2489,Bucky Larson: Born to Be a Star,Comedy,2011-09-09,R,Sony Pictures,97,10000000,2529395,0,2529395,3.3,266252,0,2011,9,-7470605,-74.71,Low Budget,Loss
2490,Bamboozled,Drama,2000-10-06,R,New Line,135,10000000,2185266,188671,2373937,6.5,230028,0,2000,10,-7626063,-76.26,Low Budget,Loss
2491,The Iceman,Drama,2013-05-03,R,Alchemy,106,10000000,1930282,1693327,3623609,6.9,203188,0,2013,5,-6376391,-63.76,Low Budget,Loss
2492,Free Fire,Action,2017-04-21,R,A24,109,10000000,1799322,1994417,3793739,,189402,0,2017,4,-6206261,-62.06,Low Budget,Loss
2493,A Better Life,Drama,2011-06-24,PG-13,Summit Entertainment,98,10000000,1759252,124999,1884251,7.2,185184,0,2011,6,-8115749,-81.16,Low Budget,Loss
2494,Spider,Drama,2003-02-28,R,Sony Pictures Classics,98,10000000,1641788,0,1641788,6.8,172820,0,2003,2,-8358212,-83.58,Low Budget,Loss
2495,Nicholas Nickleby,Drama,2002-12-27,PG,United Artists,132,10000000,1562800,0,1562800,7.2,164505,0,2002,12,-8437200,-84.37,Low Budget,Loss
2496,50 to 1,Drama,2014-03-21,PG-13,Ten Furlongs,114,10000000,1069454,0,1069454,,112574,0,2014,3,-8930546,-89.31,Low Budget,Loss
2497,Owning Mahowny,Drama,2003-05-02,R,Sony Pictures Classics,104,10000000,1011054,0,1011054,7.2,106427,0,2003,5,-8988946,-89.89,Low Budget,Loss
2498,The Ten Commandments,Adventure,2007-10-19,PG,Rocky Mountain Pict…,97,10000000,952820,99087,1051907,,100297,0,2007,10,-8948093,-89.48,Low Budget,Loss
2499,The Brothers Solomon,Comedy,2007-09-07,R,Sony Pictures,93,10000000,900926,0,900926,5.3,94834,0,2007,9,-9099074,-90.99,Low Budget,Loss
2500,My Blueberry Nights,Drama,2008-04-04,PG-13,Weinstein Co.,95,10000000,866778,21332218,22198996,6.7,91240,0,2008,4,12198996,121.99,Low Budget,Profit
2501,Illuminata,Drama,1999-08-06,R,Artisan,119,10000000,836641,0,836641,6.2,88067,0,1999,8,-9163359,-91.63,Low Budget,Loss
2502,Coriolanus,Drama,2012-01-20,R,Weinstein Co.,123,10000000,749641,1429982,2179623,6.2,78910,0,2012,1,-7820377,-78.2,Low Budget,Loss
2503,Parkland,Drama,2013-10-04,PG-13,Exclusive Releasing,114,10000000,641439,974914,1616353,,67520,0,2013,10,-8383647,-83.84,Low Budget,Loss
2504,Shaolin Soccer,Comedy,2004-04-02,PG-13,Miramax,85,10000000,488872,42287160,42776032,7.3,51460,0,2004,4,32776032,327.76,Low Budget,Profit
2505,King of California,Drama,2007-09-14,PG-13,First Look,114,10000000,268461,896641,1165102,,28259,0,2007,9,-8834898,-88.35,Low Budget,Loss
2506,Rien ne va plus,Comedy,1997-10-24,NR,New Yorker,98,10000000,245359,4800000,5045359,,25827,0,1997,10,-4954641,-49.55,Low Budget,Loss
2507,La femme de chambre du Titanic,Drama,1998-08-14,NR,MGM,114,10000000,244465,0,244465,,25733,0,1998,8,-9755535,-97.56,Low Budget,Loss
2508,Imaginary Heroes,Drama,2004-12-17,R,Sony Pictures Classics,111,10000000,228524,62351,290875,7.3,24055,0,2004,12,-9709125,-97.09,Low Budget,Loss
2509,"Cinco de Mayo, La Batalla",Action,2013-05-03,R,Lionsgate,125,10000000,173472,0,173472,6.2,18260,0,2013,5,-9826528,-98.27,Low Budget,Loss
2510,Welcome to the Rileys,Drama,2010-10-29,R,Samuel Goldwyn Films,110,10000000,152857,203062,355919,7.0,16090,0,2010,10,-9644081,-96.44,Low Budget,Loss
2511,Kicks,Adventure,2016-09-09,R,Focus World,80,10000000,150191,0,150191,7.8,15810,0,2016,9,-9849809,-98.5,Low Budget,Loss
2512,High School,Comedy,2012-06-01,R,Anchor Bay Entertai…,98,10000000,139034,109099,248133,,14635,0,2012,6,-9751867,-97.52,Low Budget,Loss
2513,Severance,Comedy,2007-05-18,R,Magnolia Pictures,90,10000000,137221,5812781,5950002,6.6,14444,0,2007,5,-4049998,-40.5,Low Budget,Loss
2514,Joheunnom nabbeunnom isanghannom,Action,2010-04-23,R,Independent,109,10000000,128486,42098171,42226657,,13525,0,2010,4,32226657,322.27,Low Budget,Profit
2515,Police Academy 7: Mission to Moscow,Comedy,1994-08-26,PG,Warner Bros,98,10000000,126247,0,126247,,13289,0,1994,8,-9873753,-98.74,Low Budget,Loss
2516,Blood Done Sign My Name,Drama,2010-02-19,PG-13,Paladin,128,10000000,109383,0,109383,6.7,11514,0,2010,2,-9890617,-98.91,Low Budget,Loss
2517,Motherhood,Comedy,2009-10-23,PG-13,Freestyle Releasing,90,10000000,93388,630000,723388,4.7,9830,0,2009,10,-9276612,-92.77,Low Budget,Loss
2518,Eulogy,Comedy,2004-10-15,R,Artisan,85,10000000,70527,0,70527,6.7,7424,0,2004,10,-9929473,-99.29,Low Budget,Loss
2519,Elsa & Fred,Comedy,2014-11-07,PG-13,Alchemy,97,10000000,67657,41487,109144,6.5,7122,0,2014,11,-9890856,-98.91,Low Budget,Loss
2520,The Open Road,Drama,2009-08-28,PG-13,Anchor Bay Entertai…,91,10000000,19716,0,19716,5.5,2075,0,2009,8,-9980284,-99.8,Low Budget,Loss
2521,Strangerland,Drama,2015-07-10,R,Alchemy,112,10000000,17472,143625,161097,5.2,1839,0,2015,7,-9838903,-98.39,Low Budget,Loss
2522,Janky Promoters,Comedy,2009-10-16,R,Third Rail,85,10000000,9069,0,9069,5.2,955,0,2009,10,-9990931,-99.91,Low Budget,Loss
2523,Blonde Ambition,Comedy,2007-12-21,PG-13,First Look,93,10000000,6422,1531057,1537479,3.9,676,0,2007,12,-8462521,-84.63,Low Budget,Loss
2524,It's a Wonderful Afterlife,Comedy,2010-10-08,PG-13,UTV Communications,100,10000000,0,1642939,1642939,5.4,0,0,2010,10,-8357061,-83.57,Low Budget,Loss
2525,Fifty Dead Men Walking,Drama,2009-08-21,R,Phase 4 Films,117,10000000,0,997921,997921,6.9,0,0,2009,8,-9002079,-90.02,Low Budget,Loss
2526,Plastic,Action,2014-09-26,R,ARC Entertainment,102,10000000,0,575371,575371,6.0,0,0,2014,9,-9424629,-94.25,Low Budget,Loss
2527,Partition,Drama,2007-02-02,NR,Independent,116,10000000,0,0,0,7.0,0,0,2007,2,-10000000,-100.0,Low Budget,Major Loss
2528,Detention,Comedy,2012-04-13,R,Samuel Goldwyn Films,93,10000000,0,0,0,5.8,0,0,2012,4,-10000000,-100.0,Low Budget,Major Loss
2529,Nurse 3D,Horror,2014-02-07,R,Lionsgate,84,10000000,0,0,0,4.6,0,0,2014,2,-10000000,-100.0,Low Budget,Major Loss
2530,American Heist,Action,2015-07-21,R,Lionsgate,94,10000000,0,0,0,5.2,0,0,2015,7,-10000000,-100.0,Low Budget,Major Loss
2531,Amour,Drama,2012-12-19,PG-13,Sony Pictures Classics,127,9700000,6738954,30048090,36787044,7.9,709364,0,2012,12,27087044,279.25,Low Budget,Profit
2532,The Lost City,Drama,2006-04-28,R,Magnolia Pictures,144,9600000,2484186,2772653,5256839,6.7,261493,0,2006,4,-4343161,-45.24,Low Budget,Loss
2533,Next Friday,Comedy,2000-01-12,R,New Line,98,9500000,57176582,2498725,59675307,6.1,6018588,0,2000,1,50175307,528.16,Low Budget,Major Success
2534,You Only Live Twice,Action,1967-06-13,PG,MGM,117,9500000,43100000,68500000,111600000,6.9,4536842,0,1967,6,102100000,1074.74,Low Budget,Major Success
2535,Poltergeist III,Horror,1988-06-10,PG-13,MGM,98,9500000,14114000,0,14114000,4.5,1485684,0,1988,6,4614000,48.57,Low Budget,Profit
2536,The Runaways,Drama,2010-03-19,R,Apparition,106,9500000,3573673,1704959,5278632,6.6,376176,0,2010,3,-4221368,-44.44,Low Budget,Loss
2537,Gentlemen Broncos,Comedy,2009-10-30,PG-13,Fox Searchlight,89,9500000,115155,4800,119955,6.1,12122,0,2009,10,-9380045,-98.74,Low Budget,Loss
2538,It's a Mad Mad Mad Mad World,Comedy,1963-11-07,NR,Independent,197,9400000,46300000,13700000,60000000,7.6,4873684,0,1963,11,50600000,538.3,Low Budget,Major Success
2539,Volver,Comedy,2006-11-03,R,Sony Pictures Classics,121,9400000,12899867,74326746,87226613,7.6,1357881,0,2006,11,77826613,827.94,Low Budget,Major Success
2540,Heavy Metal,Adventure,1981-08-07,NR,Sony Pictures,90,9300000,19571091,0,19571091,6.7,2060115,0,1981,8,10271091,110.44,Low Budget,Profit
2541,Richard III,Drama,1995-12-29,R,MGM,104,9200000,2684904,1514430,4199334,7.5,282621,0,1995,12,-5000666,-54.36,Low Budget,Loss
2542,Alien,Horror,1979-05-25,R,20th Century Fox,116,9000000,80930630,122700000,203630630,8.5,8519014,0,1979,5,194630630,2162.56,Low Budget,Major Success
2543,Thunderball,Action,1965-12-29,PG,MGM,130,9000000,63600000,77600000,141200000,7.0,6694737,0,1965,12,132200000,1468.89,Low Budget,Major Success
2544,Set It Off,Drama,1996-11-06,R,New Line,123,9000000,36049108,0,36049108,6.8,3794643,0,1996,11,27049108,300.55,Low Budget,Profit
2545,Ouija: Origin of Evil,Horror,2016-10-21,PG-13,Universal Pictures,98,9000000,35144505,46687361,81831866,,3699422,0,2016,10,72831866,809.24,Low Budget,Major Success
2546,Child's Play,Horror,1988-11-09,R,United Artists,87,9000000,33244684,10952000,44196684,6.5,3499440,0,1988,11,35196684,391.07,Low Budget,Profit
2547,Black or White,Drama,2015-01-30,PG-13,Relativity,121,9000000,21571189,399832,21971021,6.6,2270651,0,2015,1,12971021,144.12,Low Budget,Profit
2548,Harold & Kumar Go to White Castle,Comedy,2004-07-30,R,New Line,88,9000000,18225165,0,18225165,7.1,1918438,0,2004,7,9225165,102.5,Low Budget,Profit
2549,The Contender,Drama,2000-10-13,R,DreamWorks,126,9000000,17804273,0,17804273,7.0,1874134,0,2000,10,8804273,97.83,Low Budget,Profit
2550,Boiler Room,Drama,2000-02-18,R,New Line,120,9000000,16963963,11809674,28773637,7.0,1785680,0,2000,2,19773637,219.71,Low Budget,Profit
2551,Black Christmas,Horror,2006-12-05,R,MGM,94,9000000,16235738,0,16235738,4.5,1709025,0,2006,12,7235738,80.4,Low Budget,Profit
2552,The Edge of Seventeen,Drama,2016-11-18,R,STX Entertainment,114,9000000,14431633,4664370,19096003,,1519119,0,2016,11,10096003,112.18,Low Budget,Profit
2553,Jackie,Drama,2016-12-02,R,Fox Searchlight,114,9000000,13960394,15385489,29345883,,1469515,0,2016,12,20345883,226.07,Low Budget,Profit
2554,The Ice Pirates,Comedy,1984-03-16,NR,MGM/UA Classics,91,9000000,13075390,0,13075390,5.7,1376357,0,1984,3,4075390,45.28,Low Budget,Profit
2555,Henry V,Action,1989-11-08,PG-13,Goldwyn Entertainment,137,9000000,10161099,15602,10176701,7.7,1069589,0,1989,11,1176701,13.07,Low Budget,Profit
2556,Loving,Drama,2016-11-04,PG-13,Focus Features,114,9000000,7710234,5187830,12898064,,811604,0,2016,11,3898064,43.31,Low Budget,Profit
2557,The Savages,Drama,2007-11-28,R,Fox Searchlight,141,9000000,6623082,4018941,10642023,6.5,697167,0,2007,11,1642023,18.24,Low Budget,Profit
2558,Chasing Papi,Comedy,2003-04-16,PG,20th Century Fox,76,9000000,6126237,6531140,12657377,4.8,644867,0,2003,4,3657377,40.64,Low Budget,Profit
2559,The Way of the Gun,Action,2000-09-08,R,Artisan,119,9000000,6047856,7014079,13061935,6.7,636616,0,2000,9,4061935,45.13,Low Budget,Profit
2560,Hamlet 2,Comedy,2008-08-22,R,Focus Features,92,9000000,4886216,47888,4934104,6.4,514339,0,2008,8,-4065896,-45.18,Low Budget,Loss
2561,Igby Goes Down,Comedy,2002-09-13,R,MGM,99,9000000,4777465,0,4777465,7.0,502891,0,2002,9,-4222535,-46.92,Low Budget,Loss
2562,PCU,Comedy,1994-04-29,PG-13,20th Century Fox,79,9000000,4333569,0,4333569,6.5,456165,0,1994,4,-4666431,-51.85,Low Budget,Loss
2563,The Ultimate Gift,Drama,2007-03-09,PG,Film Foundry,114,9000000,3438735,0,3438735,7.4,361972,0,2007,3,-5561265,-61.79,Low Budget,Loss
2564,Beautiful,Drama,2000-09-29,PG-13,Destination Films,114,9000000,3134509,0,3134509,,329948,0,2000,9,-5865491,-65.17,Low Budget,Loss
2565,Gracie,Drama,2007-06-01,PG-13,Picturehouse,95,9000000,2956339,965704,3922043,6.2,311194,0,2007,6,-5077957,-56.42,Low Budget,Loss
2566,Greater,Drama,2016-08-26,PG,Hammond Entertainment,114,9000000,2000093,0,2000093,,210536,0,2016,8,-6999907,-77.78,Low Budget,Loss
2567,Trust the Man,Comedy,2006-08-18,R,Fox Searchlight,103,9000000,1530535,1017843,2548378,5.7,161109,0,2006,8,-6451622,-71.68,Low Budget,Loss
2568,Princess Kaiulani,Drama,2010-05-14,PG,Roadside Attractions,97,9000000,883887,0,883887,6.2,93041,0,2010,5,-8116113,-90.18,Low Budget,Loss
2569,Dheepan,Drama,2016-05-06,R,Sundance Selects,114,9000000,248795,7455562,7704357,,26189,0,2016,5,-1295643,-14.4,Low Budget,Loss
2570,All or Nothing,Drama,2002-10-25,R,MGM,121,9000000,184255,0,184255,7.6,19395,0,2002,10,-8815745,-97.95,Low Budget,Loss
2571,Opal Dream,Drama,2006-11-22,PG,Strand,86,9000000,14443,0,14443,6.6,1520,0,2006,11,-8985557,-99.84,Low Budget,Loss
2572,Skin Trade,Action,2015-05-08,R,Magnolia Pictures,96,9000000,1242,0,1242,5.7,131,0,2015,5,-8998758,-99.99,Low Budget,Loss
2573,Veronika Decides to Die,Drama,2015-01-20,R,Entertainment One,103,9000000,0,2243,2243,6.5,0,0,2015,1,-8997757,-99.98,Low Budget,Loss
2574,Barbarella,Adventure,1968-10-10,PG,Paramount,98,9000000,0,0,0,5.9,0,0,1968,10,-9000000,-100.0,Low Budget,Loss
2575,Ultramarines,Action,2011-02-26,R,Codex Pictures,109,8900000,0,0,0,,0,0,2011,2,-8900000,-100.0,Low Budget,Loss
2576,Crocodile Dundee,Comedy,1986-09-26,PG-13,Paramount,93,8800000,174803506,153400000,328203506,6.5,18400369,0,1986,9,319403506,3629.59,Low Budget,Major Success
2577,Manchester by the Sea,Drama,2016-11-18,R,Roadside Attractions,114,8500000,47695371,30038496,77733867,,5020565,0,2016,11,69233867,814.52,Low Budget,Major Success
2578,Crazy Heart,Drama,2009-12-16,R,Fox Searchlight,112,8500000,39471742,7945509,47417251,7.3,4154920,0,2009,12,38917251,457.85,Low Budget,Profit
2579,Star Wars: The Clone Wars,Adventure,2008-08-15,PG,Warner Bros,70,8500000,35161554,33533889,68695443,7.9,3701216,0,2008,8,60195443,708.18,Low Budget,Major Success
2580,The DUFF,Comedy,2015-02-20,PG-13,CBS Films,101,8500000,34030343,9498291,43528634,6.5,3582141,0,2015,2,35028634,412.1,Low Budget,Profit
2581,The Lost Boys,Horror,1987-07-31,R,Warner Bros,97,8500000,32222567,0,32222567,7.2,3391849,0,1987,7,23722567,279.09,Low Budget,Profit
2582,The Rose,Drama,1979-11-07,NR,20th Century Fox,125,8500000,29200000,0,29200000,6.9,3073684,0,1979,11,20700000,243.53,Low Budget,Profit
2583,Haakon Haakonsen,Adventure,1991-03-01,PG,Walt Disney,97,8500000,15024232,0,15024232,,1581498,0,1991,3,6524232,76.76,Low Budget,Profit
2584,The Namesake,Drama,2007-03-09,PG-13,Fox Searchlight,122,8500000,13610521,6678253,20288774,7.6,1432686,0,2007,3,11788774,138.69,Low Budget,Profit
2585,Club Dread,Comedy,2004-02-27,R,Fox Searchlight,119,8500000,5001655,2571896,7573551,5.6,526490,0,2004,2,-926449,-10.9,Low Budget,Loss
2586,Bright Star,Drama,2009-09-17,PG,Apparition,119,8500000,4444637,12775454,17220091,7.0,467857,0,2009,9,8720091,102.59,Low Budget,Profit
2587,The Rover,Drama,2014-06-13,R,A24,114,8500000,1109199,2071053,3180252,,116758,0,2014,6,-5319748,-62.59,Low Budget,Loss
2588,A.C.O.R.N.S.: Operation Crackdown,Adventure,2016-11-01,PG,Viva Entertainment,97,8500000,0,1353287,1353287,,0,0,2016,11,-7146713,-84.08,Low Budget,Loss
2589,My Name is Khan,Drama,2010-02-12,PG-13,Fox Searchlight,128,8470000,4046336,38309190,42355526,8.0,425930,0,2010,2,33885526,400.07,Low Budget,Profit
2590,Limbo,Drama,1999-06-04,R,Sony Pictures,126,8300000,2160710,437514,2598224,7.1,227443,0,1999,6,-5701776,-68.7,Low Budget,Loss
2591,The City of Your Final Destination,Drama,2010-04-16,PG-13,Hyde Park Films,117,8300000,493296,860000,1353296,6.4,51926,0,2010,4,-6946704,-83.7,Low Budget,Loss
2592,Kurtlar vadisi - Irak,Action,2006-11-24,NR,Independent,109,8300000,0,24906717,24906717,,0,0,2006,11,16606717,200.08,Low Budget,Profit
2593,Pulp Fiction,Drama,1994-10-14,R,Miramax,178,8000000,107928762,105000000,212928762,8.9,11360922,0,1994,10,204928762,2561.61,Low Budget,Major Success
2594,The Karate Kid,Action,1984-06-22,PG,Sony Pictures,126,8000000,90815558,0,90815558,7.2,9559532,0,1984,6,82815558,1035.19,Low Budget,Major Success
2595,The Muppet Movie,Adventure,1979-06-22,G,Associated Film Dis…,95,8000000,76657000,0,76657000,7.7,8069158,0,1979,6,68657000,858.21,Low Budget,Major Success
2596,Splash,Comedy,1984-03-09,PG,Walt Disney,111,8000000,62599495,0,62599495,6.2,6589421,0,1984,3,54599495,682.49,Low Budget,Major Success
2597,Little Miss Sunshine,Comedy,2006-07-26,R,Fox Searchlight,101,8000000,59891098,40751255,100642353,7.9,6304326,0,2006,7,92642353,1158.03,Low Budget,Major Success
2598,Easy A,Comedy,2010-09-17,PG-13,Sony Pictures,92,8000000,58401464,17799257,76200721,7.1,6147523,0,2010,9,68200721,852.51,Low Budget,Major Success
2599,Stand by Me,Drama,1986-08-08,R,Sony Pictures,89,8000000,52287414,0,52287414,8.1,5503938,0,1986,8,44287414,553.59,Low Budget,Profit
2600,28 Days Later…,Horror,2003-06-27,R,Fox Searchlight,113,8000000,45064915,37890718,82955633,7.6,4743675,0,2003,6,74955633,936.95,Low Budget,Major Success
2601,Escape from Alcatraz,Drama,1979-06-22,PG,Paramount,112,8000000,43000000,0,43000000,7.6,4526316,0,1979,6,35000000,437.5,Low Budget,Profit
2602,You Got Served,Drama,2004-01-30,PG-13,Sony Pictures,95,8000000,40066497,10745361,50811858,3.5,4217526,0,2004,1,42811858,535.15,Low Budget,Profit
2603,Howards End,Drama,1992-03-13,PG,Sony Pictures Classics,140,8000000,26124872,193071,26317943,7.5,2749987,0,1992,3,18317943,228.97,Low Budget,Profit
2604,Shutter,Horror,2008-03-21,PG-13,20th Century Fox,90,8000000,25928550,21853876,47782426,5.2,2729321,0,2008,3,39782426,497.28,Low Budget,Profit
2605,Modern Problems,Comedy,1981-12-25,NR,20th Century Fox,93,8000000,24474312,0,24474312,5.0,2576243,0,1981,12,16474312,205.93,Low Budget,Profit
2606,On Her Majesty's Secret Service,Action,1969-12-18,PG,MGM,142,8000000,22800000,59200000,82000000,6.8,2400000,0,1969,12,74000000,925.0,Low Budget,Major Success
2607,Creepshow,Horror,1982-11-10,NR,Warner Bros,130,8000000,20036244,0,20036244,6.9,2109078,0,1982,11,12036244,150.45,Low Budget,Profit
2608,Akeelah and the Bee,Drama,2006-04-28,PG,Lionsgate,112,8000000,18848430,110994,18959424,7.5,1984045,0,2006,4,10959424,136.99,Low Budget,Profit
2609,Wes Craven's New Nightmare,Horror,1994-10-14,R,New Line,98,8000000,18090181,0,18090181,,1904230,0,1994,10,10090181,126.13,Low Budget,Profit
2610,Drive Me Crazy,Comedy,1999-10-01,PG-13,20th Century Fox,91,8000000,17843379,4748072,22591451,5.7,1878250,0,1999,10,14591451,182.39,Low Budget,Profit
2611,Enough Said,Comedy,2013-09-18,PG-13,Fox Searchlight,93,8000000,17550872,8070577,25621449,7.1,1847460,0,2013,9,17621449,220.27,Low Budget,Profit
2612,Half Baked,Comedy,1998-01-16,R,Universal Pictures,82,8000000,17394881,0,17394881,6.7,1831040,0,1998,1,9394881,117.44,Low Budget,Profit
2613,Begin Again,Drama,2014-06-27,R,Weinstein Co.,104,8000000,16170632,52668104,68838736,7.4,1702172,0,2014,6,60838736,760.48,Low Budget,Major Success
2614,See No Evil,Horror,2006-05-19,R,Lionsgate,98,8000000,15032800,3795236,18828036,,1582400,0,2006,5,10828036,135.35,Low Budget,Profit
2615,The Good Girl,Drama,2002-08-07,R,Fox Searchlight,93,8000000,14018296,2567207,16585503,6.5,1475610,0,2002,8,8585503,107.32,Low Budget,Profit
2616,Prom,Comedy,2011-04-29,PG,Walt Disney,104,8000000,10130219,632964,10763183,5.4,1066339,0,2011,4,2763183,34.54,Low Budget,Profit
2617,The Inkwell,Comedy,1994-04-22,R,Walt Disney,110,8000000,8864699,0,8864699,6.5,933126,0,1994,4,864699,10.81,Low Budget,Profit
2618,Shadow of the Vampire,Drama,2000-12-29,R,Lionsgate,92,8000000,8279017,0,8279017,6.9,871475,0,2000,12,279017,3.49,Low Budget,Profit
2619,Me and Earl and the Dying Girl,Drama,2015-06-12,PG-13,Fox Searchlight,114,8000000,6758416,2507764,9266180,,711412,0,2015,6,1266180,15.83,Low Budget,Profit
2620,It's Kind of a Funny Story,Comedy,2010-10-08,PG-13,Focus Features,101,8000000,6363628,269322,6632950,7.2,669856,0,2010,10,-1367050,-17.09,Low Budget,Loss
2621,Held Up,Comedy,2000-05-12,PG-13,Trimark,89,8000000,4714090,0,4714090,5.1,496220,0,2000,5,-3285910,-41.07,Low Budget,Loss
2622,Anomalisa,Adventure,2015-12-30,R,Paramount,90,8000000,3759286,1778987,5538273,7.3,395714,0,2015,12,-2461727,-30.77,Low Budget,Loss
2623,Caché,Drama,2005-12-23,R,Sony Pictures Classics,114,8000000,3647381,16243950,19891331,,383935,0,2005,12,11891331,148.64,Low Budget,Profit
2624,Another Year,Drama,2010-12-29,PG-13,Sony Pictures Classics,129,8000000,3205706,16799907,20005613,7.3,337443,0,2010,12,12005613,150.07,Low Budget,Profit
2625,Showdown in Little Tokyo,Action,1991-01-01,R,Independent,79,8000000,2275557,0,2275557,6.0,239532,0,1991,1,-5724443,-71.56,Low Budget,Loss
2626,Made in Dagenham,Drama,2010-11-19,R,Sony Pictures Classics,113,8000000,1095369,14548827,15644196,7.2,115302,0,2010,11,7644196,95.55,Low Budget,Profit
2627,Prefontaine,Drama,1997-01-24,PG-13,Walt Disney,106,8000000,590817,0,590817,6.8,62191,0,1997,1,-7409183,-92.61,Low Budget,Loss
2628,The Wicked Lady,Drama,1983-10-28,R,Cannon,98,8000000,589308,0,589308,4.0,62032,0,1983,10,-7410692,-92.63,Low Budget,Loss
2629,Brooklyn Rules,Drama,2007-05-11,R,Lionsgate,99,8000000,458232,0,458232,6.4,48235,0,2007,5,-7541768,-94.27,Low Budget,Loss
2630,The Singing Detective,Comedy,2003-10-24,R,Paramount,109,8000000,336456,188291,524747,5.6,35416,0,2003,10,-7475253,-93.44,Low Budget,Loss
2631,Fido,Horror,2007-06-15,R,Lionsgate,93,8000000,298110,158704,456814,6.8,31380,0,2007,6,-7543186,-94.29,Low Budget,Loss
2632,Restless,Drama,2011-09-16,PG-13,Sony Pictures Classics,180,8000000,163753,2608758,2772511,7.2,17237,0,2011,9,-5227489,-65.34,Low Budget,Loss
2633,The Wendell Baker Story,Comedy,2007-05-18,PG-13,ThinkFilm,99,8000000,127188,0,127188,5.5,13388,0,2007,5,-7872812,-98.41,Low Budget,Loss
2634,Wild Target,Comedy,2010-10-29,PG-13,Freestyle Releasing,98,8000000,109338,5204856,5314194,6.9,11509,0,2010,10,-2685806,-33.57,Low Budget,Loss
2635,Aloft,Drama,2015-05-22,R,Sony Pictures Classics,97,8000000,53086,0,53086,5.3,5588,0,2015,5,-7946914,-99.34,Low Budget,Loss
2636,Fireflies in the Garden,Drama,2011-10-14,R,Independent,114,8000000,36884,3550307,3587191,,3883,0,2011,10,-4412809,-55.16,Low Budget,Loss
2637,Akira,Action,2001-04-27,R,Independent,124,8000000,19585,0,19585,8.1,2062,0,2001,4,-7980415,-99.76,Low Budget,Loss
2638,"Don Gato, el inicio de la pandilla",Adventure,2017-09-29,PG,Viva Entertainment,97,8000000,0,4598934,4598934,,0,0,2017,9,-3401066,-42.51,Low Budget,Loss
2639,Maurice Richard,Drama,2007-11-30,PG,Palm Pictures,114,8000000,0,0,0,,0,0,2007,11,-8000000,-100.0,Low Budget,Loss
2640,Code of Honor,Action,2016-05-06,R,Lionsgate Premiere,106,8000000,0,0,0,4.2,0,0,2016,5,-8000000,-100.0,Low Budget,Loss
2641,The Blood of Heroes,Action,1990-02-23,NR,New Line,90,7700000,882290,0,882290,6.5,92873,0,1990,2,-6817710,-88.54,Low Budget,Loss
2642,Driving Miss Daisy,Drama,1989-12-13,PG,Warner Bros,99,7500000,106593296,0,106593296,7.4,11220347,0,1989,12,99093296,1321.24,Low Budget,Major Success
2643,Soul Food,Comedy,1997-09-26,R,20th Century Fox,115,7500000,43492389,0,43492389,6.9,4578146,0,1997,9,35992389,479.9,Low Budget,Profit
2644,Rumble in the Bronx,Action,1996-02-23,R,New Line,89,7500000,32281907,3956845,36238752,6.7,3398095,0,1996,2,28738752,383.18,Low Budget,Profit
2645,Hostel: Part II,Horror,2007-06-08,R,Lionsgate,94,7500000,17544812,16061597,33606409,5.4,1846822,0,2007,6,26106409,348.09,Low Budget,Profit
2646,An Education,Drama,2009-10-09,PG-13,Sony Pictures Classics,100,7500000,12574914,17077822,29652736,7.3,1323675,0,2009,10,22152736,295.37,Low Budget,Profit
2647,Extract,Comedy,2009-09-04,R,Miramax,92,7500000,10823158,26000,10849158,6.2,1139280,0,2009,9,3349158,44.66,Low Budget,Profit
2648,Shopgirl,Drama,2005-10-21,R,Walt Disney,106,7500000,10284523,1473895,11758418,6.4,1082581,0,2005,10,4258418,56.78,Low Budget,Profit
2649,The Hotel New Hampshire,Drama,1984-03-09,NR,Orion Pictures,109,7500000,5142858,0,5142858,6.0,541353,0,1984,3,-2357142,-31.43,Low Budget,Loss
2650,Men with Brooms,Comedy,2002-03-08,R,Artisan,102,7500000,4239767,0,4239767,6.0,446291,0,2002,3,-3260233,-43.47,Low Budget,Loss
2651,Witless Protection,Comedy,2008-02-22,PG-13,Lionsgate,97,7500000,4151836,0,4151836,3.1,437035,0,2008,2,-3348164,-44.64,Low Budget,Loss
2652,The Work and the Glory,Drama,2004-11-24,PG,Excel Entertainment,118,7500000,3347647,0,3347647,6.9,352384,0,2004,11,-4152353,-55.36,Low Budget,Loss
2653,Albert Nobbs,Drama,2011-12-21,R,Roadside Attractions,113,7500000,3014696,5524307,8539003,6.7,317336,0,2011,12,1039003,13.85,Low Budget,Profit
2654,The Neon Demon,Horror,2016-06-24,R,Broad Green Pictures,118,7500000,1333124,2226679,3559803,7.0,140329,0,2016,6,-3940197,-52.54,Low Budget,Loss
2655,Masked and Anonymous,Drama,2003-07-24,PG-13,Sony Pictures,112,7500000,533344,21991,555335,5.5,56141,0,2003,7,-6944665,-92.6,Low Budget,Loss
2656,Borg vs McEnroe,Drama,2018-04-13,R,Neon,114,7500000,231346,3025732,3257078,,24352,0,2018,4,-4242922,-56.57,Low Budget,Loss
2657,Pound of Flesh,Action,2015-05-15,R,Entertainment One,104,7500000,0,0,0,5.1,0,0,2015,5,-7500000,-100.0,Low Budget,Loss
2658,Persepolis,Drama,2007-12-25,PG-13,Sony Pictures Classics,89,7300000,4443403,20954057,25397460,8.0,467727,0,2007,12,18097460,247.91,Low Budget,Profit
2659,Die Welle,Drama,2011-05-27,NR,IFC Films,114,7250000,0,35122948,35122948,,0,0,2011,5,27872948,384.45,Low Budget,Profit
2660,The Omega Code,Action,1999-10-15,PG-13,Providence Entertai…,100,7200000,12610552,67760,12678312,3.5,1327427,0,1999,10,5478312,76.09,Low Budget,Profit
2661,Juno,Comedy,2007-12-05,PG-13,Fox Searchlight,96,7000000,143495265,87954837,231450102,7.5,15104765,0,2007,12,224450102,3206.43,Low Budget,Major Success
2662,The Godfather,Drama,1972-03-15,R,Paramount,175,7000000,134966411,133533589,268500000,9.2,14206991,0,1972,3,261500000,3735.71,Low Budget,Major Success
2663,Magic Mike,Comedy,2012-06-29,R,Warner Bros,110,7000000,113721571,56828182,170549753,6.1,11970692,0,2012,6,163549753,2336.43,Low Budget,Major Success
2664,Flashdance,Drama,1983-04-15,R,Paramount,95,7000000,90463574,111000000,201463574,6.1,9522481,0,1983,4,194463574,2778.05,Low Budget,Major Success
2665,I Can Only Imagine,Drama,2018-03-16,PG,Roadside Attractions,114,7000000,83482352,1947659,85430011,,8787616,0,2018,3,78430011,1120.43,Low Budget,Major Success
2666,The Piano,Drama,1993-11-12,R,Miramax,121,7000000,40157856,11101,40168957,7.6,4227143,0,1993,11,33168957,473.84,Low Budget,Profit
2667,Live and Let Die,Action,1973-06-27,PG,MGM,121,7000000,35400000,126400000,161800000,6.8,3726316,0,1973,6,154800000,2211.43,Low Budget,Major Success
2668,My Dog Skip,Drama,2000-01-12,PG,Warner Bros,95,7000000,34099640,1695679,35795319,7.0,3589436,0,2000,1,28795319,411.36,Low Budget,Profit
2669,Darkness Falls,Horror,2003-01-24,PG-13,Sony Pictures,96,7000000,32539681,14750077,47289758,4.9,3425230,0,2003,1,40289758,575.57,Low Budget,Profit
2670,"Good Night, and Good Luck",Drama,2005-10-07,PG,Warner Independent,93,7000000,31501218,25085683,56586901,7.5,3315918,0,2005,10,49586901,708.38,Low Budget,Profit
2671,Capote,Drama,2005-09-30,R,Sony Pictures Classics,110,7000000,28750530,21173549,49924079,7.4,3026372,0,2005,9,42924079,613.2,Low Budget,Profit
2672,The Great Gatsby,Drama,1974-03-29,NR,Independent,143,7000000,26533200,0,26533200,7.3,2792968,0,1974,3,19533200,279.05,Low Budget,Profit
2673,Desperado,Action,1995-08-25,R,Sony Pictures,104,7000000,25532388,0,25532388,7.2,2687620,0,1995,8,18532388,264.75,Low Budget,Profit
2674,Kingdom Come,Comedy,2001-04-11,PG,Fox Searchlight,98,7000000,23247539,146400,23393939,,2447109,0,2001,4,16393939,234.2,Low Budget,Profit
2675,The Man with the Golden Gun,Action,1974-12-20,PG,MGM,125,7000000,21000000,76600000,97600000,6.8,2210526,0,1974,12,90600000,1294.29,Low Budget,Major Success
2676,Action Jackson,Action,1988-02-12,R,Lorimar Motion Pict…,96,7000000,20257000,0,20257000,5.2,2132316,0,1988,2,13257000,189.39,Low Budget,Profit
2677,Breathless,Action,1983-05-13,R,Orion Pictures,109,7000000,19910002,0,19910002,,2095790,0,1983,5,12910002,184.43,Low Budget,Profit
2678,Dope,Comedy,2015-06-19,R,Open Road,103,7000000,17506470,684361,18190831,7.3,1842786,0,2015,6,11190831,159.87,Low Budget,Profit
2679,The Devil's Rejects,Horror,2005-07-22,R,Lionsgate,109,7000000,17044981,3895447,20940428,6.9,1794209,0,2005,7,13940428,199.15,Low Budget,Profit
2680,Devil's Due,Horror,2014-01-17,R,20th Century Fox,89,7000000,15821461,20324626,36146087,4.0,1665417,0,2014,1,29146087,416.37,Low Budget,Profit
2681,Flirting with Disaster,Comedy,1996-03-22,R,Miramax,92,7000000,14853474,1295706,16149180,6.8,1563524,0,1996,3,9149180,130.7,Low Budget,Profit
2682,Beyond the Lights,Drama,2014-11-14,PG-13,Relativity,116,7000000,14618727,0,14618727,6.9,1538813,0,2014,11,7618727,108.84,Low Budget,Profit
2683,Buffy the Vampire Slayer,Horror,1992-07-31,PG-13,20th Century Fox,70,7000000,14231669,0,14231669,8.2,1498070,0,1992,7,7231669,103.31,Low Budget,Profit
2684,In Too Deep,Drama,1999-08-25,R,Gramercy,95,7000000,14026509,1444720,15471229,6.1,1476475,0,1999,8,8471229,121.02,Low Budget,Profit
2685,"House of 1,000 Corpses",Horror,2003-04-11,R,Lionsgate,98,7000000,12634962,4370504,17005466,,1329996,0,2003,4,10005466,142.94,Low Budget,Profit
2686,Silver Bullet,Horror,1985-10-11,R,Paramount,98,7000000,10803211,0,10803211,,1137180,0,1985,10,3803211,54.33,Low Budget,Profit
2687,House of the Dead,Horror,2003-10-10,R,Artisan,98,7000000,10199354,3568462,13767816,,1073616,0,2003,10,6767816,96.68,Low Budget,Profit
2688,A Serious Man,Comedy,2009-10-02,R,Focus Features,106,7000000,9228788,21131782,30360570,7.0,971451,0,2009,10,23360570,333.72,Low Budget,Profit
2689,A Single Man,Drama,2009-12-11,R,Weinstein Co.,99,7000000,9176000,18966379,28142379,7.6,965895,0,2009,12,21142379,302.03,Low Budget,Profit
2690,Warlock,Horror,1991-01-10,R,Trimark,103,7000000,8824553,0,8824553,6.2,928900,0,1991,1,1824553,26.07,Low Budget,Profit
2691,The Last Temptation of Christ,Drama,1988-08-12,NR,Universal Pictures,164,7000000,8373585,0,8373585,7.6,881430,0,1988,8,1373585,19.62,Low Budget,Profit
2692,Cyrus,Comedy,2010-06-18,R,Fox Searchlight,91,7000000,7468936,2593960,10062896,6.3,786204,0,2010,6,3062896,43.76,Low Budget,Profit
2693,Outside Providence,Comedy,1999-09-01,R,Miramax,96,7000000,7309628,514730,7824358,6.4,769435,0,1999,9,824358,11.78,Low Budget,Profit
2694,Rabbit-Proof Fence,Drama,2002-11-29,PG,Miramax,94,7000000,6199600,10667328,16866928,7.5,652589,0,2002,11,9866928,140.96,Low Budget,Profit
2695,Who's Your Caddy?,Comedy,2007-07-27,PG-13,MGM,93,7000000,5694308,0,5694308,2.0,599401,0,2007,7,-1305692,-18.65,Low Budget,Loss
2696,Split Second,Action,1992-05-01,R,InterStar Releasing,96,7000000,5430822,0,5430822,6.2,571665,0,1992,5,-1569178,-22.42,Low Budget,Loss
2697,The Other Side of Heaven,Drama,2001-12-14,PG,Excel Entertainment,113,7000000,4720371,0,4720371,6.5,496881,0,2001,12,-2279629,-32.57,Low Budget,Loss
2698,Dark Angel,Action,1990-09-28,NR,Triumph Releasing,70,7000000,4372561,0,4372561,7.4,460270,0,1990,9,-2627439,-37.53,Low Budget,Loss
2699,American Anthem,Drama,1986-06-27,PG-13,Sony Pictures,114,7000000,3571624,0,3571624,,375960,0,1986,6,-3428376,-48.98,Low Budget,Loss
2700,Redbelt,Action,2008-05-02,R,Sony Pictures Classics,99,7000000,2344847,322237,2667084,6.8,246826,0,2008,5,-4332916,-61.9,Low Budget,Loss
2701,A Dog of Flanders,Drama,1999-08-27,PG,Warner Bros,100,7000000,2165637,0,2165637,6.3,227962,0,1999,8,-4834363,-69.06,Low Budget,Loss
2702,Auto Focus,Drama,2002-10-18,R,Sony Pictures Classics,105,7000000,2062066,641755,2703821,6.6,217060,0,2002,10,-4296179,-61.37,Low Budget,Loss
2703,The Mighty Macs,Drama,2011-10-21,G,Quaker Media,99,7000000,1891936,0,1891936,6.5,199151,0,2011,10,-5108064,-72.97,Low Budget,Loss
2704,Somewhere,Drama,2010-12-22,R,Focus Features,97,7000000,1785645,15237476,17023121,6.3,187963,0,2010,12,10023121,143.19,Low Budget,Profit
2705,We Need to Talk About Kevin,Drama,2012-01-13,R,Oscilloscope Pictures,112,7000000,1738692,9026591,10765283,7.5,183020,0,2012,1,3765283,53.79,Low Budget,Profit
2706,Factory Girl,Drama,2007-02-02,R,MGM,99,7000000,1661464,0,1661464,6.4,174891,0,2007,2,-5338536,-76.26,Low Budget,Loss
2707,The Christmas Candle,Adventure,2013-11-15,PG,Echolight Studios,100,7000000,1632000,301829,1933829,5.8,171789,0,2013,11,-5066171,-72.37,Low Budget,Loss
2708,I Hope They Serve Beer in Hell,Comedy,2009-09-25,R,Freestyle Releasing,105,7000000,1429299,154,1429453,5.3,150453,0,2009,9,-5570547,-79.58,Low Budget,Loss
2709,Losin' It,Comedy,1983-04-08,R,Independent,100,7000000,1246141,0,1246141,4.8,131173,0,1983,4,-5753859,-82.2,Low Budget,Loss
2710,Mother and Child,Drama,2010-05-07,R,Sony Pictures Classics,125,7000000,1110509,5426670,6537179,7.2,116896,0,2010,5,-462821,-6.61,Low Budget,Loss
2711,Les Visiteurs,Comedy,1996-07-12,R,Miramax,107,7000000,659000,98095000,98754000,7.0,69368,0,1996,7,91754000,1310.77,Low Budget,Major Success
2712,Freeheld,Drama,2015-10-02,PG-13,Lionsgate,103,7000000,546201,1186027,1732228,6.5,57495,0,2015,10,-5267772,-75.25,Low Budget,Loss
2713,Dom Hemingway,Comedy,2014-04-02,R,Fox Searchlight,93,7000000,523511,1333947,1857458,6.2,55106,0,2014,4,-5142542,-73.46,Low Budget,Loss
2714,The Extra Man,Comedy,2010-07-30,R,Magnolia Pictures,108,7000000,453377,38731,492108,5.9,47724,0,2010,7,-6507892,-92.97,Low Budget,Loss
2715,Hesher,Drama,2011-05-13,R,Wrekin Hill Enterta…,106,7000000,382946,0,382946,7.1,40310,0,2011,5,-6617054,-94.53,Low Budget,Loss
2716,Chairman of the Board,Comedy,1998-03-13,PG-13,Trimark,95,7000000,306715,0,306715,2.3,32286,0,1998,3,-6693285,-95.62,Low Budget,Loss
2717,Gerry,Drama,2003-02-14,R,ThinkFilm,103,7000000,254683,465016,719699,6.2,26809,0,2003,2,-6280301,-89.72,Low Budget,Loss
2718,The Boondock Saints,Action,2000-01-21,R,Indican Pictures,102,7000000,30471,381403,411874,7.9,3207,0,2000,1,-6588126,-94.12,Low Budget,Loss
2719,The Kings of Appletown,Action,2008-12-12,PG,Independent,109,7000000,0,0,0,,0,0,2008,12,-7000000,-100.0,Low Budget,Loss
2720,House at the End of the Street,Horror,2012-09-21,PG-13,Relativity,101,6900000,31611916,12492066,44103982,5.6,3327570,0,2012,9,37203982,539.19,Low Budget,Profit
2721,Dazed and Confused,Comedy,1993-09-24,R,Universal Pictures,102,6900000,7950889,0,7950889,7.7,836936,0,1993,9,1050889,15.23,Low Budget,Profit
2722,Incendies,Drama,2010-09-17,R,Sony Pictures Classics,139,6800000,6857096,9181247,16038343,8.2,721800,0,2010,9,9238343,135.86,Low Budget,Profit
2723,The Chumscrubber,Drama,2005-08-05,R,Picturehouse,108,6800000,49526,0,49526,7.0,5213,0,2005,8,-6750474,-99.27,Low Budget,Loss
2724,Tropa de Elite,Action,2008-09-19,R,IFC Films,109,6537890,8744,14310451,14319195,,920,0,2008,9,7781305,119.02,Low Budget,Profit
2725,Annabelle,Horror,2014-10-03,R,Warner Bros,99,6500000,84273813,172589107,256862920,5.4,8870928,0,2014,10,250362920,3851.74,Low Budget,Major Success
2726,Boyz n the Hood,Drama,1991-07-12,R,Sony Pictures,112,6500000,56190094,25001,56215095,7.8,5914747,0,1991,7,49715095,764.85,Low Budget,Profit
2727,La Bamba,Drama,1987-07-24,PG-13,Sony Pictures,108,6500000,54215416,0,54215416,6.8,5706886,0,1987,7,47715416,734.08,Low Budget,Profit
2728,The Four Seasons,Comedy,1981-05-22,PG,Universal Pictures,107,6500000,42488161,0,42488161,7.2,4472438,0,1981,5,35988161,553.66,Low Budget,Profit
2729,The Adventures of Huck Finn,Adventure,1993-04-02,PG,Walt Disney,108,6500000,24103594,0,24103594,6.2,2537220,0,1993,4,17603594,270.82,Low Budget,Profit
2730,Friends with Money,Comedy,2006-04-07,R,Sony Pictures Classics,88,6500000,13368437,4741715,18110152,5.9,1407204,0,2006,4,11610152,178.62,Low Budget,Profit
2731,Bats,Horror,1999-10-22,R,Sony Pictures,91,6500000,10155691,0,10155691,3.6,1069020,0,1999,10,3655691,56.24,Low Budget,Profit
2732,Nowhere in Africa,Drama,2003-03-07,R,Zeitgeist,141,6500000,6173485,0,6173485,7.7,649841,0,2003,3,-326515,-5.02,Low Budget,Loss
2733,The East,Drama,2013-05-31,PG-13,Fox Searchlight,116,6500000,2274649,753307,3027956,6.9,239437,0,2013,5,-3472044,-53.42,Low Budget,Loss
2734,The Messenger,Drama,2009-11-13,R,Oscilloscope Pictures,105,6500000,1109660,635292,1744952,7.2,116806,0,2009,11,-4755048,-73.15,Low Budget,Loss
2735,A Home at the End of the World,Drama,2004-07-23,R,Warner Independent,97,6500000,1029017,4793,1033810,6.8,108318,0,2004,7,-5466190,-84.1,Low Budget,Loss
2736,The Terminator,Action,1984-10-26,R,Orion Pictures,107,6400000,38019031,40000000,78019031,8.1,4002003,0,1984,10,71619031,1119.05,Low Budget,Major Success
2737,"Good Bye, Lenin!",Comedy,2004-02-27,R,Sony Pictures Classics,121,6400000,4063859,75320680,79384539,7.7,427775,0,2004,2,72984539,1140.38,Low Budget,Major Success
2738,Control,Drama,2007-10-10,R,Weinstein Co.,122,6400000,871577,8030564,8902141,7.7,91745,0,2007,10,2502141,39.1,Low Budget,Profit
2739,The Damned United,Drama,2009-10-09,R,Sony Pictures Classics,98,6400000,449865,3750009,4199874,7.6,47354,0,2009,10,-2200126,-34.38,Low Budget,Loss
2740,Die Fälscher,Drama,2008-02-22,R,Sony Pictures Classics,114,6250000,5488570,14711093,20199663,,577744,0,2008,2,13949663,223.19,Low Budget,Profit
2741,Return of the Living Dead Part II,Horror,1988-01-15,NR,Lorimar Motion Pict…,98,6200000,9205924,0,9205924,,969045,0,1988,1,3005924,48.48,Low Budget,Profit
2742,Mallrats,Comedy,1995-10-20,R,Gramercy,123,6100000,2108367,0,2108367,7.2,221933,0,1995,10,-3991633,-65.44,Low Budget,Loss
2743,Platoon,Drama,1986-12-19,R,Orion Pictures,120,6000000,137963328,15067,137978395,8.1,14522456,0,1986,12,131978395,2199.64,Low Budget,Major Success
2744,Ordinary People,Drama,1980-09-19,R,Paramount,124,6000000,52302978,0,52302978,7.8,5505577,0,1980,9,46302978,771.72,Low Budget,Profit
2745,Around the World in 80 Days,Adventure,1956-10-17,PG,United Artists,120,6000000,42000000,0,42000000,5.8,4421053,0,1956,10,36000000,600.0,Low Budget,Profit
2746,Caddyshack,Comedy,1980-07-25,NR,Warner Bros,98,6000000,39846344,0,39846344,7.4,4194352,0,1980,7,33846344,564.11,Low Budget,Profit
2747,The Brothers,Comedy,2001-03-23,R,Sony Pictures,105,6000000,27457409,500782,27958191,7.1,2890254,0,2001,3,21958191,365.97,Low Budget,Profit
2748,The Wrestler,Drama,2008-12-17,R,Fox Searchlight,109,6000000,26238243,20396032,46634275,7.9,2761920,0,2008,12,40634275,677.24,Low Budget,Profit
2749,Do the Right Thing,Comedy,1989-06-30,R,Universal Pictures,120,6000000,26004026,0,26004026,7.9,2737266,0,1989,6,20004026,333.4,Low Budget,Profit
2750,Escape from New York,Action,1981-07-10,R,Avco Embassy,106,6000000,25244700,0,25244700,7.2,2657337,0,1981,7,19244700,320.74,Low Budget,Profit
2751,The Wood,Comedy,1999-07-16,R,Paramount,106,6000000,25059640,0,25059640,6.9,2637857,0,1999,7,19059640,317.66,Low Budget,Profit
2752,The Usual Suspects,Drama,1995-08-16,R,Gramercy,106,6000000,23341568,11107788,34449356,8.6,2457007,0,1995,8,28449356,474.16,Low Budget,Profit
2753,National Lampoon’s Van Wilder,Comedy,2002-04-05,R,Artisan,98,6000000,21305259,17936064,39241323,,2242659,0,2002,4,33241323,554.02,Low Budget,Profit
2754,Best in Show,Comedy,2000-09-27,PG-13,Warner Bros,90,6000000,18621249,2074164,20695413,7.5,1960131,0,2000,9,14695413,244.92,Low Budget,Profit
2755,The Last King of Scotland,Drama,2006-09-27,R,Fox Searchlight,121,6000000,17606684,31548687,49155371,7.7,1853335,0,2006,9,43155371,719.26,Low Budget,Profit
2756,A Mighty Wind,Comedy,2003-04-16,PG-13,Warner Bros,91,6000000,17583468,921071,18504539,7.3,1850891,0,2003,4,12504539,208.41,Low Budget,Profit
2757,School Daze,Drama,1988-02-12,R,Sony Pictures,121,6000000,14545844,0,14545844,5.8,1531141,0,1988,2,8545844,142.43,Low Budget,Profit
2758,Daddy Day Camp,Comedy,2007-08-08,PG,Sony Pictures,89,6000000,13235267,4974605,18209872,2.9,1393186,0,2007,8,12209872,203.5,Low Budget,Profit
2759,Mystic Pizza,Comedy,1988-10-21,R,Samuel Goldwyn Films,104,6000000,12793213,0,12793213,6.2,1346654,0,1988,10,6793213,113.22,Low Budget,Profit
2760,Mr. Nice Guy,Action,1998-03-20,PG-13,New Line,86,6000000,12716953,19000000,31716953,6.2,1338627,0,1998,3,25716953,428.62,Low Budget,Profit
2761,Sliding Doors,Drama,1998-04-24,PG-13,Miramax,99,6000000,11911200,46897949,58809149,6.8,1253811,0,1998,4,52809149,880.15,Low Budget,Major Success
2762,Tales from the Hood,Horror,1995-05-24,R,Savoy,98,6000000,11784569,0,11784569,6.1,1240481,0,1995,5,5784569,96.41,Low Budget,Profit
2763,The Words,Drama,2012-09-07,PG-13,CBS Films,102,6000000,11494838,4874870,16369708,7.1,1209983,0,2012,9,10369708,172.83,Low Budget,Profit
2764,Pollock,Drama,2000-12-15,R,Sony Pictures Classics,122,6000000,8596914,1960377,10557291,7.0,904938,0,2000,12,4557291,75.95,Low Budget,Profit
2765,City Island,Comedy,2010-03-19,PG-13,Anchor Bay Entertai…,104,6000000,6671283,1502203,8173486,7.4,702240,0,2010,3,2173486,36.22,Low Budget,Profit
2766,Casa de mi Padre,Comedy,2012-03-16,R,Lionsgate,84,6000000,5909483,2537469,8446952,5.5,622051,0,2012,3,2446952,40.78,Low Budget,Profit
2767,The Guard,Comedy,2011-07-29,R,Sony Pictures Classics,96,6000000,5359774,15837680,21197454,7.3,564187,0,2011,7,15197454,253.29,Low Budget,Profit
2768,College,Comedy,2008-08-29,R,MGM,94,6000000,4694491,1481623,6176114,4.6,494157,0,2008,8,176114,2.94,Low Budget,Profit
2769,La science des rêves,Comedy,2006-09-22,R,Warner Independent,98,6000000,4670644,10467288,15137932,,491647,0,2006,9,9137932,152.3,Low Budget,Profit
2770,Miss March,Comedy,2009-03-13,R,20th Century Fox,90,6000000,4543320,169739,4713059,5.1,478244,0,2009,3,-1286941,-21.45,Low Budget,Loss
2771,Wish I Was Here,Comedy,2014-07-18,R,Focus Features,106,6000000,3591299,3000066,6591365,6.7,378031,0,2014,7,591365,9.86,Low Budget,Profit
2772,Venus,Drama,2006-12-21,R,Miramax,114,6000000,3347411,4471068,7818479,,352359,0,2006,12,1818479,30.31,Low Budget,Profit
2773,Veronica Mars,Drama,2014-03-14,PG-13,Warner Bros,70,6000000,3322127,163256,3485383,8.4,349698,0,2014,3,-2514617,-41.91,Low Budget,Loss
2774,Shattered Glass,Drama,2003-10-31,PG-13,Lionsgate,99,6000000,2207975,1248627,3456602,7.2,232418,0,2003,10,-2543398,-42.39,Low Budget,Loss
2775,The Wackness,Comedy,2008-07-03,R,Sony Pictures Classics,99,6000000,2077046,1252966,3330012,7.0,218636,0,2008,7,-2669988,-44.5,Low Budget,Loss
2776,Novocaine,Comedy,2001-11-16,R,Artisan,95,6000000,2025238,497690,2522928,5.8,213183,0,2001,11,-3477072,-57.95,Low Budget,Loss
2777,Snow Flower and the Secret Fan,Drama,2011-07-15,PG-13,Fox Searchlight,104,6000000,1348205,10000000,11348205,6.1,141916,0,2011,7,5348205,89.14,Low Budget,Profit
2778,The Business of Strangers,Drama,2001-12-07,R,IFC Films,84,6000000,1030920,260000,1290920,6.4,108518,0,2001,12,-4709080,-78.48,Low Budget,Loss
2779,Jûsan-nin no shikaku,Action,2011-04-29,R,Magnolia Pictures,109,6000000,802778,17924662,18727440,,84503,0,2011,4,12727440,212.12,Low Budget,Profit
2780,The 5th Quarter,Drama,2011-03-25,PG,Rocky Mountain Pict…,90,6000000,408159,0,408159,5.7,42964,0,2011,3,-5591841,-93.2,Low Budget,Loss
2781,The First Great Train Robbery,Action,1979-02-02,NR,United Artists,109,6000000,391942,0,391942,,41257,0,1979,2,-5608058,-93.47,Low Budget,Loss
2782,Come Early Morning,Drama,2006-11-10,R,IDP/Goldwyn/Roadside,97,6000000,119452,0,119452,6.2,12574,0,2006,11,-5880548,-98.01,Low Budget,Loss
2783,The Greatest,Drama,2010-04-02,R,Paladin,96,6000000,115862,1934,117796,6.7,12196,0,2010,4,-5882204,-98.04,Low Budget,Loss
2784,"Surfer, Dude",Comedy,2008-09-05,R,Anchor Bay Entertai…,85,6000000,36497,0,36497,4.7,3842,0,2008,9,-5963503,-99.39,Low Budget,Loss
2785,Song One,Drama,2015-01-23,PG-13,Cinedigm/Film Arcade,86,6000000,32251,404838,437089,5.8,3395,0,2015,1,-5562911,-92.72,Low Budget,Loss
2786,Videodrome,Horror,1983-02-04,NR,Universal Pictures,89,5952000,2120439,0,2120439,7.3,223204,0,1983,2,-3831561,-64.37,Low Budget,Loss
2787,Winter in Wartime,Drama,2011-03-18,R,Sony Pictures Classics,103,5800000,542860,9119354,9662214,7.1,57143,0,2011,3,3862214,66.59,Low Budget,Profit
2788,Tom yum goong,Action,2006-09-08,R,Weinstein Co.,109,5700000,12044087,31000000,43044087,,1267799,0,2006,9,37344087,655.16,Low Budget,Profit
2789,The Inbetweeners,Comedy,2012-09-07,R,Wrekin Hill Enterta…,70,5700000,35955,86015365,86051320,8.4,3785,0,2012,9,80351320,1409.67,Low Budget,Major Success
2790,Bend it Like Beckham,Drama,2003-03-12,PG-13,Fox Searchlight,112,5600000,32543449,42022593,74566042,6.7,3425626,0,2003,3,68966042,1231.54,Low Budget,Major Success
2791,Crossover,Drama,2006-09-01,PG-13,Sony Pictures,95,5600000,7009668,0,7009668,2.1,737860,0,2006,9,1409668,25.17,Low Budget,Profit
2792,Sunshine State,Drama,2002-06-21,PG-13,Sony Pictures Classics,141,5600000,3064356,217542,3281898,6.9,322564,0,2002,6,-2318102,-41.39,Low Budget,Loss
2793,The Sting,Comedy,1973-12-25,PG,Universal Pictures,129,5500000,159616327,0,159616327,8.3,16801719,0,1973,12,154116327,2802.12,Low Budget,Major Success
2794,Chariots of Fire,Drama,1981-09-25,PG,Warner Bros,125,5500000,61558162,307785,61865947,7.2,6479807,0,1981,9,56365947,1024.84,Low Budget,Major Success
2795,Diary of a Mad Black Woman,Drama,2005-02-25,PG-13,Lionsgate,116,5500000,50406346,52010,50458356,5.6,5305931,0,2005,2,44958356,817.42,Low Budget,Profit
2796,Shine,Drama,1996-11-22,PG-13,Fine Line,105,5500000,35811509,860984,36672493,7.7,3769633,0,1996,11,31172493,566.77,Low Budget,Profit
2797,Hell Fest,Horror,2018-09-28,R,CBS Films,98,5500000,10751601,1776194,12527795,,1131747,0,2018,9,7027795,127.78,Low Budget,Profit
2798,Mambo Italiano,Comedy,2003-06-06,R,Goldwyn Entertainment,92,5500000,9282750,3117022,12399772,6.7,977132,0,2003,6,6899772,125.45,Low Budget,Profit
2799,Ghost World,Comedy,2001-07-20,R,MGM,111,5500000,6217849,2543759,8761608,7.4,654510,0,2001,7,3261608,59.3,Low Budget,Profit
2800,Iris,Drama,2001-12-14,R,Miramax,91,5500000,5580479,9574542,15155021,7.1,587419,0,2001,12,9655021,175.55,Low Budget,Profit
2801,Les Choristes,Drama,2004-11-26,PG-13,Miramax,114,5500000,3629758,79900000,83529758,,382080,0,2004,11,78029758,1418.72,Low Budget,Major Success
2802,Wonderland,Drama,2003-10-03,R,Lionsgate,104,5500000,1060512,0,1060512,6.6,111633,0,2003,10,-4439488,-80.72,Low Budget,Loss
2803,Haevnen,Drama,2011-04-01,R,Sony Pictures Classics,114,5500000,1008098,14859216,15867314,,106116,0,2011,4,10367314,188.5,Low Budget,Profit
2804,Harvard Man,Drama,2002-05-17,R,Independent,99,5500000,56653,0,56653,4.9,5963,0,2002,5,-5443347,-98.97,Low Budget,Loss
2805,Salvation Boulevard,Comedy,2011-07-15,R,IFC Films,96,5500000,28468,0,28468,5.3,2997,0,2011,7,-5471532,-99.48,Low Budget,Loss
2806,The Ten,Comedy,2007-08-03,R,ThinkFilm,96,5250000,769726,16951,786677,5.0,81024,0,2007,8,-4463323,-85.02,Low Budget,Loss
2807,The Girl with all the Gifts,Horror,2017-02-24,R,Saban Films,98,5250000,0,4802379,4802379,,0,0,2017,2,-447621,-8.53,Low Budget,Loss
2808,Saint Ralph,Comedy,2005-08-05,PG-13,Samuel Goldwyn Films,98,5200000,795126,900000,1695126,7.6,83697,0,2005,8,-3504874,-67.4,Low Budget,Loss
2809,Dum Maaro Dum,Drama,2011-04-22,R,Fox Searchlight,128,5200000,564489,11068938,11633427,6.2,59420,0,2011,4,6433427,123.72,Low Budget,Profit
2810,Somewhere in Time,Drama,1980-10-03,NR,Universal Pictures,103,5100000,9709597,0,9709597,7.3,1022063,0,1980,10,4609597,90.38,Low Budget,Profit
2811,Get Out,Horror,2017-02-24,R,Universal Pictures,98,5000000,176040665,79323036,255363701,7.8,18530596,0,2017,2,250363701,5007.27,Low Budget,Major Success
2812,Split,Horror,2017-01-20,PG-13,Universal Pictures,98,5000000,138141585,140164642,278306227,,14541219,0,2017,1,273306227,5466.12,Low Budget,Major Success
2813,Paranormal Activity 3,Horror,2011-10-21,R,Paramount,94,5000000,104028807,98024579,202053386,5.8,10950401,0,2011,10,197053386,3941.07,Low Budget,Major Success
2814,Saw II,Horror,2005-10-28,R,Lionsgate,95,5000000,87025093,65900000,152925093,6.6,9160536,0,2005,10,147925093,2958.5,Low Budget,Major Success
2815,Insidious Chapter 2,Horror,2013-09-13,PG-13,FilmDistrict,106,5000000,83586447,78335068,161921515,6.6,8798573,0,2013,9,156921515,3138.43,Low Budget,Major Success
2816,Lights Out,Horror,2016-07-22,PG-13,Warner Bros,81,5000000,67268835,81600000,148868835,6.9,7080930,0,2016,7,143868835,2877.38,Low Budget,Major Success
2817,Jackass: The Movie,Comedy,2002-10-25,R,Paramount,87,5000000,64282312,15000000,79282312,6.6,6766559,0,2002,10,74282312,1485.65,Low Budget,Major Success
2818,Happy Death Day,Horror,2017-10-13,PG-13,Universal Pictures,98,5000000,55683845,69329155,125013000,,5861457,0,2017,10,120013000,2400.26,Low Budget,Major Success
2819,Paranormal Activity 4,Horror,2012-10-19,R,Paramount,96,5000000,53900335,86719185,140619520,4.6,5673719,0,2012,10,135619520,2712.39,Low Budget,Major Success
2820,Ouija,Horror,2014-10-24,PG-13,Universal Pictures,89,5000000,50856010,52444622,103300632,4.4,5353264,0,2014,10,98300632,1966.01,Low Budget,Major Success
2821,No se Aceptan Devoluciones,Comedy,2013-08-30,PG-13,Lionsgate,98,5000000,44467206,56019410,100486616,,4680759,0,2013,8,95486616,1909.73,Low Budget,Major Success
2822,The Return of the Pink Panther,Comedy,1975-05-16,NR,MGM,113,5000000,41833347,0,41833347,7.1,4403510,0,1975,5,36833347,736.67,Low Budget,Profit
2823,Monster,Drama,2003-12-24,R,Newmarket Films,109,5000000,34469210,29771603,64240813,7.3,3628338,0,2003,12,59240813,1184.82,Low Budget,Major Success
2824,"20,000 Leagues Under the Sea",Adventure,1954-12-23,G,Walt Disney,127,5000000,28200000,0,28200000,7.2,2968421,0,1954,12,23200000,464.0,Low Budget,Profit
2825,Oculus,Horror,2014-04-11,R,Relativity,104,5000000,27695246,16420250,44115496,6.5,2915289,0,2014,4,39115496,782.31,Low Budget,Profit
2826,Dallas Buyers Club,Drama,2013-11-01,R,Focus Features,117,5000000,27298285,33313560,60611845,8.0,2873504,0,2013,11,55611845,1112.24,Low Budget,Major Success
2827,The Lazarus Effect,Horror,2015-02-27,PG-13,Lionsgate,83,5000000,25801570,9540244,35341814,5.2,2715955,0,2015,2,30341814,606.84,Low Budget,Profit
2828,Memento,Drama,2001-03-16,R,Newmarket Films,113,5000000,25544867,14178229,39723096,8.5,2688933,0,2001,3,34723096,694.46,Low Budget,Profit
2829,Our Idiot Brother,Comedy,2011-08-26,R,Weinstein Co.,90,5000000,24814830,1046419,25861249,6.4,2612087,0,2011,8,20861249,417.22,Low Budget,Profit
2830,Clerks II,Comedy,2006-07-21,R,MGM,97,5000000,24148068,3194178,27342246,7.4,2541902,0,2006,7,22342246,446.84,Low Budget,Profit
2831,The Players Club,Drama,1998-04-08,R,New Line,104,5000000,23047939,0,23047939,5.6,2426099,0,1998,4,18047939,360.96,Low Budget,Profit
2832,Billy Elliot,Drama,2000-10-13,PG-13,Focus Features,110,5000000,21995263,87268201,109263464,7.7,2315291,0,2000,10,104263464,2085.27,Low Budget,Major Success
2833,The Way Way Back,Comedy,2013-07-05,PG-13,Fox Searchlight,103,5000000,21502690,5351120,26853810,7.4,2263441,0,2013,7,21853810,437.08,Low Budget,Profit
2834,God’s Not Dead 2,Drama,2016-04-01,PG,Pure Flix Entertain…,120,5000000,20773069,2788988,23562057,3.4,2186639,0,2016,4,18562057,371.24,Low Budget,Profit
2835,The Apostle,Drama,1997-12-17,PG-13,October Films,134,5000000,20733485,544285,21277770,7.2,2182472,0,1997,12,16277770,325.56,Low Budget,Profit
2836,The Man From Snowy River,Drama,1982-11-03,NR,20th Century Fox,102,5000000,20659423,0,20659423,7.3,2174676,0,1982,11,15659423,313.19,Low Budget,Profit
2837,House Party 2,Comedy,1991-10-23,R,New Line,94,5000000,19438638,0,19438638,5.1,2046172,0,1991,10,14438638,288.77,Low Budget,Profit
2838,Doug's 1st Movie,Adventure,1999-03-26,G,Walt Disney,77,5000000,19421271,0,19421271,5.0,2044344,0,1999,3,14421271,288.43,Low Budget,Profit
2839,Mommie Dearest,Drama,1981-09-18,NR,Paramount,129,5000000,19032000,6000000,25032000,6.7,2003368,0,1981,9,20032000,400.64,Low Budget,Profit
2840,Still Alice,Drama,2015-01-16,PG-13,Sony Pictures Classics,101,5000000,18656400,23043212,41699612,7.5,1963832,0,2015,1,36699612,733.99,Low Budget,Profit
2841,"Paul, Apostle of Christ",Drama,2018-03-23,PG-13,Sony Pictures,114,5000000,17547999,5841836,23389835,,1847158,0,2018,3,18389835,367.8,Low Budget,Profit
2842,Addicted,Drama,2014-10-10,R,Lionsgate,106,5000000,17390770,108472,17499242,5.2,1830607,0,2014,10,12499242,249.98,Low Budget,Profit
2843,O (Othello),Drama,2001-08-31,R,Lionsgate,114,5000000,16017403,0,16017403,,1686042,0,2001,8,11017403,220.35,Low Budget,Profit
2844,Eve's Bayou,Drama,1997-11-07,R,Trimark,109,5000000,14843425,0,14843425,7.3,1562466,0,1997,11,9843425,196.87,Low Budget,Profit
2845,Nighthawks,Action,1981-04-10,NR,Universal Pictures,99,5000000,14600000,5000000,19600000,6.4,1536842,0,1981,4,14600000,292.0,Low Budget,Profit
2846,It Comes at Night,Horror,2017-06-09,R,A24,98,5000000,13985117,5735086,19720203,,1472118,0,2017,6,14720203,294.4,Low Budget,Profit
2847,Y Tu Mamá También,Drama,2002-03-15,R,IFC Films,106,5000000,13649881,20000000,33649881,7.7,1436830,0,2002,3,28649881,573.0,Low Budget,Profit
2848,Shaun of the Dead,Comedy,2004-09-24,R,Focus/Rogue Pictures,99,5000000,13542874,16789511,30332385,8.0,1425566,0,2004,9,25332385,506.65,Low Budget,Profit
2849,Lone Star,Drama,1996-06-21,R,Sony Pictures Classics,135,5000000,12961389,0,12961389,7.6,1364357,0,1996,6,7961389,159.23,Low Budget,Profit
2850,April Fool's Day,Horror,1986-03-27,NR,Paramount,89,5000000,12947763,0,12947763,6.2,1362922,0,1986,3,7947763,158.96,Low Budget,Profit
2851,Diner,Comedy,1982-04-02,NR,MGM,110,5000000,12592907,0,12592907,7.2,1325569,0,1982,4,7592907,151.86,Low Budget,Profit
2852,Before I Fall,Drama,2017-03-03,PG-13,Open Road,114,5000000,12241072,6704610,18945682,,1288534,0,2017,3,13945682,278.91,Low Budget,Profit
2853,Lone Wolf McQuade,Action,1983-04-15,NR,Orion Pictures,107,5000000,12232628,0,12232628,6.3,1287645,0,1983,4,7232628,144.65,Low Budget,Profit
2854,Sunshine Cleaning,Comedy,2009-03-13,R,Overture Films,91,5000000,12062558,5266779,17329337,6.9,1269743,0,2009,3,12329337,246.59,Low Budget,Profit
2855,Fifty Shades of Black,Comedy,2016-01-29,R,Open Road,92,5000000,11686940,10426135,22113075,3.5,1230204,0,2016,1,17113075,342.26,Low Budget,Profit
2856,The Beastmaster,Action,1982-08-20,NR,MGM,90,5000000,10751126,0,10751126,6.2,1131697,0,1982,8,5751126,115.02,Low Budget,Profit
2857,Not Easily Broken,Drama,2009-01-09,PG-13,Sony Pictures,99,5000000,10572742,160167,10732909,6.1,1112920,0,2009,1,5732909,114.66,Low Budget,Profit
2858,Moms’ Night Out,Adventure,2014-05-09,PG,Sony Pictures,98,5000000,10429707,107634,10537341,5.4,1097864,0,2014,5,5537341,110.75,Low Budget,Profit
2859,The Belko Experiment,Horror,2017-03-17,R,BH Tilt,98,5000000,10166820,637019,10803839,,1070192,0,2017,3,5803839,116.08,Low Budget,Profit
2860,Digimon: The Movie,Adventure,2000-10-06,PG,20th Century Fox,82,5000000,9628751,7000000,16628751,5.9,1013553,0,2000,10,11628751,232.58,Low Budget,Profit
2861,Saved!,Comedy,2004-05-28,PG-13,MGM,92,5000000,8886160,1320391,10206551,6.9,935385,0,2004,5,5206551,104.13,Low Budget,Profit
2862,Les invasions barbares,Drama,2003-05-09,R,Miramax,114,5000000,8460000,17453869,25913869,,890526,0,2003,5,20913869,418.28,Low Budget,Profit
2863,Force 10 from Navarone,Action,1978-12-22,NR,American Internatio…,126,5000000,7100000,0,7100000,6.3,747368,0,1978,12,2100000,42.0,Low Budget,Profit
2864,The Forsaken,Horror,2001-04-27,R,Sony Pictures,90,5000000,6755271,0,6755271,5.3,711081,0,2001,4,1755271,35.11,Low Budget,Profit
2865,UHF,Comedy,1989-07-21,NR,Independent,150,5000000,6157157,0,6157157,7.0,648122,0,1989,7,1157157,23.14,Low Budget,Profit
2866,Grandma’s Boy,Comedy,2006-01-06,R,20th Century Fox,90,5000000,6090172,500000,6590172,7.0,641071,0,2006,1,1590172,31.8,Low Budget,Profit
2867,Slums of Beverly Hills,Comedy,1998-08-14,R,Fox Searchlight,91,5000000,5502773,0,5502773,6.6,579239,0,1998,8,502773,10.06,Low Budget,Profit
2868,Made,Comedy,2001-07-13,R,Artisan,95,5000000,5308707,167353,5476060,6.4,558811,0,2001,7,476060,9.52,Low Budget,Profit
2869,90 Minutes in Heaven,Drama,2015-09-11,PG-13,Samuel Goldwyn Films,121,5000000,4816142,0,4816142,4.6,506962,0,2015,9,-183858,-3.68,Low Budget,Loss
2870,Keeping Up with the Steins,Comedy,2006-05-12,PG-13,Miramax,90,5000000,4339241,75512,4414753,5.4,456762,0,2006,5,-585247,-11.7,Low Budget,Loss
2871,The Sweet Hereafter,Drama,1997-10-10,R,Fine Line,112,5000000,4306697,3644550,7951247,7.7,453337,0,1997,10,2951247,59.02,Low Budget,Profit
2872,Bottle Shock,Drama,2008-08-06,PG-13,Freestyle Releasing,110,5000000,4078607,737283,4815890,6.8,429327,0,2008,8,-184110,-3.68,Low Budget,Loss
2873,Des Hommes et Des Dieux,Drama,2011-02-25,PG-13,Sony Pictures Classics,114,5000000,3954651,42308874,46263525,,416279,0,2011,2,41263525,825.27,Low Budget,Profit
2874,Jekyll and Hyde... Together Again,Comedy,1982-08-27,NR,Universal Pictures,87,5000000,3707583,0,3707583,6.2,390272,0,1982,8,-1292417,-25.85,Low Budget,Loss
2875,Table 19,Comedy,2017-03-03,PG-13,Fox Searchlight,98,5000000,3614896,1005503,4620399,,380515,0,2017,3,-379601,-7.59,Low Budget,Loss
2876,Green Room,Horror,2016-04-15,R,A24,95,5000000,3220371,587132,3807503,7.1,338986,0,2016,4,-1192497,-23.85,Low Budget,Loss
2877,Heavenly Creatures,Drama,1994-11-16,R,Miramax,108,5000000,3046086,2392034,5438120,7.4,320641,0,1994,11,438120,8.76,Low Budget,Profit
2878,Everything Must Go,Drama,2011-05-13,PG,Roadside Attractions,97,5000000,2712131,108879,2821010,6.4,285487,0,2011,5,-2178990,-43.58,Low Budget,Loss
2879,Rabbit Hole,Drama,2010-12-17,PG-13,Lionsgate,91,5000000,2229058,3975976,6205034,7.0,234638,0,2010,12,1205034,24.1,Low Budget,Profit
2880,Paterson,Comedy,2016-12-28,R,Bleecker Street,98,5000000,2141423,8620124,10761547,,225413,0,2016,12,5761547,115.23,Low Budget,Profit
2881,Zero Effect,Comedy,1998-01-30,R,Sony Pictures,116,5000000,2080693,0,2080693,7.0,219020,0,1998,1,-2919307,-58.39,Low Budget,Loss
2882,Atlas Shrugged: Who Is John Galt?,Drama,2014-09-12,PG-13,Atlas Distribution,99,5000000,851690,0,851690,4.4,89652,0,2014,9,-4148310,-82.97,Low Budget,Loss
2883,Party Monster,Comedy,2003-08-29,R,ContentFilm,98,5000000,742898,151132,894030,6.3,78200,0,2003,8,-4105970,-82.12,Low Budget,Loss
2884,Bottle Rocket,Action,1996-02-21,R,Sony Pictures,91,5000000,407488,0,407488,7.1,42893,0,1996,2,-4592512,-91.85,Low Budget,Loss
2885,Ain't Them Bodies Saints,Drama,2013-08-16,R,IFC Films,114,5000000,391611,683398,1075009,,41222,0,2013,8,-3924991,-78.5,Low Budget,Loss
2886,Albino Alligator,Drama,1997-01-17,R,Miramax,97,5000000,353480,0,353480,6.1,37208,0,1997,1,-4646520,-92.93,Low Budget,Loss
2887,Jimi: All is By My Side,Drama,2014-09-26,R,XLrator Media,114,5000000,340911,586163,927074,,35885,0,2014,9,-4072926,-81.46,Low Budget,Loss
2888,"Lovely, Still",Drama,2010-09-10,PG,Monterey Media,90,5000000,127564,155123,282687,7.3,13428,0,2010,9,-4717313,-94.35,Low Budget,Loss
2889,Redacted,Drama,2007-11-16,R,Magnolia Pictures,90,5000000,65388,795937,861325,6.2,6883,0,2007,11,-4138675,-82.77,Low Budget,Loss
2890,Rudderless,Drama,2014-10-17,R,Samuel Goldwyn Films,105,5000000,56001,511218,567219,7.5,5895,0,2014,10,-4432781,-88.66,Low Budget,Loss
2891,Grace,Horror,2009-08-14,R,Anchor Bay Entertai…,98,5000000,8297,0,8297,,873,0,2009,8,-4991703,-99.83,Low Budget,Loss
2892,Yoga Hosers,Adventure,2016-09-02,PG-13,Invincible Pictures,88,5000000,0,2199,2199,4.8,0,0,2016,9,-4997801,-99.96,Low Budget,Loss
2893,Reach Me,Drama,2014-11-21,R,Alchemy,114,5000000,0,0,0,,0,0,2014,11,-5000000,-100.0,Low Budget,Loss
2894,Henry & Me,Adventure,2014-08-18,PG,Distrib Films,70,5000000,0,0,0,6.7,0,0,2014,8,-5000000,-100.0,Low Budget,Loss
2895,Mommy,Drama,2015-01-23,R,Roadside Attractions,114,4900000,3498695,14037309,17536004,,368284,0,2015,1,12636004,257.88,Low Budget,Profit
2896,Sling Blade,Drama,1996-11-20,R,Miramax,148,4833610,24475416,9699584,34175000,8.0,2576360,0,1996,11,29341390,607.03,Low Budget,Profit
2897,Hostel,Horror,2006-01-06,R,Lionsgate,93,4800000,47326473,34914637,82241110,5.9,4981734,0,2006,1,77441110,1613.36,Low Budget,Major Success
2898,Take Shelter,Drama,2011-09-30,R,Sony Pictures Classics,121,4750000,1728953,3243063,4972016,7.4,181995,0,2011,9,222016,4.67,Low Budget,Profit
2899,The Texas Chainsaw Massacre 2,Horror,1986-08-22,NR,Cannon,101,4700000,8025872,0,8025872,5.5,844829,0,1986,8,3325872,70.76,Low Budget,Profit
2900,Lady in White,Horror,1988-04-22,NR,New Century Vista F…,118,4700000,1705139,0,1705139,6.7,179488,0,1988,4,-2994861,-63.72,Low Budget,Loss
2901,Dear Frankie,Drama,2005-03-04,PG-13,Miramax,105,4600000,1340891,1758478,3099369,7.8,141146,0,2005,3,-1500631,-32.62,Low Budget,Loss
2902,The Assassination of Richard Nixon,Drama,2004-12-29,R,ThinkFilm,114,4600000,708776,4171367,4880143,,74608,0,2004,12,280143,6.09,Low Budget,Profit
2903,Le nom des gens,Comedy,2011-06-24,R,Music Box Films,98,4600000,514237,8747474,9261711,,54130,0,2011,6,4661711,101.34,Low Budget,Profit
2904,Police Academy,Comedy,1984-03-23,R,Warner Bros,96,4500000,81198894,0,81198894,6.7,8547252,0,1984,3,76698894,1704.42,Low Budget,Major Success
2905,The Blue Lagoon,Drama,1980-06-20,R,Universal Pictures,104,4500000,47923795,0,47923795,5.7,5044610,0,1980,6,43423795,964.97,Low Budget,Profit
2906,Fast Times at Ridgemont High,Comedy,1982-08-13,NR,Universal Pictures,90,4500000,27092880,0,27092880,7.2,2851882,0,1982,8,22592880,502.06,Low Budget,Profit
2907,Secrets & Lies,Drama,1996-09-28,R,October Films,70,4500000,13417292,0,13417292,7.7,1412347,0,1996,9,8917292,198.16,Low Budget,Profit
2908,25th Hour,Drama,2002-12-19,R,Walt Disney,108,4500000,13084595,12259895,25344490,7.7,1377326,0,2002,12,20844490,463.21,Low Budget,Profit
2909,After Hours,Comedy,1985-09-13,NR,Warner Bros,98,4500000,10609321,0,10609321,,1116771,0,1985,9,6109321,135.76,Low Budget,Profit
2910,Låt den rätte komma in,Horror,2008-10-24,R,Magnolia Pictures,98,4500000,2122085,10125597,12247682,,223377,0,2008,10,7747682,172.17,Low Budget,Profit
2911,Tango,Drama,1999-02-12,PG-13,Sony Pictures Classics,115,4500000,1687311,3741076,5428387,7.2,177612,0,1999,2,928387,20.63,Low Budget,Profit
2912,Salvador,Drama,1986-04-23,NR,Hemdale,122,4500000,1500000,0,1500000,7.5,157895,0,1986,4,-3000000,-66.67,Low Budget,Loss
2913,Donnie Darko,Drama,2001-10-26,R,Newmarket Films,133,4500000,1480006,6030871,7510877,8.1,155790,0,2001,10,3010877,66.91,Low Budget,Profit
2914,Salvando al Soldado Perez,Action,2011-09-02,PG-13,Lionsgate,109,4500000,1400726,7929739,9330465,,147445,0,2011,9,4830465,107.34,Low Budget,Profit
2915,Karakter,Drama,1998-03-27,R,Sony Pictures Classics,114,4500000,713413,0,713413,,75096,0,1998,3,-3786587,-84.15,Low Budget,Loss
2916,Blackthorn,Adventure,2011-10-07,R,Magnolia Pictures,102,4500000,200558,1016749,1217307,6.6,21111,0,2011,10,-3282693,-72.95,Low Budget,Loss
2917,Maggie,Drama,2015-05-08,PG-13,Roadside Attractions,95,4500000,187112,477234,664346,5.6,19696,0,2015,5,-3835654,-85.24,Low Budget,Loss
2918,Lilja 4-ever,Drama,2003-04-18,R,Newmarket Films,114,4500000,181655,4375327,4556982,,19122,0,2003,4,56982,1.27,Low Budget,Profit
2919,After.Life,Horror,2010-04-09,R,Independent,104,4500000,108596,2373329,2481925,5.9,11431,0,2010,4,-2018075,-44.85,Low Budget,Loss
2920,The Sweeney,Action,2013-03-01,R,Entertainment One,112,4500000,26345,7974021,8000366,6.1,2773,0,2013,3,3500366,77.79,Low Budget,Profit
2921,Falcon Rising,Adventure,2014-09-04,R,Freestyle Releasing,103,4500000,11774,0,11774,5.8,1239,0,2014,9,-4488226,-99.74,Low Budget,Loss
2922,Daisy Winters,Drama,2017-12-01,PG-13,Hannover House,114,4500000,0,0,0,,0,0,2017,12,-4500000,-100.0,Low Budget,Loss
2923,One Flew Over the Cuckoo's Nest,Drama,1975-11-19,R,MGM,133,4400000,108981275,16354,108997629,8.7,11471713,0,1975,11,104597629,2377.22,Low Budget,Major Success
2924,Silent Movie,Comedy,1976-06-25,NR,20th Century Fox,87,4400000,36145695,0,36145695,6.7,3804810,0,1976,6,31745695,721.49,Low Budget,Profit
2925,Whale Rider,Drama,2003-06-06,PG-13,Newmarket Films,101,4300000,20779666,18594934,39374600,7.6,2187333,0,2003,6,35074600,815.69,Low Budget,Profit
2926,Sexy Beast,Drama,2001-06-13,R,Fox Searchlight,89,4300000,6946056,3212299,10158355,7.3,731164,0,2001,6,5858355,136.24,Low Budget,Profit
2927,Night of the Living Dead,Horror,1990-10-19,R,Sony Pictures,96,4200000,5835247,0,5835247,8.0,614237,0,1990,10,1635247,38.93,Low Budget,Profit
2928,Animal Kingdom,Drama,2010-08-13,R,Sony Pictures Classics,70,4200000,1044039,7034644,8078683,8.1,109899,0,2010,8,3878683,92.35,Low Budget,Profit
2929,Cargo,Drama,2011-10-21,R,Persona Films,112,4200000,0,313230,313230,6.2,0,0,2011,10,-3886770,-92.54,Low Budget,Loss
2930,Love and Death on Long Island,Drama,1998-03-06,PG-13,Lionsgate,93,4030000,2542264,0,2542264,7.1,267607,0,1998,3,-1487736,-36.92,Low Budget,Loss
2931,Porky's,Comedy,1982-03-19,R,20th Century Fox,94,4000000,109492484,0,109492484,6.2,11525525,0,1982,3,105492484,2637.31,Low Budget,Major Success
2932,Peter Pan,Adventure,1953-02-05,PG,RKO Radio Pictures,97,4000000,87400000,0,87400000,,9200000,0,1953,2,83400000,2085.0,Low Budget,Major Success
2933,The Crying Game,Drama,1992-11-25,R,Miramax,112,4000000,62546695,0,62546695,7.3,6583863,0,1992,11,58546695,1463.67,Low Budget,Major Success
2934,Lost in Translation,Drama,2003-09-12,R,Focus Features,101,4000000,44585453,72499844,117085297,7.8,4693206,0,2003,9,113085297,2827.13,Low Budget,Major Success
2935,Annie Hall,Comedy,1977-04-20,NR,United Artists,93,4000000,38251425,0,38251425,8.1,4026466,0,1977,4,34251425,856.29,Low Budget,Profit
2936,Leaving Las Vegas,Drama,1995-10-27,R,MGM,111,4000000,31983777,17816223,49800000,7.6,3366713,0,1995,10,45800000,1145.0,Low Budget,Profit
2937,Monster's Ball,Drama,2001-12-26,R,Lionsgate,112,4000000,31273922,12492541,43766463,7.1,3291992,0,2001,12,39766463,994.16,Low Budget,Profit
2938,Boyhood,Drama,2014-07-11,R,IFC Films,165,4000000,25379975,31893074,57273049,8.0,2671576,0,2014,7,53273049,1331.83,Low Budget,Major Success
2939,The Kids Are All Right,Comedy,2010-07-09,R,Focus Features,106,4000000,20811365,15464104,36275469,7.1,2190670,0,2010,7,32275469,806.89,Low Budget,Profit
2940,Life of Brian,Comedy,1979-08-17,R,Warner Bros,98,4000000,20008693,0,20008693,,2106178,0,1979,8,16008693,400.22,Low Budget,Profit
2941,A Haunted House 2,Comedy,2014-04-18,R,Open Road,86,4000000,17329487,3877374,21206861,4.7,1824157,0,2014,4,17206861,430.17,Low Budget,Profit
2942,The Last Exorcism Part II,Horror,2013-03-01,PG-13,CBS Films,93,4000000,15179303,10269404,25448707,4.0,1597821,0,2013,3,21448707,536.22,Low Budget,Profit
2943,The Front Page,Comedy,1974-12-17,NR,Universal Pictures,105,4000000,15000000,0,15000000,7.3,1578947,0,1974,12,11000000,275.0,Low Budget,Profit
2944,The Return of the Living Dead,Horror,1985-08-16,R,Orion Pictures,108,4000000,14237880,0,14237880,7.3,1498724,0,1985,8,10237880,255.95,Low Budget,Profit
2945,Saving Grace,Comedy,2000-08-04,R,Fine Line,70,4000000,12178602,15608247,27786849,7.5,1281958,0,2000,8,23786849,594.67,Low Budget,Profit
2946,The Great Escape,Drama,1963-08-08,NR,MGM,172,4000000,11744471,0,11744471,8.3,1236260,0,1963,8,7744471,193.61,Low Budget,Profit
2947,The Darkness,Horror,2016-05-13,PG-13,High Top Releasing,103,4000000,10753574,144719,10898293,5.4,1131955,0,2016,5,6898293,172.46,Low Budget,Profit
2948,The Wash,Comedy,2001-11-14,R,Lionsgate,93,4000000,10097096,0,10097096,4.6,1062852,0,2001,11,6097096,152.43,Low Budget,Profit
2949,3 Strikes,Comedy,2000-03-01,R,MGM,82,4000000,9821335,0,9821335,4.0,1033825,0,2000,3,5821335,145.53,Low Budget,Profit
2950,The Visitor,Comedy,2008-04-11,PG-13,Overture Films,98,4000000,9427026,9747791,19174817,,992319,0,2008,4,15174817,379.37,Low Budget,Profit
2951,The Cooler,Drama,2003-11-26,R,Lionsgate,101,4000000,8291572,2839883,11131455,7.0,872797,0,2003,11,7131455,178.29,Low Budget,Profit
2952,The Night Listener,Drama,2006-08-04,R,Miramax,81,4000000,7836393,2934600,10770993,5.9,824883,0,2006,8,6770993,169.27,Low Budget,Profit
2953,The Jerky Boys,Comedy,1995-02-03,R,Walt Disney,82,4000000,7555256,0,7555256,4.6,795290,0,1995,2,3555256,88.88,Low Budget,Profit
2954,El orfanato,Horror,2007-12-28,R,Picturehouse,98,4000000,7159147,72091046,79250193,,753594,0,2007,12,75250193,1881.25,Low Budget,Major Success
2955,Bug,Drama,2007-05-25,R,Lionsgate,114,4000000,7006708,1296287,8302995,,737548,0,2007,5,4302995,107.57,Low Budget,Profit
2956,Let's Go to Prison,Comedy,2006-11-17,R,Universal Pictures,90,4000000,4630045,0,4630045,6.0,487373,0,2006,11,630045,15.75,Low Budget,Profit
2957,Four Rooms,Comedy,1995-12-25,R,Miramax,110,4000000,4301000,0,4301000,6.7,452737,0,1995,12,301000,7.52,Low Budget,Profit
2958,Secretary,Drama,2002-09-20,R,Lionsgate,104,4000000,4046737,5367219,9413956,7.1,425972,0,2002,9,5413956,135.35,Low Budget,Profit
2959,Talk Radio,Drama,1988-12-01,NR,Universal Pictures,110,4000000,3468572,0,3468572,7.3,365113,0,1988,12,-531428,-13.29,Low Budget,Loss
2960,Waiting for Guffman,Comedy,1997-01-31,R,Sony Pictures Classics,84,4000000,2922988,0,2922988,7.6,307683,0,1997,1,-1077012,-26.93,Low Budget,Loss
2961,Love Stinks,Comedy,1999-09-10,R,Independent Artists,94,4000000,2793776,0,2793776,5.8,294082,0,1999,9,-1206224,-30.16,Low Budget,Loss
2962,Thumbsucker,Comedy,2005-09-16,R,Sony Pictures Classics,96,4000000,1328679,590518,1919197,6.6,139861,0,2005,9,-2080803,-52.02,Low Budget,Loss
2963,Red State,Horror,2011-09-23,R,Smodshow Productions,88,4000000,1065429,918167,1983596,6.2,112150,0,2011,9,-2016404,-50.41,Low Budget,Loss
2964,MirrorMask,Drama,2005-09-30,PG,Samuel Goldwyn Films,101,4000000,864959,108654,973613,6.9,91048,0,2005,9,-3026387,-75.66,Low Budget,Loss
2965,Poolhall Junkies,Drama,2003-02-28,R,Gold Circle Films,99,4000000,563711,0,563711,7.0,59338,0,2003,2,-3436289,-85.91,Low Budget,Loss
2966,The Face of Love,Drama,2014-03-07,PG-13,IFC Films,114,4000000,385069,773808,1158877,,40534,0,2014,3,-2841123,-71.03,Low Budget,Loss
2967,Joe,Drama,2014-04-11,R,Roadside Attractions,117,4000000,373375,0,373375,6.9,39303,0,2014,4,-3626625,-90.67,Low Budget,Loss
2968,Prison,Horror,1988-03-04,NR,Empire Pictures,102,4000000,354704,0,354704,5.9,37337,0,1988,3,-3645296,-91.13,Low Budget,Loss
2969,Adoration,Drama,2009-05-08,R,Sony Pictures Classics,114,4000000,294244,90000,384244,,30973,0,2009,5,-3615756,-90.39,Low Budget,Loss
2970,The Big Tease,Comedy,2000-01-28,R,Warner Bros,86,4000000,185577,0,185577,6.3,19534,0,2000,1,-3814423,-95.36,Low Budget,Loss
2971,Desert Dancer,Drama,2015-04-10,PG-13,Relativity,104,4000000,155271,182838,338109,6.0,16344,0,2015,4,-3661891,-91.55,Low Budget,Loss
2972,"Guten Tag, Ramon",Drama,2015-01-30,PG-13,20th Century Fox,114,4000000,154356,4700000,4854356,,16248,0,2015,1,854356,21.36,Low Budget,Profit
2973,Manglehorn,Drama,2015-06-19,PG-13,IFC Films,114,4000000,132270,665169,797439,,13923,0,2015,6,-3202561,-80.06,Low Budget,Loss
2974,Tau ming chong,Action,2010-04-02,R,Independent,109,4000000,129078,38770714,38899792,,13587,0,2010,4,34899792,872.49,Low Budget,Profit
2975,Trust,Drama,2011-04-01,R,Alchemy,106,4000000,120016,0,120016,7.0,12633,0,2011,4,-3879984,-97.0,Low Budget,Loss
2976,An Everlasting Piece,Comedy,2000-12-22,R,DreamWorks,103,4000000,75078,0,75078,6.3,7903,0,2000,12,-3924922,-98.12,Low Budget,Loss
2977,Stake Land,Horror,2011-04-22,R,IFC Films,98,4000000,33245,646237,679482,6.5,3499,0,2011,4,-3320518,-83.01,Low Budget,Loss
2978,Sonny,Drama,2002-12-27,R,Independent,114,4000000,17639,0,17639,,1857,0,2002,12,-3982361,-99.56,Low Budget,Loss
2979,Another Happy Day,Drama,2011-11-18,R,Phase 4 Films,119,4000000,9120,969407,978527,6.0,960,0,2011,11,-3021473,-75.54,Low Budget,Loss
2980,The Loved Ones,Horror,2012-06-01,R,Paramount,84,4000000,0,12302,12302,6.7,0,0,2012,6,-3987698,-99.69,Low Budget,Loss
2981,The Perfect Wave,Drama,2014-07-11,PG,Independent,94,4000000,0,0,0,4.7,0,0,2014,7,-4000000,-100.0,Low Budget,Loss
2982,Gone with the Wind,Drama,1939-12-15,G,MGM,226,3900000,198680470,191844722,390525192,8.2,20913734,0,1939,12,386625192,9913.47,Low Budget,Major Success
2983,Network,Drama,1976-01-01,NR,MGM,121,3800000,23689877,0,23689877,8.1,2493671,0,1976,1,19889877,523.42,Low Budget,Profit
2984,Down for Life,Drama,2011-01-14,R,B.D. Fox Independent,92,3800000,41914,0,41914,7.3,4412,0,2011,1,-3758086,-98.9,Low Budget,Loss
2985,The Good Heart,Drama,2010-04-30,R,Magnolia Pictures,99,3800000,20930,320000,340930,6.9,2203,0,2010,4,-3459070,-91.03,Low Budget,Loss
2986,Hevi reissu,Comedy,2018-10-05,NR,Music Box Films,98,3800000,9079,0,9079,,956,0,2018,10,-3790921,-99.76,Low Budget,Loss
2987,Casa de Areia,Drama,2006-08-11,R,Sony Pictures Classics,114,3750000,539285,638890,1178175,,56767,0,2006,8,-2571825,-68.58,Low Budget,Loss
2988,Defendor,Drama,2010-02-19,R,Independent,95,3750000,44462,0,44462,6.8,4680,0,2010,2,-3705538,-98.81,Low Budget,Loss
2989,The History Boys,Comedy,2006-11-21,R,Fox Searchlight,109,3700000,2730296,10717702,13447998,6.9,287400,0,2006,11,9747998,263.46,Low Budget,Profit
2990,Airplane!,Comedy,1980-07-04,PG,Paramount,88,3500000,83453539,0,83453539,7.8,8784583,0,1980,7,79953539,2284.39,Low Budget,Major Success
2991,The Full Monty,Comedy,1997-08-13,R,Fox Searchlight,91,3500000,45950122,215299261,261249383,7.2,4836855,0,1997,8,257749383,7364.27,Low Budget,Major Success
2992,Menace II Society,Action,1993-05-26,R,New Line,97,3500000,27731527,0,27731527,7.5,2919108,0,1993,5,24231527,692.33,Low Budget,Profit
2993,Friday,Comedy,1995-04-26,R,New Line,97,3500000,27467564,469214,27936778,7.3,2891323,0,1995,4,24436778,698.19,Low Budget,Profit
2994,The Witch,Horror,2016-02-19,R,A24,92,3500000,25138705,15315815,40454520,6.8,2646179,0,2016,2,36954520,1055.84,Low Budget,Profit
2995,Empire,Drama,2002-12-06,R,Universal Pictures,70,3500000,17504595,990849,18495444,7.8,1842589,0,2002,12,14995444,428.44,Low Budget,Profit
2996,Forever My Girl,Drama,2018-01-19,PG,Roadside Attractions,114,3500000,16376066,0,16376066,,1723796,0,2018,1,12876066,367.89,Low Budget,Profit
2997,Creepshow 2,Horror,1987-05-01,R,New World,85,3500000,14000000,0,14000000,6.0,1473684,0,1987,5,10500000,300.0,Low Budget,Profit
2998,In Cold Blood,Drama,1967-01-01,R,Independent,134,3500000,13000000,7551,13007551,8.0,1368421,0,1967,1,9507551,271.64,Low Budget,Profit
2999,I Got the Hook-Up!,Comedy,1998-05-27,R,Miramax,93,3500000,10317779,0,10317779,3.9,1086082,0,1998,5,6817779,194.79,Low Budget,Profit
3000,Gods and Monsters,Drama,1998-11-06,R,Lionsgate,105,3500000,6451628,0,6451628,7.5,679119,0,1998,11,2951628,84.33,Low Budget,Profit
3001,Evil Dead II,Horror,1987-03-13,NR,Rosebud Releasing,70,3500000,5923044,0,5923044,7.8,623478,0,1987,3,2423044,69.23,Low Budget,Profit
3002,Pootie Tang,Comedy,2001-06-29,PG-13,Paramount,81,3500000,3293258,0,3293258,5.2,346659,0,2001,6,-206742,-5.91,Low Budget,Loss
3003,Believe,Drama,2016-12-02,PG,Smith Global Media,114,3500000,890303,0,890303,,93716,0,2016,12,-2609697,-74.56,Low Budget,Loss
3004,La otra conquista,Drama,2000-04-19,R,Hombre de Oro,106,3500000,886410,0,886410,6.8,93306,0,2000,4,-2613590,-74.67,Low Budget,Loss
3005,American Honey,Drama,2016-09-30,R,A24,114,3500000,663247,1948503,2611750,,69815,0,2016,9,-888250,-25.38,Low Budget,Loss
3006,Trolljegeren,Horror,2011-06-10,PG,Magnet Pictures,98,3500000,253444,5453194,5706638,,26678,0,2011,6,2206638,63.05,Low Budget,Profit
3007,Ira and Abby,Comedy,2007-09-14,R,Magnolia Pictures,101,3500000,221096,0,221096,6.5,23273,0,2007,9,-3278904,-93.68,Low Budget,Loss
3008,The Masked Saint,Action,2016-01-08,PG-13,Freestyle Releasing,105,3500000,182695,0,182695,4.7,19231,0,2016,1,-3317305,-94.78,Low Budget,Loss
3009,Winter Passing,Drama,2006-02-17,R,Focus Features,98,3500000,107492,6291,113783,6.4,11315,0,2006,2,-3386217,-96.75,Low Budget,Loss
3010,D.E.B.S.,Action,2005-03-25,PG-13,Samuel Goldwyn Films,91,3500000,96793,0,96793,5.3,10189,0,2005,3,-3403207,-97.23,Low Budget,Loss
3011,Taxman,Comedy,1999-09-17,NR,Independent,104,3500000,9871,0,9871,5.5,1039,0,1999,9,-3490129,-99.72,Low Budget,Loss
3012,Jagten,Drama,2013-05-17,R,Magnolia Pictures,114,3450000,687185,17622608,18309793,,72335,0,2013,5,14859793,430.72,Low Budget,Profit
3013,Margin Call,Drama,2011-10-21,R,Roadside Attractions,107,3400000,5353586,15079641,20433227,7.1,563535,0,2011,10,17033227,500.98,Low Budget,Profit
3014,Choke,Comedy,2008-09-26,R,Fox Searchlight,92,3400000,2926565,1197712,4124277,6.5,308059,0,2008,9,724277,21.3,Low Budget,Profit
3015,Carousel,Drama,1956-02-16,NR,20th Century Fox,114,3380000,0,3220,3220,,0,0,1956,2,-3376780,-99.9,Low Budget,Loss
3016,Whiplash,Drama,2014-10-10,R,Sony Pictures Classics,107,3300000,13092006,24733224,37825230,8.5,1378106,0,2014,10,34525230,1046.22,Low Budget,Profit
3017,Bella,Drama,2007-10-26,PG-13,Roadside Attractions,91,3300000,8093373,4312100,12405473,7.4,851934,0,2007,10,9105473,275.92,Low Budget,Profit
3018,Cidade de Deus,Drama,2003-01-17,R,Miramax,114,3300000,7563397,24495898,32059295,,796147,0,2003,1,28759295,871.49,Low Budget,Profit
3019,A Christmas Story,Comedy,1983-11-18,PG,MGM,94,3250000,20605209,0,20605209,8.1,2168969,0,1983,11,17355209,534.01,Low Budget,Profit
3020,Class of 1984,Drama,1982-08-20,NR,United Film Distrib…,98,3250000,6965361,0,6965361,6.6,733196,0,1982,8,3715361,114.32,Low Budget,Profit
3021,Maria Full of Grace,Drama,2004-07-16,R,New Line,101,3200000,6529624,7911534,14441158,7.5,687329,0,2004,7,11241158,351.29,Low Budget,Profit
3022,Beginners,Drama,2011-06-03,R,Focus Features,105,3200000,5790894,8523513,14314407,7.2,609568,0,2011,6,11114407,347.33,Low Budget,Profit
3023,The Meddler,Comedy,2016-04-22,PG-13,Sony Pictures Classics,98,3200000,4267219,1259723,5526942,,449181,0,2016,4,2326942,72.72,Low Budget,Profit
3024,Adam,Drama,2009-07-29,PG-13,Fox Searchlight,99,3200000,2283291,551194,2834485,7.2,240346,0,2009,7,-365515,-11.42,Low Budget,Loss
3025,Feast,Horror,2006-09-22,R,Weinstein/Dimension,95,3200000,56131,634741,690872,6.4,5909,0,2006,9,-2509128,-78.41,Low Budget,Loss
3026,It’s a Wonderful Life,Drama,1946-01-01,PG,Independent,118,3180000,6600000,4168908,10768908,8.6,694737,0,1946,1,7588908,238.64,Low Budget,Profit
3027,Trainspotting,Drama,1996-07-19,R,Miramax,94,3100000,16501785,55057186,71558971,8.2,1737030,0,1996,7,68458971,2208.35,Low Budget,Major Success
3028,National Lampoon's Animal House,Comedy,1978-07-28,R,Universal Pictures,98,3000000,141600000,0,141600000,,14905263,0,1978,7,138600000,4620.0,Low Budget,Major Success
3029,Paranormal Activity 2,Horror,2010-10-20,R,Paramount,98,3000000,84752907,92759125,177512032,5.7,8921359,0,2010,10,174512032,5817.07,Low Budget,Major Success
3030,War Room,Drama,2015-08-28,PG,Sony Pictures,114,3000000,67790117,6185122,73975239,,7135802,0,2015,8,70975239,2365.84,Low Budget,Major Success
3031,Goldfinger,Action,1964-12-22,PG,MGM,110,3000000,51100000,73800000,124900000,7.8,5378947,0,1964,12,121900000,4063.33,Low Budget,Major Success
3032,The Bridge on the River Kwai,Drama,1957-12-18,PG,Sony Pictures,161,3000000,33300000,0,33300000,8.2,3505263,0,1957,12,30300000,1010.0,Low Budget,Profit
3033,Coming Home,Drama,1978-01-01,NR,United Artists,109,3000000,32653000,0,32653000,7.3,3437158,0,1978,1,29653000,988.43,Low Budget,Profit
3034,Waking Ned Devine,Comedy,1998-11-20,PG,20th Century Fox,91,3000000,24793251,30400000,55193251,7.4,2609816,0,1998,11,52193251,1739.78,Low Budget,Major Success
3035,Air Bud,Adventure,1997-08-01,PG,Walt Disney,98,3000000,24646936,3141713,27788649,5.1,2594414,0,1997,8,24788649,826.29,Low Budget,Profit
3036,Love and Death,Comedy,1975-06-10,NR,MGM,98,3000000,20123742,0,20123742,,2118289,0,1975,6,17123742,570.79,Low Budget,Profit
3037,Pokemon 3: The Movie,Adventure,2001-04-06,G,Warner Bros,97,3000000,17052128,51400000,68452128,,1794961,0,2001,4,65452128,2181.74,Low Budget,Major Success
3038,Spaced Invaders,Adventure,1990-04-27,PG,Walt Disney,100,3000000,15000000,0,15000000,5.3,1578947,0,1990,4,12000000,400.0,Low Budget,Profit
3039,Krush Groove,Drama,1985-10-25,R,Warner Bros,97,3000000,11052713,0,11052713,6.6,1163443,0,1985,10,8052713,268.42,Low Budget,Profit
3040,Next Day Air,Comedy,2009-05-08,R,Summit Entertainment,84,3000000,10027047,145472,10172519,5.9,1055479,0,2009,5,7172519,239.08,Low Budget,Profit
3041,Belly,Drama,1998-11-04,R,Artisan,114,3000000,9639390,0,9639390,,1014673,0,1998,11,6639390,221.31,Low Budget,Profit
3042,Trippin’,Comedy,1999-05-12,R,October Films,94,3000000,9017070,0,9017070,5.2,949165,0,1999,5,6017070,200.57,Low Budget,Profit
3043,Before Midnight,Drama,2013-05-24,R,Sony Pictures Classics,109,3000000,8110621,15141309,23251930,7.9,853750,0,2013,5,20251930,675.06,Low Budget,Profit
3044,Teen Wolf Too,Comedy,1987-11-20,NR,Atlantic,95,3000000,7888000,0,7888000,3.2,830316,0,1987,11,4888000,162.93,Low Budget,Profit
3045,The Collector,Horror,2009-07-31,R,Freestyle Releasing,98,3000000,7712114,2761722,10473836,,811801,0,2009,7,7473836,249.13,Low Budget,Profit
3046,Phantasm II,Horror,1988-07-08,NR,Universal Pictures,97,3000000,7282851,0,7282851,6.5,766616,0,1988,7,4282851,142.76,Low Budget,Profit
3047,Woman Thou Art Loosed,Drama,2004-10-01,R,Magnolia Pictures,94,3000000,6879730,0,6879730,6.9,724182,0,2004,10,3879730,129.32,Low Budget,Profit
3048,Real Women Have Curves,Comedy,2002-10-18,PG-13,Newmarket Films,90,3000000,5853194,1924596,7777790,7.0,616126,0,2002,10,4777790,159.26,Low Budget,Profit
3049,Water,Drama,2006-04-28,PG-13,Fox Searchlight,117,3000000,5529144,5793429,11322573,7.8,582015,0,2006,4,8322573,277.42,Low Budget,Profit
3050,Don’t Think Twice,Comedy,2016-07-22,R,Film Arcade,98,3000000,4417983,0,4417983,,465051,0,2016,7,1417983,47.27,Low Budget,Profit
3051,Swiss Army Man,Drama,2016-06-24,R,A24,114,3000000,4210454,1626657,5837111,,443206,0,2016,6,2837111,94.57,Low Budget,Profit
3052,East is East,Comedy,2000-04-14,R,Miramax,96,3000000,4170647,26267988,30438635,6.9,439015,0,2000,4,27438635,914.62,Low Budget,Profit
3053,Whipped,Comedy,2000-09-01,R,Destination Films,82,3000000,4142507,0,4142507,4.4,436053,0,2000,9,1142507,38.08,Low Budget,Profit
3054,Kama Sutra,Drama,1997-02-28,R,Trimark,114,3000000,4109095,0,4109095,,432536,0,1997,2,1109095,36.97,Low Budget,Profit
3055,Frances Ha,Comedy,2013-05-17,R,IFC Films,86,3000000,4067398,7195371,11262769,7.4,428147,0,2013,5,8262769,275.43,Low Budget,Profit
3056,Warlock: The Armageddon,Horror,1993-09-24,R,Trimark,98,3000000,3902679,0,3902679,5.3,410808,0,1993,9,902679,30.09,Low Budget,Profit
3057,Days of Heaven,Drama,1978-09-13,NR,Paramount,94,3000000,3446749,214131,3660880,8.0,362816,0,1978,9,660880,22.03,Low Budget,Profit
3058,Compadres,Comedy,2016-04-22,R,Lionsgate,101,3000000,3127773,4317271,7445044,5.0,329239,0,2016,4,4445044,148.17,Low Budget,Profit
3059,Basquiat,Drama,1996-08-09,R,Miramax,108,3000000,2962051,0,2962051,6.9,311795,0,1996,8,-37949,-1.26,Low Budget,Loss
3060,Tsotsi,Drama,2006-02-24,R,Miramax,94,3000000,2912606,8624933,11537539,7.3,306590,0,2006,2,8537539,284.58,Low Budget,Profit
3061,Letters to God,Drama,2010-04-09,PG,Vivendi Entertainment,110,3000000,2848587,388865,3237452,6.3,299851,0,2010,4,237452,7.92,Low Budget,Profit
3062,Tusk,Horror,2014-09-19,R,A24,102,3000000,1821983,35705,1857688,5.4,191788,0,2014,9,-1142312,-38.08,Low Budget,Loss
3063,Elephant,Drama,2003-10-24,R,Fine Line,114,3000000,1266955,8784561,10051516,,133364,0,2003,10,7051516,235.05,Low Budget,Profit
3064,Bachelorette,Comedy,2012-09-07,R,Weinstein Co.,87,3000000,446770,12130631,12577401,5.3,47028,0,2012,9,9577401,319.25,Low Budget,Profit
3065,Everybody Wants to Be Italian,Comedy,2008-09-05,R,Roadside Attractions,98,3000000,351416,0,351416,,36991,0,2008,9,-2648584,-88.29,Low Budget,Loss
3066,Creature,Horror,2011-09-09,R,The Bubble Factory,173,3000000,331000,0,331000,5.0,34842,0,2011,9,-2669000,-88.97,Low Budget,Loss
3067,Freeway,Comedy,1996-08-23,R,Roxie Releasing,102,3000000,295493,0,295493,6.9,31105,0,1996,8,-2704507,-90.15,Low Budget,Loss
3068,Dead Alive,Horror,1993-02-12,NR,Trimark,98,3000000,242623,0,242623,,25539,0,1993,2,-2757377,-91.91,Low Budget,Loss
3069,Chain Letter,Horror,2010-10-01,R,New Films Cinema,88,3000000,205842,816611,1022453,4.1,21668,0,2010,10,-1977547,-65.92,Low Budget,Loss
3070,Tim and Eric's Billion Dollar Movie,Comedy,2012-03-02,R,Magnet Pictures,93,3000000,201436,22216,223652,5.3,21204,0,2012,3,-2776348,-92.54,Low Budget,Loss
3071,Holly,Drama,2007-11-09,R,Priority Films,114,3000000,163069,0,163069,,17165,0,2007,11,-2836931,-94.56,Low Budget,Loss
3072,The Grand,Comedy,2008-03-21,R,Anchor Bay Entertai…,70,3000000,115879,0,115879,7.6,12198,0,2008,3,-2884121,-96.14,Low Budget,Loss
3073,Sommersturm,Drama,2006-03-17,R,Regent Releasing,114,3000000,95204,0,95204,,10021,0,2006,3,-2904796,-96.83,Low Budget,Loss
3074,Fort McCoy,Drama,2014-08-15,R,Monterey Media,100,3000000,78948,0,78948,5.9,8310,0,2014,8,-2921052,-97.37,Low Budget,Loss
3075,The Gambler,Drama,1999-08-04,R,Independent,111,3000000,51773,50000,101773,6.0,5450,0,1999,8,-2898227,-96.61,Low Budget,Loss
3076,Before We Go,Drama,2015-09-04,PG-13,Radius,114,3000000,37151,446787,483938,,3911,0,2015,9,-2516062,-83.87,Low Budget,Loss
3077,Tanner Hall,Drama,2011-09-09,R,Anchor Bay Entertai…,96,3000000,5073,0,5073,5.9,534,0,2011,9,-2994927,-99.83,Low Budget,Loss
3078,My Big Fat Independent Movie,Comedy,2005-09-30,R,Big Fat Movies,80,3000000,4655,0,4655,3.3,490,0,2005,9,-2995345,-99.84,Low Budget,Loss
3079,They Came Together,Comedy,2014-06-27,R,Lionsgate,83,3000000,0,82780,82780,5.5,0,0,2014,6,-2917220,-97.24,Low Budget,Loss
3080,Barry Munday,Comedy,2010-10-01,R,Magnolia Pictures,95,3000000,0,0,0,5.9,0,0,2010,10,-3000000,-100.0,Low Budget,Loss
3081,Central do Brasil,Drama,1998-11-20,R,Sony Pictures Classics,114,2900000,5969553,11036605,17006158,,628374,0,1998,11,14106158,486.42,Low Budget,Profit
3082,High Tension,Horror,2005-06-10,R,Lionsgate,89,2850000,3681066,2754196,6435262,6.8,387481,0,2005,6,3585262,125.8,Low Budget,Profit
3083,Young Frankenstein,Comedy,1974-12-15,PG,20th Century Fox,106,2800000,86300000,0,86300000,8.0,9084211,0,1974,12,83500000,2982.14,Low Budget,Major Success
3084,The Omen,Horror,1976-06-25,R,20th Century Fox,107,2800000,48570885,0,48570885,7.6,5112725,0,1976,6,45770885,1634.67,Low Budget,Profit
3085,Hustle & Flow,Drama,2005-07-22,R,Paramount Vantage,116,2800000,22202809,1388974,23591783,7.4,2337138,0,2005,7,20791783,742.56,Low Budget,Profit
3086,Artie Lange's Beer League,Comedy,2006-09-15,R,Freestyle Releasing,98,2800000,475000,0,475000,,50000,0,2006,9,-2325000,-83.04,Low Budget,Loss
3087,Diary of the Dead,Horror,2008-02-15,R,Weinstein Co.,95,2750000,952620,4441827,5394447,5.7,100276,0,2008,2,2644447,96.16,Low Budget,Profit
3088,The Black Stallion,Drama,1979-10-17,G,United Artists,118,2700000,37799643,0,37799643,7.4,3978910,0,1979,10,35099643,1299.99,Low Budget,Profit
3089,Ulee's Gold,Drama,1997-06-13,R,Orion Pictures,113,2700000,9054736,6545264,15600000,7.1,953130,0,1997,6,12900000,477.78,Low Budget,Profit
3090,Blazing Saddles,Comedy,1974-02-07,R,Warner Bros,93,2600000,119500000,0,119500000,7.8,12578947,0,1974,2,116900000,4496.15,Low Budget,Major Success
3091,Ida,Drama,2014-05-02,PG-13,Music Box Films,82,2600000,3827060,11471295,15298355,7.4,402848,0,2014,5,12698355,488.4,Low Budget,Profit
3092,Maurice,Drama,1987-01-01,R,Independent,140,2600000,3147950,50358,3198308,7.8,331363,0,1987,1,598308,23.01,Low Budget,Profit
3093,Timber Falls,Horror,2007-12-07,R,Slowhand Cinema,100,2600000,0,71248,71248,5.3,0,0,2007,12,-2528752,-97.26,Low Budget,Loss
3094,A Haunted House,Comedy,2013-01-11,R,Open Road,86,2500000,40041683,19880875,59922558,5.1,4214914,0,2013,1,57422558,2296.9,Low Budget,Major Success
3095,Garden State,Drama,2004-07-28,R,Fox Searchlight,102,2500000,26782316,9246486,36028802,7.6,2819191,0,2004,7,33528802,1341.15,Low Budget,Profit
3096,That Thing You Do!,Drama,1996-10-04,PG,20th Century Fox,149,2500000,25857416,8700000,34557416,6.9,2721833,0,1996,10,32057416,1282.3,Low Budget,Profit
3097,Halloween II,Horror,1981-10-30,NR,Universal Pictures,119,2500000,25533818,0,25533818,4.9,2687770,0,1981,10,23033818,921.35,Low Budget,Profit
3098,Halloween 3: Season of the Witch,Horror,1982-10-22,NR,Universal Pictures,98,2500000,14400000,0,14400000,4.6,1515789,0,1982,10,11900000,476.0,Low Budget,Profit
3099,The Spectacular Now,Drama,2013-08-02,R,A24,95,2500000,6852971,63980,6916951,7.1,721365,0,2013,8,4416951,176.68,Low Budget,Profit
3100,Before Sunrise,Drama,1995-01-27,R,Sony Pictures,105,2500000,5274005,412737,5686742,8.1,555158,0,1995,1,3186742,127.47,Low Budget,Profit
3101,Hunt for the Wilderpeople,Comedy,2016-06-24,PG-13,The Orchard,98,2500000,5205471,18640062,23845533,,547944,0,2016,6,21345533,853.82,Low Budget,Profit
3102,Robot & Frank,Drama,2012-08-17,PG-13,Samuel Goldwyn Films,89,2500000,3317468,1616888,4934356,7.1,349207,0,2012,8,2434356,97.37,Low Budget,Profit
3103,Jesus' Son,Drama,2000-06-16,R,Lionsgate,107,2500000,1282084,405464,1687548,7.0,134956,0,2000,6,-812452,-32.5,Low Budget,Loss
3104,Saving Face,Comedy,2005-05-27,R,Sony Pictures Classics,96,2500000,1187266,82439,1269705,7.6,124975,0,2005,5,-1230295,-49.21,Low Budget,Loss
3105,Brick Lane,Drama,2008-06-20,PG-13,Sony Pictures Classics,101,2500000,1094998,2743488,3838486,6.7,115263,0,2008,6,1338486,53.54,Low Budget,Profit
3106,Eye of the Dolphin,Drama,2007-08-24,PG-13,Monterey Media,100,2500000,72210,50,72260,5.7,7601,0,2007,8,-2427740,-97.11,Low Budget,Loss
3107,Underdogs,Drama,2013-08-16,PG,Freestyle Releasing,106,2500000,35017,0,35017,6.7,3686,0,2013,8,-2464983,-98.6,Low Budget,Loss
3108,Alien Uprising,Action,2013-06-21,R,Phase 4 Films,101,2500000,0,0,0,3.1,0,0,2013,6,-2500000,-100.0,Low Budget,Loss
3109,Go For It!,Drama,2011-05-13,PG-13,Lionsgate,105,2450000,180237,2121,182358,3.9,18972,0,2011,5,-2267642,-92.56,Low Budget,Loss
3110,Get on the Bus,Drama,1996-10-16,R,Sony Pictures,120,2400000,5691854,0,5691854,6.8,599143,0,1996,10,3291854,137.16,Low Budget,Profit
3111,Idiocracy,Comedy,2006-09-01,R,20th Century Fox,84,2400000,444093,56203,500296,6.6,46747,0,2006,9,-1899704,-79.15,Low Budget,Loss
3112,Do You Believe?,Drama,2015-03-20,PG-13,Pure Flix Entertain…,120,2300000,12985600,1319850,14305450,5.9,1366905,0,2015,3,12005450,521.98,Low Budget,Profit
3113,"Dancer, Texas Pop. 81",Comedy,1998-05-01,PG,Sony Pictures,97,2300000,574838,0,574838,6.8,60509,0,1998,5,-1725162,-75.01,Low Budget,Loss
3114,Frontera,Drama,2014-09-05,PG-13,Magnolia Pictures,114,2300000,59696,0,59696,,6284,0,2014,9,-2240304,-97.4,Low Budget,Loss
3115,Redemption Road,Drama,2011-08-26,PG-13,Freestyle Releasing,95,2300000,29384,0,29384,5.9,3093,0,2011,8,-2270616,-98.72,Low Budget,Loss
3116,Pinocchio,Adventure,1940-02-09,G,Walt Disney,88,2289247,84300000,0,84300000,7.5,8873684,0,1940,2,82010753,3582.43,Low Budget,Major Success
3117,Friday the 13th Part 3,Horror,1982-08-13,NR,Paramount,91,2250000,36690067,0,36690067,5.7,3862112,0,1982,8,34440067,1530.67,Low Budget,Profit
3118,The French Connection,Drama,1971-10-09,NR,Independent,104,2200000,41158757,0,41158757,7.8,4332501,0,1971,10,38958757,1770.85,Low Budget,Profit
3119,The Last Sin Eater,Drama,2007-02-09,PG-13,20th Century Fox,117,2200000,388390,0,388390,5.9,40883,0,2007,2,-1811610,-82.35,Low Budget,Loss
3120,Bully,Drama,2001-07-13,R,Lionsgate,115,2100000,881824,500000,1381824,7.0,92824,0,2001,7,-718176,-34.2,Low Budget,Loss
3121,Mi America,Drama,2016-10-16,R,Industrial House Films,125,2100000,3330,0,3330,7.2,351,0,2016,10,-2096670,-99.84,Low Budget,Loss
3122,Courageous,Drama,2011-09-30,PG-13,Sony Pictures,129,2000000,34522221,663663,35185884,7.0,3633918,0,2011,9,33185884,1659.29,Low Budget,Profit
3123,From Russia With Love,Action,1964-04-08,PG,MGM,115,2000000,24800000,54100000,78900000,7.5,2610526,0,1964,4,76900000,3845.0,Low Budget,Major Success
3124,Mad Max 2: The Road Warrior,Action,1982-05-21,NR,Warner Bros,87,2000000,24600832,0,24600832,7.6,2589561,0,1982,5,22600832,1130.04,Low Budget,Profit
3125,In the Heat of the Night,Drama,1967-08-02,NR,MGM,70,2000000,24379978,27669,24407647,7.4,2566313,0,1967,8,22407647,1120.38,Low Budget,Profit
3126,Sleeper,Comedy,1973-12-17,NR,MGM,89,2000000,18344729,0,18344729,7.3,1931024,0,1973,12,16344729,817.24,Low Budget,Profit
3127,It Follows,Horror,2015-03-13,R,RADiUS-TWC,100,2000000,14674077,8576678,23250755,6.9,1544640,0,2015,3,21250755,1062.54,Low Budget,Profit
3128,Silent House,Horror,2012-03-09,R,Open Road,86,2000000,12739737,3871023,16610760,5.3,1341025,0,2012,3,14610760,730.54,Low Budget,Profit
3129,Boys Don't Cry,Drama,1999-10-08,R,Fox Searchlight,118,2000000,11540607,9200393,20741000,7.6,1214801,0,1999,10,18741000,937.05,Low Budget,Profit
3130,Das Leben der Anderen,Drama,2007-02-09,R,Sony Pictures Classics,114,2000000,11284657,69912390,81197047,,1187859,0,2007,2,79197047,3959.85,Low Budget,Major Success
3131,Witchboard,Horror,1986-12-31,NR,Cinema Guild,98,2000000,7369373,0,7369373,5.7,775723,0,1986,12,5369373,268.47,Low Budget,Profit
3132,Smoke Signals,Comedy,1998-06-26,PG-13,Miramax,89,2000000,6719300,1037317,7756617,7.2,707295,0,1998,6,5756617,287.83,Low Budget,Profit
3133,Winter's Bone,Drama,2010-06-11,R,Roadside Attractions,100,2000000,6531503,9600048,16131551,7.2,687527,0,2010,6,14131551,706.58,Low Budget,Profit
3134,American Splendor,Drama,2003-08-15,R,Fine Line,101,2000000,6003587,2682045,8685632,7.5,631957,0,2003,8,6685632,334.28,Low Budget,Profit
3135,The Florida Project,Drama,2017-10-06,R,A24,114,2000000,5904366,5398674,11303040,,621512,0,2017,10,9303040,465.15,Low Budget,Profit
3136,All Saints,Drama,2017-08-25,PG,Sony Pictures,114,2000000,5802208,139786,5941994,,610759,0,2017,8,3941994,197.1,Low Budget,Profit
3137,Before Sunset,Drama,2004-07-02,R,Warner Independent,80,2000000,5792822,5424524,11217346,8.0,609771,0,2004,7,9217346,460.87,Low Budget,Profit
3138,Amores Perros,Drama,2001-03-30,R,Lionsgate,115,2000000,5383834,15500000,20883834,8.1,566719,0,2001,3,18883834,944.19,Low Budget,Profit
3139,Thirteen,Drama,2003-08-20,R,Fox Searchlight,100,2000000,4601043,4904953,9505996,6.8,484320,0,2003,8,7505996,375.3,Low Budget,Profit
3140,Me and You and Everyone We Know,Drama,2005-06-17,R,IFC Films,91,2000000,3885134,5730330,9615464,7.4,408961,0,2005,6,7615464,380.77,Low Budget,Profit
3141,We Are Your Friends,Drama,2015-08-28,R,Warner Bros,96,2000000,3591417,6574792,10166209,6.1,378044,0,2015,8,8166209,408.31,Low Budget,Profit
3142,Harsh Times,Drama,2006-11-10,R,MGM,116,2000000,3337931,2887373,6225304,7.0,351361,0,2006,11,4225304,211.27,Low Budget,Profit
3143,Ghost Dog: The Way of the Samurai,Drama,2000-03-03,R,Artisan,116,2000000,3330230,7342262,10672492,7.5,350551,0,2000,3,8672492,433.62,Low Budget,Profit
3144,Captive,Drama,2015-09-18,PG-13,Paramount,97,2000000,2583301,208672,2791973,5.3,271926,0,2015,9,791973,39.6,Low Budget,Profit
3145,Full Frontal,Comedy,2002-08-02,R,Miramax,101,2000000,2512846,925958,3438804,4.7,264510,0,2002,8,1438804,71.94,Low Budget,Profit
3146,Hearts Beat Loud,Drama,2018-06-08,PG-13,Gunpowder & Sky,114,2000000,2386254,34708,2420962,,251185,0,2018,6,420962,21.05,Low Budget,Profit
3147,The Resurrection of Gavin Stone,Comedy,2017-01-20,PG,High Top Releasing,98,2000000,2303792,0,2303792,,242504,0,2017,1,303792,15.19,Low Budget,Profit
3148,Strangers with Candy,Comedy,2006-06-28,R,ThinkFilm,70,2000000,2072645,5199,2077844,8.1,218173,0,2006,6,77844,3.89,Low Budget,Profit
3149,Son of Rambow: A Home Movie,Comedy,2008-05-02,PG-13,Paramount Vantage,98,2000000,1785505,9477758,11263263,,187948,0,2008,5,9263263,463.16,Low Budget,Profit
3150,The Diary of a Teenage Girl,Drama,2015-08-07,R,Sony Pictures Classics,102,2000000,1477002,802957,2279959,6.9,155474,0,2015,8,279959,14.0,Low Budget,Profit
3151,Get Real,Comedy,1999-04-30,R,Paramount,70,2000000,1152411,0,1152411,7.3,121306,0,1999,4,-847589,-42.38,Low Budget,Loss
3152,Meek's Cutoff,Drama,2011-04-08,PG,Oscilloscope Pictures,104,2000000,977772,892156,1869928,6.5,102923,0,2011,4,-130072,-6.5,Low Budget,Loss
3153,Dinner Rush,Drama,2001-09-28,R,Access Motion Pictu…,99,2000000,638227,437277,1075504,7.3,67182,0,2001,9,-924496,-46.22,Low Budget,Loss
3154,The Virginity Hit,Comedy,2010-09-24,R,Sony Pictures,86,2000000,636706,0,636706,4.6,67022,0,2010,9,-1363294,-68.16,Low Budget,Loss
3155,House of D,Drama,2005-04-15,PG-13,Lionsgate,96,2000000,388532,77574,466106,7.0,40898,0,2005,4,-1533894,-76.69,Low Budget,Loss
3156,Teeth,Comedy,2008-01-18,R,Roadside Attractions,94,2000000,347578,2003063,2350641,5.4,36587,0,2008,1,350641,17.53,Low Budget,Profit
3157,Stonewall,Drama,1996-07-26,R,Strand,129,2000000,304602,0,304602,4.5,32063,0,1996,7,-1695398,-84.77,Low Budget,Loss
3158,Sherrybaby,Drama,2006-09-08,R,IFC Films,96,2000000,199176,560328,759504,6.6,20966,0,2006,9,-1240496,-62.02,Low Budget,Loss
3159,It's All Gone Pete Tong,Drama,2005-04-15,R,Matson,90,2000000,120620,2105983,2226603,7.4,12697,0,2005,4,226603,11.33,Low Budget,Profit
3160,24 7: Twenty Four Seven,Comedy,1998-04-15,R,October Films,96,2000000,72544,0,72544,7.1,7636,0,1998,4,-1927456,-96.37,Low Budget,Loss
3161,Growing up Smith,Comedy,2017-02-03,PG-13,Good Deed Entertain…,102,2000000,35312,0,35312,8.2,3717,0,2017,2,-1964688,-98.23,Low Budget,Loss
3162,Super Capers,Adventure,2009-03-20,PG,Roadside Attractions,97,2000000,30955,0,30955,,3258,0,2009,3,-1969045,-98.45,Low Budget,Loss
3163,Return of the Living Dead 3,Horror,1993-01-01,NR,Independent,97,2000000,21000,0,21000,5.9,2211,0,1993,1,-1979000,-98.95,Low Budget,Loss
3164,London,Drama,2006-02-10,R,IDP/Goldwyn/Roadside,92,2000000,12667,0,12667,6.6,1333,0,2006,2,-1987333,-99.37,Low Budget,Loss
3165,Eden Lake,Horror,2008-10-31,R,Third Rail,91,2000000,7321,4287052,4294373,6.8,771,0,2008,10,2294373,114.72,Low Budget,Profit
3166,Say Uncle,Comedy,2006-06-23,R,TLA Releasing,98,2000000,5361,0,5361,,564,0,2006,6,-1994639,-99.73,Low Budget,Loss
3167,Grave Encounters,Horror,2011-09-09,NR,TriBeca Films,92,2000000,0,2151887,2151887,6.1,0,0,2011,9,151887,7.59,Low Budget,Profit
3168,Bananas,Comedy,1971-04-28,PG-13,MGM,82,2000000,0,0,0,7.1,0,0,1971,4,-2000000,-100.0,Low Budget,Loss
3169,Rockaway,Drama,2007-07-07,R,Off-Hollywood Distr…,90,2000000,0,0,0,4.6,0,0,2007,7,-2000000,-100.0,Low Budget,Loss
3170,Small Apartments,Comedy,2013-02-08,R,Morocco Junction Pi…,96,2000000,0,0,0,6.1,0,0,2013,2,-2000000,-100.0,Low Budget,Loss
3171,The Dog Lover,Drama,2016-07-08,PG,ESX Entertainment,101,2000000,0,0,0,4.8,0,0,2016,7,-2000000,-100.0,Low Budget,Loss
3172,Nowhere Boy,Drama,2010-10-08,R,Weinstein Co.,98,1900000,1445366,6339863,7785229,7.2,152144,0,2010,10,5885229,309.75,Low Budget,Profit
3173,Northfork,Drama,2003-07-11,PG-13,Paramount Vantage,103,1900000,1420578,24562,1445140,6.4,149535,0,2003,7,-454860,-23.94,Low Budget,Loss
3174,Brotherly Love,Drama,2015-04-24,R,Freestyle Releasing,89,1900000,478595,0,478595,7.2,50378,0,2015,4,-1421405,-74.81,Low Budget,Loss
3175,Submarine,Comedy,2011-06-03,R,Weinstein Co.,97,1900000,467602,4114335,4581937,7.3,49221,0,2011,6,2681937,141.15,Low Budget,Profit
3176,The Last Exorcism,Horror,2010-08-27,PG-13,Lionsgate,87,1800000,41034350,29131550,70165900,5.6,4319405,0,2010,8,68365900,3798.11,Low Budget,Major Success
3177,Carrie,Horror,1976-11-16,NR,United Artists,100,1800000,25878153,0,25878153,5.9,2724016,0,1976,11,24078153,1337.68,Low Budget,Profit
3178,A Nightmare on Elm Street,Horror,1984-11-09,R,New Line,101,1800000,25504513,0,25504513,7.5,2684686,0,1984,11,23704513,1316.92,Low Budget,Profit
3179,Beasts of the Southern Wild,Drama,2012-06-27,PG-13,Fox Searchlight,93,1800000,12795746,10469386,23265132,7.3,1346921,0,2012,6,21465132,1192.51,Low Budget,Profit
3180,El crimen de padre Amaro,Drama,2002-11-15,R,Goldwyn Entertainment,114,1800000,5719000,0,5719000,,602000,0,2002,11,3919000,217.72,Low Budget,Profit
3181,Songcatcher,Drama,2001-06-15,PG-13,Lionsgate,109,1800000,3050934,0,3050934,7.3,321151,0,2001,6,1250934,69.5,Low Budget,Profit
3182,Higher Ground,Drama,2011-08-23,R,Sony Pictures Classics,109,1800000,841056,1637,842693,6.3,88532,0,2011,8,-957307,-53.18,Low Budget,Loss
3183,I Spit on Your Grave,Horror,2010-10-08,R,Anchor Bay Entertai…,105,1750000,93051,1185420,1278471,6.3,9795,0,2010,10,-471529,-26.94,Low Budget,Loss
3184,In the Bedroom,Drama,2001-11-23,R,Miramax,138,1700000,35930604,6207267,42137871,7.5,3782169,0,2001,11,40437871,2378.7,Low Budget,Profit
3185,La misma luna,Drama,2008-03-19,PG-13,Weinstein Co.,114,1700000,12590147,10681594,23271741,,1325279,0,2008,3,21571741,1268.93,Low Budget,Profit
3186,The Lunchbox,Drama,2014-02-28,PG,Sony Pictures Classics,104,1700000,4231500,8000000,12231500,7.8,445421,0,2014,2,10531500,619.5,Low Budget,Profit
3187,Grace Unplugged,Drama,2013-10-04,PG,Roadside Attractions,102,1700000,2507159,0,2507159,6.1,263911,0,2013,10,807159,47.48,Low Budget,Profit
3188,"Happy, Texas",Comedy,1999-10-01,PG-13,Miramax,98,1700000,2039192,852036,2891228,6.3,214652,0,1999,10,1191228,70.07,Low Budget,Profit
3189,Saul fia,Drama,2015-12-18,R,Sony Pictures Classics,114,1700000,1777043,7919494,9696537,,187057,0,2015,12,7996537,470.38,Low Budget,Profit
3190,My Summer of Love,Drama,2005-06-17,R,Focus Features,86,1700000,1000915,3726460,4727375,6.8,105359,0,2005,6,3027375,178.08,Low Budget,Profit
3191,Yes,Drama,2005-06-24,R,Sony Pictures Classics,100,1700000,396035,265186,661221,6.9,41688,0,2005,6,-1038779,-61.1,Low Budget,Loss
3192,Foolish,Comedy,1999-04-09,R,Artisan,84,1600000,6026908,0,6026908,4.3,634411,0,1999,4,4426908,276.68,Low Budget,Profit
3193,Bubble,Drama,2006-01-27,R,Magnolia Pictures,90,1600000,145382,0,145382,7.3,15303,0,2006,1,-1454618,-90.91,Low Budget,Loss
3194,Mississippi Mermaid,Drama,1999-01-15,R,MGM,123,1600000,27795,2600000,2627795,7.2,2926,0,1999,1,1027795,64.24,Low Budget,Profit
3195,I Love Your Work,Comedy,2005-11-04,R,ThinkFilm,111,1600000,3264,0,3264,5.4,344,0,2005,11,-1596736,-99.8,Low Budget,Loss
3196,Insidious,Horror,2011-04-01,R,FilmDistrict,103,1500000,54009150,45861736,99870886,6.8,5685174,0,2011,4,98370886,6558.06,Low Budget,Major Success
3197,Moonlight,Drama,2016-10-21,R,A24,114,1500000,27854931,37467335,65322266,,2932098,0,2016,10,63822266,4254.82,Low Budget,Major Success
3198,Cabin Fever,Horror,2003-09-12,R,Lionsgate,99,1500000,21158188,9193476,30351664,3.7,2227178,0,2003,9,28851664,1923.44,Low Budget,Profit
3199,Kickboxer,Action,1989-09-08,R,Cannon,109,1500000,14533681,0,14533681,,1529861,0,1989,9,13033681,868.91,Low Budget,Profit
3200,Bloodsport,Action,1988-02-26,R,Cannon,92,1500000,11806119,0,11806119,6.8,1242749,0,1988,2,10306119,687.07,Low Budget,Profit
3201,The Squid and the Whale,Drama,2005-10-05,R,IDP/Goldwyn/Roadside,88,1500000,7372734,3818689,11191423,7.4,776077,0,2005,10,9691423,646.09,Low Budget,Profit
3202,Dawn of the Dead,Horror,1979-04-20,NR,United Film Distrib…,110,1500000,5100000,49900000,55000000,7.4,536842,0,1979,4,53500000,3566.67,Low Budget,Major Success
3203,Exotica,Drama,1994-09-23,R,Miramax,103,1500000,5046118,0,5046118,7.2,531170,0,1994,9,3546118,236.41,Low Budget,Profit
3204,The To Do List,Comedy,2013-07-26,R,CBS Films,104,1500000,3491669,637159,4128828,5.8,367544,0,2013,7,2628828,175.26,Low Budget,Profit
3205,Buffalo '66,Comedy,1998-06-26,R,Lionsgate,110,1500000,2380606,0,2380606,7.5,250590,0,1998,6,880606,58.71,Low Budget,Profit
3206,Repo Man,Comedy,1984-03-02,NR,Universal Pictures,92,1500000,2300000,0,2300000,6.9,242105,0,1984,3,800000,53.33,Low Budget,Profit
3207,I’m Not Ashamed,Drama,2016-10-21,PG-13,Pure Flix Entertain…,114,1500000,2082980,0,2082980,,219261,0,2016,10,582980,38.87,Low Budget,Profit
3208,Nueve Reinas,Drama,2002-04-19,R,Sony Pictures Classics,114,1500000,1222889,11190000,12412889,,128725,0,2002,4,10912889,727.53,Low Budget,Profit
3209,The Lords of Salem,Horror,2013-04-19,R,Anchor Bay Entertai…,101,1500000,1165881,375250,1541131,5.1,122724,0,2013,4,41131,2.74,Low Budget,Profit
3210,The Ballad of Jack and Rose,Drama,2005-03-25,R,IFC Films,112,1500000,712294,413964,1126258,6.7,74978,0,2005,3,-373742,-24.92,Low Budget,Loss
3211,The Believer,Drama,2002-05-17,R,Sony Pictures,98,1500000,406035,1434213,1840248,7.2,42741,0,2002,5,340248,22.68,Low Budget,Profit
3212,Snow Angels,Drama,2008-03-07,R,Warner Independent,107,1500000,402858,11546,414404,6.9,42406,0,2008,3,-1085596,-72.37,Low Budget,Loss
3213,MOOZ-lum,Drama,2011-02-11,PG-13,Peace Film LLC,94,1500000,362239,10000,372239,6.7,38130,0,2011,2,-1127761,-75.18,Low Budget,Loss
3214,Amigo,Drama,2011-08-19,R,Variance Films,124,1500000,184705,0,184705,5.8,19443,0,2011,8,-1315295,-87.69,Low Budget,Loss
3215,Hatchet,Horror,2007-09-07,R,Anchor Bay Entertai…,93,1500000,175281,65115,240396,5.7,18451,0,2007,9,-1259604,-83.97,Low Budget,Loss
3216,My Name is Bruce,Horror,2008-10-31,R,Image Entertainment,84,1500000,173066,0,173066,6.3,18217,0,2008,10,-1326934,-88.46,Low Budget,Loss
3217,Modern Times,Comedy,1936-02-05,G,Kino International,87,1500000,163245,1804,165049,8.6,17184,0,1936,2,-1334951,-89.0,Low Budget,Loss
3218,The Salon,Comedy,2007-05-11,PG-13,Freestyle Releasing,90,1500000,139084,0,139084,4.3,14640,0,2007,5,-1360916,-90.73,Low Budget,Loss
3219,Stolen Summer,Drama,2002-03-22,PG,Miramax,91,1500000,119841,0,119841,6.5,12615,0,2002,3,-1380159,-92.01,Low Budget,Loss
3220,Forty Shades of Blue,Drama,2005-09-28,R,Vitagraph Films,108,1500000,75828,96741,172569,6.0,7982,0,2005,9,-1327431,-88.5,Low Budget,Loss
3221,Trucker,Drama,2009-10-09,R,Monterey Media,90,1500000,52429,0,52429,6.7,5519,0,2009,10,-1447571,-96.5,Low Budget,Loss
3222,Teefa in Trouble,Action,2018-07-20,NR,Yash Raj Films,109,1500000,0,98806,98806,,0,0,2018,7,-1401194,-93.41,Low Budget,Loss
3223,Fetching Cody,Drama,2006-03-17,NR,Independent,87,1500000,0,0,0,6.8,0,0,2006,3,-1500000,-100.0,Low Budget,Loss
3224,The Lion of Judah,Adventure,2011-06-03,PG,Rocky Mountain Pict…,87,1500000,0,0,0,3.7,0,0,2011,6,-1500000,-100.0,Low Budget,Loss
3225,Mustang,Drama,2015-11-20,PG-13,Cohen Media Group,114,1400000,845464,4700020,5545484,,88996,0,2015,11,4145484,296.11,Low Budget,Profit
3226,The Holy Girl,Drama,2005-04-29,R,Fine Line,106,1400000,304124,957668,1261792,6.7,32013,0,2005,4,-138208,-9.87,Low Budget,Loss
3227,Festen,Comedy,1998-10-09,R,October Films,98,1300000,1647780,0,1647780,,173451,0,1998,10,347780,26.75,Low Budget,Profit
3228,Trees Lounge,Drama,1996-10-11,R,Orion Classics,95,1300000,749741,0,749741,7.2,78920,0,1996,10,-550259,-42.33,Low Budget,Loss
3229,Journey from the Fall,Drama,2007-03-23,R,Imaginasian,135,1300000,635305,0,635305,7.4,66874,0,2007,3,-664695,-51.13,Low Budget,Loss
3230,The Basket,Drama,2000-05-05,PG,MGM,105,1300000,609042,0,609042,6.5,64110,0,2000,5,-690958,-53.15,Low Budget,Loss
3231,Def-Con 4,Action,1985-03-15,NR,New World,88,1300000,210904,0,210904,4.3,22200,0,1985,3,-1089096,-83.78,Low Budget,Loss
3232,Friday the 13th Part 2,Horror,1981-04-30,NR,Paramount,87,1250000,21722776,0,21722776,6.1,2286608,0,1981,4,20472776,1637.82,Low Budget,Profit
3233,C.H.U.D.,Horror,1984-08-31,NR,New World,96,1250000,4700000,0,4700000,5.5,494737,0,1984,8,3450000,276.0,Low Budget,Profit
3234,Filly Brown,Drama,2013-04-19,R,Lionsgate,80,1250000,2850357,90054,2940411,5.7,300038,0,2013,4,1690411,135.23,Low Budget,Profit
3235,Saw,Horror,2004-10-29,R,Lionsgate,103,1200000,55968727,47911300,103880027,7.7,5891445,0,2004,10,102680027,8556.67,Low Budget,Major Success
3236,"Sex, Lies, and Videotape",Drama,1989-08-04,R,Miramax,100,1200000,24741667,12000000,36741667,7.2,2604386,0,1989,8,35541667,2961.81,Low Budget,Profit
3237,Super Troopers,Comedy,2002-02-15,R,Fox Searchlight,100,1200000,18492362,4553780,23046142,7.1,1946564,0,2002,2,21846142,1820.51,Low Budget,Profit
3238,Monsoon Wedding,Comedy,2002-02-22,R,USA Films,114,1200000,13876974,13148626,27025600,7.4,1460734,0,2002,2,25825600,2152.13,Low Budget,Profit
3239,You Can Count on Me,Drama,2000-11-10,R,Paramount Vantage,111,1200000,9180275,1647081,10827356,7.7,966345,0,2000,11,9627356,802.28,Low Budget,Profit
3240,Home Run,Drama,2013-04-19,PG-13,Samuel Goldwyn Films,113,1200000,2859955,0,2859955,6.0,301048,0,2013,4,1659955,138.33,Low Budget,Profit
3241,But I'm a Cheerleader,Comedy,2000-07-07,R,Lionsgate,85,1200000,2205627,303717,2509344,6.6,232171,0,2000,7,1309344,109.11,Low Budget,Profit
3242,Blue Like Jazz,Comedy,2012-04-13,PG-13,Roadside Attractions,108,1200000,595018,0,595018,6.0,62633,0,2012,4,-604982,-50.42,Low Budget,Loss
3243,Que Horas Ela Volta?,Drama,2015-08-28,R,Oscilloscope Pictures,114,1200000,376976,2870435,3247411,,39682,0,2015,8,2047411,170.62,Low Budget,Profit
3244,Q,Horror,1982-11-19,NR,United Film Distrib…,103,1200000,255000,0,255000,5.6,26842,0,1982,11,-945000,-78.75,Low Budget,Loss
3245,Grand Theft Parsons,Drama,2004-06-18,PG-13,Swipe Films,88,1200000,0,0,0,6.1,0,0,2004,6,-1200000,-100.0,Low Budget,Loss
3246,Crowsnest,Horror,2012-09-07,R,IFC Midnight,84,1200000,0,0,0,3.8,0,0,2012,9,-1200000,-100.0,Low Budget,Loss
3247,Airborne,Horror,2012-09-14,NR,Image Entertainment,91,1200000,0,0,0,6.2,0,0,2012,9,-1200000,-100.0,Low Budget,Loss
3248,God’s Not Dead,Drama,2014-03-21,PG,Pure Flix Entertain…,114,1150000,60755732,3021360,63777092,,6395340,0,2014,3,62627092,5445.83,Low Budget,Major Success
3249,Waiting...,Comedy,2005-10-07,R,Lionsgate,94,1125000,16124543,2548731,18673274,6.8,1697320,0,2005,10,17548274,1559.85,Low Budget,Profit
3250,Wolf Creek,Horror,2005-12-25,R,Weinstein Co.,98,1100000,16186348,12818716,29005064,7.1,1703826,0,2005,12,27905064,2536.82,Low Budget,Profit
3251,Ong-Bak,Action,2005-02-11,R,Magnolia Pictures,109,1100000,4563167,19499798,24062965,,480333,0,2005,2,22962965,2087.54,Low Budget,Profit
3252,Serbuan maut,Action,2012-03-23,R,Sony Pictures Classics,109,1100000,4105123,5192284,9297407,,432118,0,2012,3,8197407,745.22,Low Budget,Profit
3253,The Offspring,Horror,1987-09-04,R,Moviestore Entertai…,98,1100000,1355728,0,1355728,,142708,0,1987,9,255728,23.25,Low Budget,Profit
3254,Beyond the Black Rainbow,Drama,2012-05-18,R,Mongrel Media,110,1100000,56491,0,56491,6.1,5946,0,2012,5,-1043509,-94.86,Low Budget,Loss
3255,Casablanca,Drama,1943-01-23,PG,Warner Bros,82,1039000,10462500,0,10462500,8.6,1101316,0,1943,1,9423500,906.98,Low Budget,Profit
3256,Rocky,Drama,1976-11-21,PG,United Artists,145,1000000,117235147,107764853,225000000,8.1,12340542,0,1976,11,224000000,22400.0,Low Budget,Major Success
3257,The Devil Inside,Horror,2012-01-06,R,Paramount,83,1000000,53262945,48496545,101759490,4.2,5606626,0,2012,1,100759490,10075.95,Low Budget,Major Success
3258,Unfriended,Horror,2015-04-17,R,Universal Pictures,83,1000000,32789645,30079359,62869004,5.7,3451542,0,2015,4,61869004,6186.9,Low Budget,Major Success
3259,Taxi Driver,Drama,1976-02-08,R,Columbia,110,1000000,28262574,53637,28316211,8.3,2975008,0,1976,2,27316211,2731.62,Low Budget,Profit
3260,The Fog,Horror,1980-02-01,NR,Avco Embassy,89,1000000,21378361,0,21378361,6.8,2250354,0,1980,2,20378361,2037.84,Low Budget,Profit
3261,You're Next,Horror,2013-08-23,R,Lionsgate,98,1000000,18494006,8393171,26887177,,1946737,0,2013,8,25887177,2588.72,Low Budget,Profit
3262,Chernobyl Diaries,Horror,2012-05-25,R,Warner Bros,86,1000000,18119640,24292081,42411721,5.0,1907331,0,2012,5,41411721,4141.17,Low Budget,Profit
3263,The Howling,Horror,1981-04-10,NR,Avco Embassy,91,1000000,17985000,0,17985000,6.6,1893158,0,1981,4,16985000,1698.5,Low Budget,Profit
3264,Dr. No,Action,1963-05-08,PG,MGM,110,1000000,16067035,43500000,59567035,7.3,1691267,0,1963,5,58567035,5856.7,Low Budget,Major Success
3265,Hellraiser,Horror,1987-09-18,R,New World,86,1000000,14564000,11148,14575148,7.0,1533053,0,1987,9,13575148,1357.51,Low Budget,Profit
3266,Godzilla 2000,Action,2000-08-18,PG,Sony Pictures,99,1000000,10037390,0,10037390,6.0,1056567,0,2000,8,9037390,903.74,Low Budget,Profit
3267,Blue Valentine,Drama,2010-12-29,R,Weinstein Co.,112,1000000,9737892,6828348,16566240,7.4,1025041,0,2010,12,15566240,1556.62,Low Budget,Profit
3268,Transamerica,Drama,2006-01-20,R,Weinstein Co.,103,1000000,9015303,7537860,16553163,7.4,948979,0,2006,1,15553163,1555.32,Low Budget,Profit
3269,Beyond the Valley of the Dolls,Comedy,1970-01-01,NR,20th Century Fox,109,1000000,9000000,0,9000000,6.2,947368,0,1970,1,8000000,800.0,Low Budget,Profit
3270,Unfriended: Dark Web,Horror,2018-07-20,R,OTL Releasing,98,1000000,8783985,836968,9620953,,924630,0,2018,7,8620953,862.1,Low Budget,Profit
3271,The Green Inferno,Horror,2015-09-25,R,High Top Releasing,100,1000000,7192291,5739278,12931569,5.4,757083,0,2015,9,11931569,1193.16,Low Budget,Profit
3272,The Sessions,Drama,2012-10-19,R,Fox Searchlight,95,1000000,6002451,5492753,11495204,7.2,631837,0,2012,10,10495204,1049.52,Low Budget,Profit
3273,October Baby,Drama,2012-03-23,PG-13,Five & Two Pictures,107,1000000,5355847,36145,5391992,6.8,563773,0,2012,3,4391992,439.2,Low Budget,Profit
3274,The Skeleton Twins,Drama,2014-09-12,R,Lionsgate/Roadside …,93,1000000,5284309,512883,5797192,6.8,556243,0,2014,9,4797192,479.72,Low Budget,Profit
3275,Junebug,Drama,2005-08-03,R,Sony Pictures Classics,114,1000000,2678010,875243,3553253,,281896,0,2005,8,2553253,255.33,Low Budget,Profit
3276,Frozen River,Drama,2008-08-01,R,Sony Pictures Classics,97,1000000,2511476,3518653,6030129,7.2,264366,0,2008,8,5030129,503.01,Low Budget,Profit
3277,Sidewalks of New York,Comedy,2001-11-21,R,Paramount Vantage,98,1000000,2402459,1172849,3575308,,252890,0,2001,11,2575308,257.53,Low Budget,Profit
3278,Two Girls and a Guy,Drama,1998-04-24,R,Fox Searchlight,84,1000000,2057193,257833,2315026,5.6,216547,0,1998,4,1315026,131.5,Low Budget,Profit
3279,The Secrets of Jonathan Sperry,Drama,2009-09-18,PG,Five & Two Pictures,114,1000000,1355079,0,1355079,,142640,0,2009,9,355079,35.51,Low Budget,Profit
3280,Bubba Ho-Tep,Comedy,2003-09-19,R,Vitagraph Films,92,1000000,1239183,253712,1492895,7.2,130440,0,2003,9,492895,49.29,Low Budget,Profit
3281,No Man's Land,Drama,2001-12-07,R,MGM,114,1000000,1067481,1616726,2684207,,112366,0,2001,12,1684207,168.42,Low Budget,Profit
3282,Slam,Drama,1998-10-09,R,Trimark,100,1000000,1009819,77702,1087521,7.2,106297,0,1998,10,87521,8.75,Low Budget,Profit
3283,Patti Cake$,Comedy,2017-08-18,R,Fox Searchlight,98,1000000,800148,670942,1471090,,84226,0,2017,8,471090,47.11,Low Budget,Profit
3284,Panic,Drama,2000-12-01,R,Roxie Releasing,114,1000000,779137,646570,1425707,,82014,0,2000,12,425707,42.57,Low Budget,Profit
3285,Palo Alto,Drama,2014-05-09,R,TriBeca Films,100,1000000,767732,388577,1156309,6.3,80814,0,2014,5,156309,15.63,Low Budget,Profit
3286,The Future,Drama,2011-07-29,R,Roadside Attractions,114,1000000,568662,670512,1239174,,59859,0,2011,7,239174,23.92,Low Budget,Profit
3287,All the Real Girls,Drama,2003-02-14,R,Sony Pictures Classics,108,1000000,549666,153354,703020,6.9,57860,0,2003,2,-296980,-29.7,Low Budget,Loss
3288,23 Blast,Drama,2014-10-24,PG-13,Abramorama Films,114,1000000,549185,0,549185,,57809,0,2014,10,-450815,-45.08,Low Budget,Loss
3289,Dream With The Fishes,Drama,1997-06-20,R,Sony Pictures Classics,97,1000000,542909,0,542909,7.0,57148,0,1997,6,-457091,-45.71,Low Budget,Loss
3290,Blue Car,Drama,2003-05-02,R,Miramax,88,1000000,464126,11241,475367,6.7,48855,0,2003,5,-524633,-52.46,Low Budget,Loss
3291,Wristcutters: A Love Story,Comedy,2007-10-19,R,Autonomous Films,88,1000000,446165,27604,473769,7.4,46965,0,2007,10,-526231,-52.62,Low Budget,Loss
3292,Luminarias,Comedy,2000-05-05,R,Independent,100,1000000,428535,0,428535,3.6,45109,0,2000,5,-571465,-57.15,Low Budget,Loss
3293,I Origins,Drama,2014-07-18,R,Fox Searchlight,106,1000000,336472,515927,852399,7.3,35418,0,2014,7,-147601,-14.76,Low Budget,Loss
3294,The Battle of Shaker Heights,Comedy,2003-08-22,PG-13,Miramax,79,1000000,280351,558794,839145,6.1,29511,0,2003,8,-160855,-16.09,Low Budget,Loss
3295,Love Liza,Drama,2002-12-30,R,Independent,114,1000000,213137,0,213137,,22435,0,2002,12,-786863,-78.69,Low Budget,Loss
3296,Lisa Picard is Famous,Comedy,2001-08-22,PG-13,Independent,90,1000000,113433,0,113433,5.7,11940,0,2001,8,-886567,-88.66,Low Budget,Loss
3297,The House of the Devil,Horror,2009-10-30,R,Magnolia Pictures,95,1000000,101215,1597,102812,6.4,10654,0,2009,10,-897188,-89.72,Low Budget,Loss
3298,Hardflip,Drama,2012-06-01,PG-13,Rocky Mountain Pict…,112,1000000,96734,0,96734,5.6,10183,0,2012,6,-903266,-90.33,Low Budget,Loss
3299,Creative Control,Drama,2016-03-11,R,Magnolia Pictures,97,1000000,63014,0,63014,5.5,6633,0,2016,3,-936986,-93.7,Low Budget,Loss
3300,Camp X-Ray,Drama,2014-10-17,R,IFC Films,114,1000000,9837,0,9837,,1035,0,2014,10,-990163,-99.02,Low Budget,Loss
3301,Special,Drama,2008-11-21,R,Revolver Entertainment,81,1000000,7202,19620,26822,6.9,758,0,2008,11,-973178,-97.32,Low Budget,Loss
3302,The Sisterhood of Night,Drama,2015-04-10,PG-13,Freestyle Releasing,104,1000000,6870,0,6870,6.3,723,0,2015,4,-993130,-99.31,Low Budget,Loss
3303,The Helix…Loaded,Comedy,2005-03-18,R,Romar,97,1000000,3700,0,3700,1.9,389,0,2005,3,-996300,-99.63,Low Budget,Loss
3304,Childless,Drama,2015-05-15,R,Monterey Media,90,1000000,1036,0,1036,6.1,109,0,2015,5,-998964,-99.9,Low Budget,Loss
3305,In Her Line of Fire,Action,2006-04-21,R,Regent Releasing,88,1000000,884,0,884,4.1,93,0,2006,4,-999116,-99.91,Low Budget,Loss
3306,Jimmy and Judy,Action,2006-09-15,R,Outrider Pictures,99,1000000,0,0,0,6.2,0,0,2006,9,-1000000,-100.0,Low Budget,Loss
3307,The Poker House,Drama,2009-07-17,R,Phase 4 Films,93,1000000,0,0,0,6.5,0,0,2009,7,-1000000,-100.0,Low Budget,Loss
3308,Proud,Drama,2005-09-23,PG,Castle Hill Product…,87,1000000,0,0,0,5.8,0,0,2005,9,-1000000,-100.0,Low Budget,Loss
3309,Steppin: The Movie,Comedy,2008-12-31,PG-13,Weinstein Co.,138,1000000,0,0,0,3.4,0,0,2008,12,-1000000,-100.0,Low Budget,Loss
3310,Zombies of Mass Destruction,Comedy,2010-01-29,R,After Dark,98,1000000,0,0,0,,0,0,2010,1,-1000000,-100.0,Low Budget,Loss
3311,Hard Candy,Horror,2006-04-14,R,Lionsgate,104,950000,1024640,7242426,8267066,7.1,107857,0,2006,4,7317066,770.22,Low Budget,Profit
3312,Charly,Comedy,2002-09-27,PG,Excel Entertainment,103,950000,814666,0,814666,7.1,85754,0,2002,9,-135334,-14.25,Low Budget,Loss
3313,L!fe Happens,Comedy,2012-04-13,R,PMK*BNC,100,930000,30905,0,30905,5.7,3253,0,2012,4,-899095,-96.68,Low Budget,Loss
3314,Lowriders,Drama,2017-05-12,PG-13,BH Tilt,114,916000,6179955,8466,6188421,,650522,0,2017,5,5272421,575.59,Low Budget,Profit
3315,Fruitvale Station,Drama,2013-07-12,R,Weinstein Co.,85,900000,16098998,1450647,17549645,7.5,1694631,0,2013,7,16649645,1849.96,Low Budget,Profit
3316,Meet the Blacks,Comedy,2016-04-01,R,Freestyle Releasing,98,900000,9097072,0,9097072,,957587,0,2016,4,8197072,910.79,Low Budget,Profit
3317,Circumstance,Drama,2011-08-26,R,Roadside Attractions,107,900000,454121,504857,958978,5.9,47802,0,2011,8,58978,6.55,Low Budget,Profit
3318,The Quiet,Drama,2006-08-25,R,Sony Pictures Classics,91,900000,381420,0,381420,6.4,40149,0,2006,8,-518580,-57.62,Low Budget,Loss
3319,Bambi,Drama,1942-08-13,G,RKO Radio Pictures,70,858000,102797000,165203000,268000000,7.4,10820737,0,1942,8,267142000,31135.43,Low Budget,Major Success
3320,"For a Good Time, Call",Comedy,2012-08-31,R,Focus Features,88,850000,1251749,134339,1386088,6.0,131763,0,2012,8,536088,63.07,Low Budget,Profit
3321,Latter Days,Drama,2004-01-30,R,TLA Releasing,107,850000,833118,32590,865708,7.2,87697,0,2004,1,15708,1.85,Low Budget,Profit
3322,Time Changer,Drama,2002-10-25,PG,Five & Two Pictures,95,825000,1500711,0,1500711,5.6,157970,0,2002,10,675711,81.9,Low Budget,Profit
3323,Jodaeiye Nader az Simin,Drama,2011-12-30,PG-13,Sony Pictures Classics,114,800000,7098492,17327677,24426169,,747210,0,2011,12,23626169,2953.27,Low Budget,Profit
3324,Welcome to the Dollhouse,Comedy,1996-05-10,R,Sony Pictures Classics,88,800000,4198137,836657,5034794,7.5,441909,0,1996,5,4234794,529.35,Low Budget,Profit
3325,Raising Victor Vargas,Drama,2003-03-28,R,Samuel Goldwyn Films,88,800000,2073984,826594,2900578,7.2,218314,0,2003,3,2100578,262.57,Low Budget,Profit
3326,Ruby in Paradise,Drama,1993-10-01,R,Independent,114,800000,1001437,0,1001437,7.2,105414,0,1993,10,201437,25.18,Low Budget,Profit
3327,The Mudge Boy,Drama,2004-05-07,R,Strand,94,800000,62544,0,62544,7.2,6584,0,2004,5,-737456,-92.18,Low Budget,Loss
3328,Saints and Soldiers,Drama,2004-08-06,PG-13,Excel Entertainment,90,780000,1310470,0,1310470,6.8,137944,0,2004,8,530470,68.01,Low Budget,Profit
3329,American Graffiti,Drama,1973-08-11,PG,Universal Pictures,112,777000,115000000,25000000,140000000,7.5,12105263,0,1973,8,139223000,17918.02,Low Budget,Major Success
3330,Safety Not Guaranteed,Comedy,2012-06-08,R,FilmDistrict,86,750000,4010957,411361,4422318,7.0,422206,0,2012,6,3672318,489.64,Low Budget,Profit
3331,The Innkeepers,Horror,2012-02-03,R,Magnolia Pictures,101,750000,78396,933139,1011535,5.5,8252,0,2012,2,261535,34.87,Low Budget,Profit
3332,Il conformista,Drama,2014-08-29,R,Kino Lorber,114,750000,59656,29953,89609,,6280,0,2014,8,-660391,-88.05,Low Budget,Loss
3333,Undead,Horror,2005-07-01,R,Lionsgate,98,750000,41196,188054,229250,,4336,0,2005,7,-520750,-69.43,Low Budget,Loss
3334,All the Boys Love Mandy Lane,Horror,2013-10-11,R,Radius,90,750000,0,1960521,1960521,5.6,0,0,2013,10,1210521,161.4,Low Budget,Profit
3335,La mariée était en noir,Drama,1968-06-25,NR,Film Forum,114,747000,44566,0,44566,,4691,0,1968,6,-702434,-94.03,Low Budget,Loss
3336,Half Nelson,Drama,2006-08-11,R,ThinkFilm,106,700000,2697938,2213787,4911725,7.2,283993,0,2006,8,4211725,601.67,Low Budget,Profit
3337,Hav Plenty,Comedy,1998-06-19,R,Miramax,84,650000,2301777,0,2301777,6.5,242292,0,1998,6,1651777,254.12,Low Budget,Profit
3338,The Blair Witch Project,Horror,1999-07-14,R,Artisan,81,600000,140539099,107760901,248300000,6.4,14793589,0,1999,7,247700000,41283.33,Low Budget,Major Success
3339,The Kentucky Fried Movie,Comedy,1977-08-10,NR,United Film Distrib…,83,600000,15000000,5000000,20000000,6.5,1578947,0,1977,8,19400000,3233.33,Low Budget,Profit
3340,Mercy Streets,Drama,2000-10-31,PG-13,Independent,106,600000,173599,0,173599,5.6,18274,0,2000,10,-426401,-71.07,Low Budget,Loss
3341,Broken Vessels,Drama,1999-07-02,R,Independent,90,600000,15030,70313,85343,6.6,1582,0,1999,7,-514657,-85.78,Low Budget,Loss
3342,Drunk Wedding,Comedy,2015-05-22,R,Paramount,98,600000,3301,0,3301,,347,0,2015,5,-596699,-99.45,Low Budget,Loss
3343,A Hard Day's Night,Comedy,1964-08-11,G,Universal Pictures,87,560000,1537860,88924,1626784,7.7,161880,0,1964,8,1066784,190.5,Low Budget,Profit
3344,Friday the 13th,Horror,1980-05-09,NR,Paramount,98,550000,39754601,20000000,59754601,,4184695,0,1980,5,59204601,10764.47,Low Budget,Major Success
3345,Fireproof,Drama,2008-09-26,PG,Samuel Goldwyn Films,122,500000,33456317,16980,33473297,6.5,3521718,0,2008,9,32973297,6594.66,Low Budget,Profit
3346,Benji,Adventure,1974-11-15,G,Independent,86,500000,31559560,0,31559560,6.1,3322059,0,1974,11,31059560,6211.91,Low Budget,Profit
3347,The Station Agent,Drama,2003-10-03,R,Miramax,89,500000,5801558,3668651,9470209,7.7,610690,0,2003,10,8970209,1794.04,Low Budget,Profit
3348,To Save a Life,Drama,2010-01-22,PG-13,Samuel Goldwyn Films,120,500000,3777210,47658,3824868,7.1,397601,0,2010,1,3324868,664.97,Low Budget,Profit
3349,The Singles Ward,Comedy,2002-02-01,PG,Halestorm Entertain…,102,500000,1250798,0,1250798,6.4,131663,0,2002,2,750798,150.16,Low Budget,Profit
3350,Osama,Drama,2004-01-30,PG-13,MGM,83,500000,1127331,844148,1971479,7.4,118666,0,2004,1,1471479,294.3,Low Budget,Profit
3351,Groove,Comedy,2000-06-09,R,Sony Pictures Classics,86,500000,1115313,52211,1167524,6.5,117401,0,2000,6,667524,133.5,Low Budget,Profit
3352,The R.M.,Comedy,2003-01-31,PG,Halestone,101,500000,1111615,0,1111615,6.0,117012,0,2003,1,611615,122.32,Low Budget,Profit
3353,Twin Falls Idaho,Drama,1999-07-30,R,Sony Pictures Classics,111,500000,985341,41887,1027228,7.3,103720,0,1999,7,527228,105.45,Low Budget,Profit
3354,Mean Creek,Drama,2004-08-20,R,Paramount Vantage,90,500000,603951,744799,1348750,7.3,63574,0,2004,8,848750,169.75,Low Budget,Profit
3355,Drinking Buddies,Drama,2013-08-23,R,Magnolia Pictures,90,500000,343706,63394,407100,6.1,36180,0,2013,8,-92900,-18.58,Low Budget,Loss
3356,Hurricane Streets,Drama,1998-02-13,NR,MGM,86,500000,334041,33541,367582,6.5,35162,0,1998,2,-132418,-26.48,Low Budget,Loss
3357,Civil Brand,Drama,2003-08-29,R,Lionsgate,91,500000,254293,0,254293,5.3,26768,0,2003,8,-245707,-49.14,Low Budget,Loss
3358,Monsters,Drama,2010-10-29,R,Magnet Pictures,94,500000,237301,5402429,5639730,6.4,24979,0,2010,10,5139730,1027.95,Low Budget,Profit
3359,Lonesome Jim,Comedy,2006-03-24,R,IFC Films,91,500000,154187,448602,602789,6.6,16230,0,2006,3,102789,20.56,Low Budget,Profit
3360,O Menino e o Mundo,Adventure,2015-12-11,PG,GKIDS,97,500000,129479,142414,271893,,13629,0,2015,12,-228107,-45.62,Low Budget,Loss
3361,Johnny Suede,Drama,1991-01-01,R,Miramax,97,500000,55000,0,55000,5.8,5789,0,1991,1,-445000,-89.0,Low Budget,Loss
3362,The Californians,Drama,2005-10-21,PG,Fabrication Films,87,500000,4134,0,4134,5.0,435,0,2005,10,-495866,-99.17,Low Budget,Loss
3363,Everything Put Together,Drama,2001-11-02,R,Independent,87,500000,0,7890,7890,6.6,0,0,2001,11,-492110,-98.42,Low Budget,Loss
3364,Paranormal Activity,Horror,2009-09-25,R,Paramount,84,450000,107918810,86264224,194183034,6.3,11359875,0,2009,9,193733034,43051.79,Low Budget,Major Success
3365,Brick,Drama,2006-03-31,R,Focus/Rogue Pictures,114,450000,2075743,2168253,4243996,,218499,0,2006,3,3793996,843.11,Low Budget,Profit
3366,Sunday,Drama,1997-08-22,NR,Independent,114,450000,410919,39430,450349,,43255,0,1997,8,349,0.08,Low Budget,Profit
3367,Conversations with Other Women,Comedy,2006-08-11,R,Fabrication Films,84,450000,379418,918327,1297745,7.1,39939,0,2006,8,847745,188.39,Low Budget,Profit
3368,Metropolitan,Comedy,1990-08-03,PG-13,Independent,98,430000,2938000,0,2938000,7.5,309263,0,1990,8,2508000,583.26,Low Budget,Profit
3369,Napoleon Dynamite,Comedy,2004-06-11,PG,Fox Searchlight,92,400000,44540956,1581757,46122713,6.9,4688522,0,2004,6,45722713,11430.68,Low Budget,Profit
3370,Monty Python and the Holy Grail,Comedy,1975-05-10,NR,Independent,91,400000,3427696,1601252,5028948,8.3,360810,0,1975,5,4628948,1157.24,Low Budget,Profit
3371,Quinceanera,Drama,2006-08-02,R,Sony Pictures Classics,114,400000,1692693,1104506,2797199,,178178,0,2006,8,2397199,599.3,Low Budget,Profit
3372,Heroes,Adventure,2008-10-24,R,Eros Entertainment,70,400000,655538,0,655538,7.7,69004,0,2008,10,255538,63.88,Low Budget,Profit
3373,E tu vivrai nel terrore - L'aldilà,Horror,1983-01-01,NR,Independent,98,400000,126387,0,126387,,13304,0,1983,1,-273613,-68.4,Low Budget,Loss
3374,Jackpot,Drama,2001-07-27,R,Independent,114,400000,44452,0,44452,,4679,0,2001,7,-355548,-88.89,Low Budget,Loss
3375,Fabled,Horror,2004-12-10,R,Indican Pictures,84,400000,31425,0,31425,5.8,3308,0,2004,12,-368575,-92.14,Low Budget,Loss
3376,The Dark Hours,Horror,2005-10-13,R,Freestyle Releasing,80,400000,423,0,423,6.1,45,0,2005,10,-399577,-99.89,Low Budget,Loss
3377,My Beautiful Laundrette,Drama,1986-04-01,NR,Orion Classics,97,400000,0,0,0,6.9,0,0,1986,4,-400000,-100.0,Low Budget,Loss
3378,Maniac,Horror,1980-01-01,NR,Analysis,89,350000,10000000,0,10000000,6.1,1052632,0,1980,1,9650000,2757.14,Low Budget,Profit
3379,American Ninja 2: The Confrontation,Action,1987-01-01,NR,Independent,90,350000,4000000,0,4000000,4.7,421053,0,1987,1,3650000,1042.86,Low Budget,Profit
3380,12 Angry Men,Drama,1957-04-13,NR,United Artists,96,340000,0,0,0,8.9,0,0,1957,4,-340000,-100.0,Low Budget,Loss
3381,Halloween,Horror,1978-10-17,R,Compass International,101,325000,47000000,23000000,70000000,7.9,4947368,0,1978,10,69675000,21438.46,Low Budget,Major Success
3382,Tumbleweeds,Drama,1999-11-24,PG-13,Fine Line,102,312000,1350248,437920,1788168,6.7,142131,0,1999,11,1476168,473.13,Low Budget,Profit
3383,God's Army,Drama,2000-03-10,PG,Excel Entertainment,114,300000,2637726,14789,2652515,,277655,0,2000,3,2352515,784.17,Low Budget,Profit
3384,Pieces of April,Comedy,2003-10-17,PG-13,MGM,80,300000,2528664,1042589,3571253,7.1,266175,0,2003,10,3271253,1090.42,Low Budget,Profit
3385,When The Cat's Away,Comedy,1996-09-20,R,Sony Pictures Classics,91,300000,1652472,873512,2525984,6.9,173944,0,1996,9,2225984,741.99,Low Budget,Profit
3386,Wendy and Lucy,Drama,2008-12-10,R,Oscilloscope Pictures,80,300000,865695,550351,1416046,7.1,91126,0,2008,12,1116046,372.02,Low Budget,Profit
3387,Let's Talk About Sex,Comedy,1998-09-11,NR,Fine Line,98,300000,373615,0,373615,,39328,0,1998,9,73615,24.54,Low Budget,Profit
3388,First Morning,Drama,2005-07-15,PG-13,Illuminare,114,300000,87264,0,87264,,9186,0,2005,7,-212736,-70.91,Low Budget,Loss
3389,3 Backyards,Drama,2011-03-11,R,Screen Media Films,88,300000,39475,0,39475,5.2,4155,0,2011,3,-260525,-86.84,Low Budget,Loss
3390,"First Love, Last Rites",Drama,1998-08-07,R,Strand,94,300000,10876,0,10876,5.5,1145,0,1998,8,-289124,-96.37,Low Budget,Loss
3391,Fighting Tommy Riley,Drama,2005-05-06,R,Freestyle Releasing,109,300000,10514,0,10514,6.6,1107,0,2005,5,-289486,-96.5,Low Budget,Loss
3392,Compliance,Drama,2012-08-17,R,Magnolia Pictures,90,270000,319285,511415,830700,6.4,33609,0,2012,8,560700,207.67,Low Budget,Profit
3393,Lovely and Amazing,Drama,2002-06-28,R,Lionsgate,91,250000,4210379,403103,4613482,6.9,443198,0,2002,6,4363482,1745.39,Low Budget,Profit
3394,Sleight,Action,2017-04-28,R,High Top Releasing,109,250000,3930990,3460,3934450,,413788,0,2017,4,3684450,1473.78,Low Budget,Profit
3395,Better Luck Tomorrow,Drama,2003-04-11,R,Paramount,98,250000,3802390,6836,3809226,7.2,400252,0,2003,4,3559226,1423.69,Low Budget,Profit
3396,Like Crazy,Drama,2011-10-28,PG-13,Paramount,90,250000,3395391,333009,3728400,6.7,357410,0,2011,10,3478400,1391.36,Low Budget,Profit
3397,Chuck&Buck,Drama,2000-07-14,R,Artisan,96,250000,1055671,102001,1157672,6.6,111123,0,2000,7,907672,363.07,Low Budget,Profit
3398,Love and Other Catastrophes,Comedy,1997-03-28,R,Fox Searchlight,76,250000,212285,530931,743216,6.4,22346,0,1997,3,493216,197.29,Low Budget,Profit
3399,I Married a Strange Person,Comedy,1998-08-28,NR,Lionsgate,75,250000,203134,0,203134,7.0,21383,0,1998,8,-46866,-18.75,Low Budget,Loss
3400,November,Drama,2005-07-22,R,Sony Pictures Classics,78,250000,191862,0,191862,5.5,20196,0,2005,7,-58138,-23.26,Low Budget,Loss
3401,Avatar,Action,2009-12-18,PG-13,20th Century Fox,162,237000000,785221649,2138484377,2923706026,7.9,82654910,0,2009,12,2686706026,1133.63,Blockbuster,Major Success
3402,Titanic,Drama,1997-12-19,PG-13,Paramount,194,200000000,659363944,1605379361,2264743305,7.9,69406731,0,1997,12,2064743305,1032.37,Blockbuster,Major Success
3403,Star Wars: The Force Awakens,Adventure,2015-12-18,PG-13,Walt Disney,138,245000000,936662225,1134647993,2071310218,7.8,98596024,0,2015,12,1826310218,745.43,Blockbuster,Major Success
3404,Avengers: Endgame,Action,2019-04-26,PG-13,Walt Disney,181,356000000,858373000,1941066100,2799439100,8.4,90355053,0,2019,4,2443439100,686.36,Blockbuster,Major Success
3405,Avengers: Infinity War,Action,2018-04-27,PG-13,Walt Disney,149,325000000,678815482,1369544272,2048359754,8.4,71454261,0,2018,4,1723359754,530.26,Blockbuster,Major Success
3406,Spider-Man: No Way Home,Action,2021-12-17,PG-13,Sony Pictures,148,200000000,814115070,1107732041,1921847111,8.2,85696323,0,2021,12,1721847111,860.92,Blockbuster,Major Success
3407,Avatar: The Way of Water,Action,2022-12-16,PG-13,Walt Disney,192,350000000,684075767,1636175653,2320251420,7.6,72007975,0,2022,12,1970251420,562.93,Blockbuster,Major Success
3408,Jurassic World,Action,2015-06-12,PG-13,Universal Pictures,124,150000000,652270625,1019442583,1671713208,6.9,68660066,0,2015,6,1521713208,1014.48,Blockbuster,Major Success
3409,The Lion King (2019),Adventure,2019-07-19,PG,Walt Disney,118,260000000,543638043,1119261395,1662899438,6.8,57225057,0,2019,7,1402899438,539.58,Blockbuster,Major Success
3410,The Avengers,Action,2012-05-04,PG-13,Walt Disney,143,220000000,623357910,895455078,1518812988,8.0,65616622,0,2012,5,1298812988,590.37,Blockbuster,Major Success
3411,Furious 7,Action,2015-04-03,PG-13,Universal Pictures,137,190000000,353007020,1162040651,1515047671,7.1,37158634,0,2015,4,1325047671,697.39,Blockbuster,Major Success
3412,Top Gun: Maverick,Action,2022-05-27,PG-13,Paramount,130,170000000,718732821,776963471,1495696292,8.2,75656086,0,2022,5,1325696292,779.82,Blockbuster,Major Success
3413,Frozen II,Adventure,2019-11-22,PG,Walt Disney,103,150000000,477373578,972653355,1450026933,6.8,50249850,0,2019,11,1300026933,866.68,Blockbuster,Major Success
3414,Barbie,Comedy,2023-07-21,PG-13,Warner Bros,114,145000000,636238421,810800000,1447038421,6.8,66972465,0,2023,7,1302038421,897.96,Blockbuster,Major Success
3415,Avengers: Age of Ultron,Action,2015-05-01,PG-13,Walt Disney,141,250000000,459005868,946397826,1405403694,7.3,48316407,0,2015,5,1155403694,462.16,Blockbuster,Major Success
3416,Black Panther,Action,2018-02-16,PG-13,Walt Disney,134,200000000,700426566,646866639,1347293205,7.3,73729112,0,2018,2,1147293205,573.65,Blockbuster,Major Success
3417,Harry Potter and the Deathly Hallows – Part 2,Adventure,2011-07-15,PG-13,Warner Bros,130,125000000,381193157,961166785,1342359942,8.1,40125595,0,2011,7,1217359942,973.89,Blockbuster,Major Success
3418,Star Wars: The Last Jedi,Adventure,2017-12-15,PG-13,Walt Disney,152,262000000,620181382,713077254,1333258636,6.9,65282251,0,2017,12,1071258636,408.88,Blockbuster,Major Success
3419,Frozen,Adventure,2013-11-27,PG,Walt Disney,102,150000000,400953009,880551909,1281504918,7.4,42205580,0,2013,11,1131504918,754.34,Blockbuster,Major Success
3420,Beauty and the Beast (2017),Adventure,2017-03-17,PG,Walt Disney,129,160000000,504014165,762101799,1266115964,7.1,53054123,0,2017,3,1106115964,691.32,Blockbuster,Major Success
3421,Incredibles 2,Adventure,2018-06-15,PG,Walt Disney,118,200000000,608581744,634643923,1243225667,7.6,64061236,0,2018,6,1043225667,521.61,Blockbuster,Major Success
3422,The Fate of the Furious,Action,2017-04-14,PG-13,Universal Pictures,136,250000000,226008385,1009996733,1236005118,6.6,23790356,0,2017,4,986005118,394.4,Blockbuster,Major Success
3423,Iron Man 3,Action,2013-05-03,PG-13,Walt Disney,130,200000000,409013994,805797258,1214811252,7.1,43054105,0,2013,5,1014811252,507.41,Blockbuster,Major Success
3424,Captain America: Civil War,Action,2016-05-06,PG-13,Walt Disney,147,250000000,408084349,745253700,1153338049,7.8,42956247,0,2016,5,903338049,361.34,Blockbuster,Major Success
3425,The Dark Knight,Action,2008-07-18,PG-13,Warner Bros,152,185000000,534987076,471247165,1006234241,9.0,56314429,0,2008,7,821234241,443.91,Blockbuster,Major Success
3426,The Dark Knight Rises,Action,2012-07-20,PG-13,Warner Bros,165,250000000,448139099,633003513,1081142612,8.4,47172537,0,2012,7,831142612,332.46,Blockbuster,Major Success
3427,The Lord of the Rings: The Return of the King,Adventure,2003-12-17,PG-13,New Line,201,94000000,377845905,769787928,1147633833,9.0,39773253,0,2003,12,1053633833,1120.89,High Budget,Major Success
3428,The Lord of the Rings: The Two Towers,Adventure,2002-12-18,PG-13,New Line,179,94000000,342551365,595848334,938399699,8.8,36058038,0,2002,12,844399699,898.3,High Budget,Major Success
3429,The Lord of the Rings: The Fellowship of the Ring,Adventure,2001-12-19,PG-13,New Line,178,93000000,315544750,582659670,898204420,8.8,33215237,0,2001,12,805204420,865.81,High Budget,Major Success
3430,Skyfall,Action,2012-11-09,PG-13,Sony Pictures,143,200000000,304360277,838111018,1142471295,7.8,32037924,0,2012,11,942471295,471.24,Blockbuster,Major Success
3431,Toy Story 3,Adventure,2010-06-18,G,Walt Disney,103,200000000,415004880,651964823,1066969703,8.3,43684724,0,2010,6,866969703,433.48,Blockbuster,Major Success
3432,Toy Story 4,Adventure,2019-06-21,G,Walt Disney,100,200000000,434038008,639356585,1073394593,7.7,45688211,0,2019,6,873394593,436.7,Blockbuster,Major Success
3433,Rogue One: A Star Wars Story,Adventure,2016-12-16,PG-13,Walt Disney,133,200000000,532177324,526510578,1058687902,7.8,56018666,0,2016,12,858687902,429.34,Blockbuster,Major Success
3434,Aladdin (2019),Adventure,2019-05-24,PG,Walt Disney,128,183000000,355559216,698746179,1054305395,6.9,37427286,0,2019,5,871305395,476.12,Blockbuster,Major Success
3435,Joker,Drama,2019-10-04,R,Warner Bros,122,55000000,335451311,743507318,1078958629,8.4,35310664,0,2019,10,1023958629,1861.74,High Budget,Major Success
3436,Finding Dory,Adventure,2016-06-17,PG,Walt Disney,97,200000000,486295561,542275328,1028570889,7.3,51189006,0,2016,6,828570889,414.29,Blockbuster,Major Success
3437,Harry Potter and the Philosopher's Stone,Adventure,2001-11-16,PG,Warner Bros,152,125000000,317575550,704721732,1022297282,7.6,33429005,0,2001,11,897297282,717.84,Blockbuster,Major Success
3438,Harry Potter and the Chamber of Secrets,Adventure,2002-11-15,PG,Warner Bros,161,100000000,262233381,616809970,879043351,7.4,27603514,0,2002,11,779043351,779.04,High Budget,Major Success
3439,Harry Potter and the Prisoner of Azkaban,Adventure,2004-06-04,PG,Warner Bros,142,130000000,249541069,547366254,796907323,7.9,26267481,0,2004,6,666907323,513.01,Blockbuster,Major Success
3440,Harry Potter and the Order of the Phoenix,Adventure,2007-07-11,PG-13,Warner Bros,138,150000000,292137260,650035136,942172396,7.5,30751291,0,2007,7,792172396,528.11,Blockbuster,Major Success
3441,Harry Potter and the Half-Blood Prince,Adventure,2009-07-15,PG,Warner Bros,153,250000000,302089278,632364974,934454252,7.6,31798871,0,2009,7,684454252,273.78,Blockbuster,Major Success
3442,Harry Potter and the Deathly Hallows – Part 1,Adventure,2010-11-19,PG-13,Warner Bros,146,250000000,296131568,680911915,977043483,7.7,31171744,0,2010,11,727043483,290.82,Blockbuster,Major Success
3443,Inception,Action,2010-07-16,PG-13,Warner Bros,148,160000000,292576195,546454435,839030630,8.8,30797494,0,2010,7,679030630,424.39,Blockbuster,Major Success
3444,Inside Out,Adventure,2015-06-19,PG,Walt Disney,95,175000000,356461711,502386308,858848019,8.1,37522285,0,2015,6,683848019,390.77,Blockbuster,Major Success
3445,Inside Out 2,Adventure,2024-06-14,PG,Walt Disney,96,200000000,652980194,1045883622,1698863816,7.6,68734757,0,2024,6,1498863816,749.43,Blockbuster,Major Success
3446,Bohemian Rhapsody,Drama,2018-11-02,PG-13,20th Century Fox,134,52000000,216668970,694140341,910809311,7.9,22807260,0,2018,11,858809311,1651.56,High Budget,Major Success
3447,La La Land,Drama,2016-12-09,PG-13,Lionsgate,128,30000000,151101803,296182846,447284649,8.0,15905453,0,2016,12,417284649,1390.95,Medium Budget,Major Success
3448,Parasite,Drama,2019-10-11,R,Neon,132,11400000,53369745,205403900,258773645,8.5,5617868,0,2019,10,247373645,2169.94,Medium Budget,Major Success
3449,Spider-Man: Into the Spider-Verse,Adventure,2018-12-14,PG,Sony Pictures,117,90000000,190241310,194057426,384298736,8.4,20025401,0,2018,12,294298736,327.0,High Budget,Major Success
3450,Oppenheimer,Drama,2023-07-21,R,Universal Pictures,180,100000000,329862540,645948793,975811333,8.3,34722373,0,2023,7,875811333,875.81,High Budget,Major Success
3451,Dune: Part Two,Adventure,2024-03-01,PG-13,Warner Bros,166,190000000,282709823,432134535,714844358,8.5,29758929,0,2024,3,524844358,276.23,Blockbuster,Major Success
3452,Guardians of the Galaxy Vol. 3,Action,2023-05-05,PG-13,Walt Disney,150,250000000,358995815,486559962,845555777,7.9,37789033,0,2023,5,595555777,238.22,Blockbuster,Major Success
3453,Super Mario Bros. Movie,Adventure,2023-04-05,PG,Universal Pictures,92,100000000,574934330,786988291,1361922621,7.0,60519403,0,2023,4,1261922621,1261.92,High Budget,Major Success
