movie_id,movie_title,date,tickets_sold,revenue,year,month,day_of_week,is_weekend
3403,Star Wars: The Force Awakens,2015-12-18,6002281,58222122.29,2015,12,Friday,False
3403,Star Wars: The Force Awakens,2015-12-19,7009391,67991097.0,2015,12,Saturday,True
3403,Star Wars: The Force Awakens,2015-12-20,6601196,64031603.76,2015,12,Sunday,True
3403,Star Wars: The Force Awakens,2015-12-21,4010821,38904963.52,2015,12,Monday,False
3403,Star Wars: The Force Awakens,2015-12-22,3777249,36639314.82,2015,12,Tuesday,False
3403,Star Wars: The Force Awakens,2015-12-23,3557279,34505607.23,2015,12,Wednesday,False
3403,Star Wars: The Force Awakens,2015-12-24,3350119,32496157.1,2015,12,Thursday,False
3403,Star Wars: The Force Awakens,2015-12-25,3943779,38254660.29,2015,12,Friday,False
3403,Star Wars: The Force Awakens,2015-12-26,4605498,44673334.06,2015,12,Saturday,True
3403,Star Wars: The Force Awakens,2015-12-27,4337295,42071761.62,2015,12,Sunday,True
3403,Star Wars: The Force Awakens,2015-12-28,2635297,25562382.55,2015,12,Monday,False
3403,Star Wars: The Force Awakens,2015-12-29,2481829,24073745.28,2015,12,Tuesday,False
3403,Star Wars: The Force Awakens,2015-12-30,2337299,22671799.5,2015,12,Wednesday,False
3403,Star Wars: The Force Awakens,2015-12-31,2201185,21351496.68,2015,12,Thursday,False
3403,Star Wars: The Force Awakens,2016-01-01,2591248,25135102.89,2016,1,Friday,False
3403,Star Wars: The Force Awakens,2016-01-02,3026028,29352472.08,2016,1,Saturday,True
3403,Star Wars: The Force Awakens,2016-01-03,2849806,27643117.17,2016,1,Sunday,True
3403,Star Wars: The Force Awakens,2016-01-04,1731514,16795682.16,2016,1,Monday,False
3403,Star Wars: The Force Awakens,2016-01-05,1630678,15817577.78,2016,1,Tuesday,False
3403,Star Wars: The Force Awakens,2016-01-06,1535715,14896433.76,2016,1,Wednesday,False
3403,Star Wars: The Force Awakens,2016-01-07,1446282,14028932.99,2016,1,Thursday,False
3403,Star Wars: The Force Awakens,2016-01-08,1702571,16514939.42,2016,1,Friday,False
3403,Star Wars: The Force Awakens,2016-01-09,1988242,19285948.43,2016,1,Saturday,True
3403,Star Wars: The Force Awakens,2016-01-10,1872456,18162822.23,2016,1,Sunday,True
3403,Star Wars: The Force Awakens,2016-01-11,1137686,11035549.55,2016,1,Monday,False
3403,Star Wars: The Force Awakens,2016-01-12,1071432,10392889.18,2016,1,Tuesday,False
3403,Star Wars: The Force Awakens,2016-01-13,1009037,9787654.43,2016,1,Wednesday,False
3403,Star Wars: The Force Awakens,2016-01-14,950275,9217665.81,2016,1,Thursday,False
3403,Star Wars: The Force Awakens,2016-01-15,1118669,10851088.42,2016,1,Friday,False
3403,Star Wars: The Force Awakens,2016-01-16,1306368,12671771.08,2016,1,Saturday,True
3403,Star Wars: The Force Awakens,2016-01-17,1230291,11933824.58,2016,1,Sunday,True
3403,Star Wars: The Force Awakens,2016-01-18,747513,7250872.74,2016,1,Monday,False
3403,Star Wars: The Force Awakens,2016-01-19,703981,6828614.78,2016,1,Tuesday,False
3403,Star Wars: The Force Awakens,2016-01-20,662984,6430947.22,2016,1,Wednesday,False
3403,Star Wars: The Force Awakens,2016-01-21,624375,6056438.0,2016,1,Thursday,False
3403,Star Wars: The Force Awakens,2016-01-22,735018,7129673.14,2016,1,Friday,False
3403,Star Wars: The Force Awakens,2016-01-23,858345,8325946.89,2016,1,Saturday,True
3403,Star Wars: The Force Awakens,2016-01-24,808359,7841081.49,2016,1,Sunday,True
3403,Star Wars: The Force Awakens,2016-01-25,491151,4764162.87,2016,1,Monday,False
3403,Star Wars: The Force Awakens,2016-01-26,462548,4486719.63,2016,1,Tuesday,False
3403,Star Wars: The Force Awakens,2016-01-27,435612,4225433.42,2016,1,Wednesday,False
3403,Star Wars: The Force Awakens,2016-01-28,410244,3979363.33,2016,1,Thursday,False
3403,Star Wars: The Force Awakens,2016-01-29,482941,4684529.06,2016,1,Friday,False
3403,Star Wars: The Force Awakens,2016-01-30,563973,5470536.93,2016,1,Saturday,True
3403,Star Wars: The Force Awakens,2016-01-31,531130,5151957.66,2016,1,Sunday,True
3403,Star Wars: The Force Awakens,2016-02-01,322709,3130278.07,2016,2,Monday,False
3403,Star Wars: The Force Awakens,2016-02-02,303916,2947984.86,2016,2,Tuesday,False
3403,Star Wars: The Force Awakens,2016-02-03,286217,2776307.59,2016,2,Wednesday,False
3403,Star Wars: The Force Awakens,2016-02-04,269549,2614628.02,2016,2,Thursday,False
3403,Star Wars: The Force Awakens,2016-02-05,317315,3077954.92,2016,2,Friday,False
3403,Star Wars: The Force Awakens,2016-02-06,370557,3594398.89,2016,2,Saturday,True
3403,Star Wars: The Force Awakens,2016-02-07,348977,3385077.39,2016,2,Sunday,True
3403,Star Wars: The Force Awakens,2016-02-08,212035,2056739.25,2016,2,Monday,False
3403,Star Wars: The Force Awakens,2016-02-09,199687,1936964.08,2016,2,Tuesday,False
3403,Star Wars: The Force Awakens,2016-02-10,188058,1824164.07,2016,2,Wednesday,False
3403,Star Wars: The Force Awakens,2016-02-11,177106,1717933.03,2016,2,Thursday,False
3404,Avengers: Endgame,2019-04-26,5282746,53355731.07,2019,4,Friday,False
3404,Avengers: Endgame,2019-04-27,6169127,62308183.62,2019,4,Saturday,True
3404,Avengers: Endgame,2019-04-28,5809865,58679637.49,2019,4,Sunday,True
3404,Avengers: Endgame,2019-04-29,3530016,35653162.21,2019,4,Monday,False
3404,Avengers: Endgame,2019-04-30,3324444,33576883.68,2019,4,Tuesday,False
3404,Avengers: Endgame,2019-05-01,3130843,31621518.2,2019,5,Wednesday,False
3404,Avengers: Endgame,2019-05-02,2948517,29780024.34,2019,5,Thursday,False
3404,Avengers: Endgame,2019-05-03,3471011,35057213.42,2019,5,Friday,False
3404,Avengers: Endgame,2019-05-04,4053405,40939393.9,2019,5,Saturday,True
3404,Avengers: Endgame,2019-05-05,3817353,38555269.2,2019,5,Sunday,True
3404,Avengers: Endgame,2019-05-06,2319386,23425796.85,2019,5,Monday,False
3404,Avengers: Endgame,2019-05-07,2184315,22061584.64,2019,5,Tuesday,False
3404,Avengers: Endgame,2019-05-08,2057111,20776817.97,2019,5,Wednesday,False
3404,Avengers: Endgame,2019-05-09,1937314,19566870.29,2019,5,Thursday,False
3404,Avengers: Endgame,2019-05-10,2280617,23034230.59,2019,5,Friday,False
3404,Avengers: Endgame,2019-05-11,2663277,26899098.57,2019,5,Saturday,True
3404,Avengers: Endgame,2019-05-12,2508180,25332617.02,2019,5,Sunday,True
3404,Avengers: Endgame,2019-05-13,1523945,15391845.32,2019,5,Monday,False
3404,Avengers: Endgame,2019-05-14,1435197,14495494.03,2019,5,Tuesday,False
3404,Avengers: Endgame,2019-05-15,1351618,13651342.17,2019,5,Wednesday,False
3404,Avengers: Endgame,2019-05-16,1272906,12856349.9,2019,5,Thursday,False
3404,Avengers: Endgame,2019-05-17,1498472,15134567.95,2019,5,Friday,False
3404,Avengers: Endgame,2019-05-18,1749898,17673967.17,2019,5,Saturday,True
3404,Avengers: Endgame,2019-05-19,1647992,16644715.45,2019,5,Sunday,True
3404,Avengers: Endgame,2019-05-20,1001303,10113163.02,2019,5,Monday,False
3404,Avengers: Endgame,2019-05-21,942992,9524218.25,2019,5,Tuesday,False
3404,Avengers: Endgame,2019-05-22,888076,8969570.96,2019,5,Wednesday,False
3404,Avengers: Endgame,2019-05-23,836359,8447223.81,2019,5,Thursday,False
3404,Avengers: Endgame,2019-05-24,984566,9944119.74,2019,5,Friday,False
3404,Avengers: Endgame,2019-05-25,1149765,11612623.92,2019,5,Saturday,True
3404,Avengers: Endgame,2019-05-26,1082808,10936357.35,2019,5,Sunday,True
3404,Avengers: Endgame,2019-05-27,657903,6644821.6,2019,5,Monday,False
3404,Avengers: Endgame,2019-05-28,619590,6257857.31,2019,5,Tuesday,False
3404,Avengers: Endgame,2019-05-29,583508,5893428.08,2019,5,Wednesday,False
3404,Avengers: Endgame,2019-05-30,549527,5550221.54,2019,5,Thursday,False
3404,Avengers: Endgame,2019-05-31,646906,6533752.25,2019,5,Friday,False
3404,Avengers: Endgame,2019-06-01,755449,7630037.62,2019,6,Saturday,True
3404,Avengers: Endgame,2019-06-02,711455,7185698.82,2019,6,Sunday,True
3404,Avengers: Endgame,2019-06-03,432273,4365958.9,2019,6,Monday,False
3404,Avengers: Endgame,2019-06-04,407100,4111705.25,2019,6,Tuesday,False
3404,Avengers: Endgame,2019-06-05,383392,3872258.17,2019,6,Wednesday,False
3404,Avengers: Endgame,2019-06-06,361065,3646755.41,2019,6,Thursday,False
3404,Avengers: Endgame,2019-06-07,425048,4292981.14,2019,6,Friday,False
3404,Avengers: Endgame,2019-06-08,496366,5013291.95,2019,6,Saturday,True
3404,Avengers: Endgame,2019-06-09,467459,4721340.56,2019,6,Sunday,True
3404,Avengers: Endgame,2019-06-10,284024,2868639.41,2019,6,Monday,False
3404,Avengers: Endgame,2019-06-11,267483,2701582.86,2019,6,Tuesday,False
3404,Avengers: Endgame,2019-06-12,251906,2544254.92,2019,6,Wednesday,False
3404,Avengers: Endgame,2019-06-13,237237,2396089.05,2019,6,Thursday,False
3404,Avengers: Endgame,2019-06-14,279276,2820689.61,2019,6,Friday,False
3404,Avengers: Endgame,2019-06-15,326135,3293967.53,2019,6,Saturday,True
3404,Avengers: Endgame,2019-06-16,307143,3102141.8,2019,6,Sunday,True
3404,Avengers: Endgame,2019-06-17,186617,1884830.4,2019,6,Monday,False
3404,Avengers: Endgame,2019-06-18,175749,1775066.42,2019,6,Tuesday,False
3404,Avengers: Endgame,2019-06-19,165514,1671694.6,2019,6,Wednesday,False
3404,Avengers: Endgame,2019-06-20,155876,1574342.69,2019,6,Thursday,False
3406,Spider-Man: No Way Home,2021-12-17,4642633,50604696.01,2021,12,Friday,False
3406,Spider-Man: No Way Home,2021-12-18,5421611,59095557.84,2021,12,Saturday,True
3406,Spider-Man: No Way Home,2021-12-19,5105881,55654100.47,2021,12,Sunday,True
3406,Spider-Man: No Way Home,2021-12-20,3102282,33814876.11,2021,12,Monday,False
3406,Spider-Man: No Way Home,2021-12-21,2921619,31845651.03,2021,12,Tuesday,False
3406,Spider-Man: No Way Home,2021-12-22,2751477,29991104.69,2021,12,Wednesday,False
3406,Spider-Man: No Way Home,2021-12-23,2591244,28244558.72,2021,12,Thursday,False
3406,Spider-Man: No Way Home,2021-12-24,3050427,33249654.58,2021,12,Friday,False
3406,Spider-Man: No Way Home,2021-12-25,3562252,38828548.35,2021,12,Saturday,True
3406,Spider-Man: No Way Home,2021-12-26,3354803,36567349.72,2021,12,Sunday,True
3406,Spider-Man: No Way Home,2021-12-27,2038345,22217956.81,2021,12,Monday,False
3406,Spider-Man: No Way Home,2021-12-28,1919641,20924083.73,2021,12,Tuesday,False
3406,Spider-Man: No Way Home,2021-12-29,1807850,19705559.96,2021,12,Wednesday,False
3406,Spider-Man: No Way Home,2021-12-30,1702569,18557997.48,2021,12,Thursday,False
3406,Spider-Man: No Way Home,2021-12-31,2004273,21846579.8,2021,12,Friday,False
3406,Spider-Man: No Way Home,2022-01-01,2340566,25512174.21,2022,1,Saturday,True
3406,Spider-Man: No Way Home,2022-01-02,2204262,24026460.84,2022,1,Sunday,True
3406,Spider-Man: No Way Home,2022-01-03,1339288,14598237.87,2022,1,Monday,False
3406,Spider-Man: No Way Home,2022-01-04,1261294,13748102.67,2022,1,Tuesday,False
3406,Spider-Man: No Way Home,2022-01-05,1187842,12947475.5,2022,1,Wednesday,False
3406,Spider-Man: No Way Home,2022-01-06,1118667,12193473.23,2022,1,Thursday,False
3406,Spider-Man: No Way Home,2022-01-07,1316901,14354225.78,2022,1,Friday,False
3406,Spider-Man: No Way Home,2022-01-08,1537862,16762692.93,2022,1,Saturday,True
3406,Spider-Man: No Way Home,2022-01-09,1448304,15786509.69,2022,1,Sunday,True
3406,Spider-Man: No Way Home,2022-01-10,879975,9591725.76,2022,1,Monday,False
3406,Spider-Man: No Way Home,2022-01-11,828729,9033147.14,2022,1,Tuesday,False
3406,Spider-Man: No Way Home,2022-01-12,780468,8507097.6,2022,1,Wednesday,False
3406,Spider-Man: No Way Home,2022-01-13,735017,8011682.81,2022,1,Thursday,False
3406,Spider-Man: No Way Home,2022-01-14,865266,9431398.4,2022,1,Friday,False
3406,Spider-Man: No Way Home,2022-01-15,1010447,11013874.08,2022,1,Saturday,True
3406,Spider-Man: No Way Home,2022-01-16,951603,10372475.99,2022,1,Sunday,True
3406,Spider-Man: No Way Home,2022-01-17,578185,6302212.91,2022,1,Monday,False
3406,Spider-Man: No Way Home,2022-01-18,544514,5935200.6,2022,1,Tuesday,False
3406,Spider-Man: No Way Home,2022-01-19,512804,5589561.43,2022,1,Wednesday,False
3406,Spider-Man: No Way Home,2022-01-20,482940,5264050.71,2022,1,Thursday,False
3406,Spider-Man: No Way Home,2022-01-21,568520,6196870.33,2022,1,Friday,False
3406,Spider-Man: No Way Home,2022-01-22,663911,7236630.94,2022,1,Saturday,True
3406,Spider-Man: No Way Home,2022-01-23,625248,6815202.36,2022,1,Sunday,True
3406,Spider-Man: No Way Home,2022-01-24,379894,4140848.95,2022,1,Monday,False
3406,Spider-Man: No Way Home,2022-01-25,357771,3899704.68,2022,1,Tuesday,False
3406,Spider-Man: No Way Home,2022-01-26,336936,3672603.56,2022,1,Wednesday,False
3406,Spider-Man: No Way Home,2022-01-27,317314,3458727.78,2022,1,Thursday,False
3406,Spider-Man: No Way Home,2022-01-28,373544,4071633.94,2022,1,Friday,False
3406,Spider-Man: No Way Home,2022-01-29,436221,4754805.34,2022,1,Saturday,True
3406,Spider-Man: No Way Home,2022-01-30,410817,4477907.04,2022,1,Sunday,True
3406,Spider-Man: No Way Home,2022-01-31,249608,2720731.63,2022,1,Monday,False
3406,Spider-Man: No Way Home,2022-02-01,235072,2562288.56,2022,2,Tuesday,False
3406,Spider-Man: No Way Home,2022-02-02,221383,2413072.49,2022,2,Wednesday,False
3406,Spider-Man: No Way Home,2022-02-03,208490,2272546.09,2022,2,Thursday,False
3406,Spider-Man: No Way Home,2022-02-04,245436,2675254.13,2022,2,Friday,False
3406,Spider-Man: No Way Home,2022-02-05,286617,3124129.73,2022,2,Saturday,True
3406,Spider-Man: No Way Home,2022-02-06,269926,2942194.58,2022,2,Sunday,True
3406,Spider-Man: No Way Home,2022-02-07,164004,1787648.07,2022,2,Monday,False
3406,Spider-Man: No Way Home,2022-02-08,154454,1683543.55,2022,2,Tuesday,False
3406,Spider-Man: No Way Home,2022-02-09,145459,1585501.6,2022,2,Wednesday,False
3406,Spider-Man: No Way Home,2022-02-10,136988,1493169.18,2022,2,Thursday,False
3401,Avatar,2009-12-18,5484124,48808705.69,2009,12,Friday,False
3401,Avatar,2009-12-19,6404295,56998221.86,2009,12,Saturday,True
3401,Avatar,2009-12-20,6031338,53678903.82,2009,12,Sunday,True
3401,Avatar,2009-12-21,3664580,32614766.34,2009,12,Monday,False
3401,Avatar,2009-12-22,3451172,30715430.21,2009,12,Tuesday,False
3401,Avatar,2009-12-23,3250191,28926702.8,2009,12,Wednesday,False
3401,Avatar,2009-12-24,3060915,27242142.77,2009,12,Thursday,False
3401,Avatar,2009-12-25,3603326,32069604.85,2009,12,Friday,False
3401,Avatar,2009-12-26,4207921,37450500.41,2009,12,Saturday,True
3401,Avatar,2009-12-27,3962871,35269553.05,2009,12,Sunday,True
3401,Avatar,2009-12-28,2407801,21429428.5,2009,12,Monday,False
3401,Avatar,2009-12-29,2267582,20181475.74,2009,12,Tuesday,False
3401,Avatar,2009-12-30,2135528,19006198.08,2009,12,Wednesday,False
3401,Avatar,2009-12-31,2011164,17899363.27,2009,12,Thursday,False
3401,Avatar,2010-01-01,2367554,21071231.88,2010,1,Friday,False
3401,Avatar,2010-01-02,2764801,24606732.19,2010,1,Saturday,True
3401,Avatar,2010-01-03,2603792,23173747.67,2010,1,Sunday,True
3401,Avatar,2010-01-04,1582038,14080137.85,2010,1,Monday,False
3401,Avatar,2010-01-05,1489907,13260174.45,2010,1,Tuesday,False
3401,Avatar,2010-01-06,1403142,12487962.01,2010,1,Wednesday,False
3401,Avatar,2010-01-07,1321429,11760719.72,2010,1,Thursday,False
3401,Avatar,2010-01-08,1555594,13844785.9,2010,1,Friday,False
3401,Avatar,2010-01-09,1816604,16167775.13,2010,1,Saturday,True
3401,Avatar,2010-01-10,1710813,15226237.21,2010,1,Sunday,True
3401,Avatar,2010-01-11,1039473,9251309.79,2010,1,Monday,False
3401,Avatar,2010-01-12,978939,8712555.45,2010,1,Tuesday,False
3401,Avatar,2010-01-13,921930,8205175.72,2010,1,Wednesday,False
3401,Avatar,2010-01-14,868241,7727343.49,2010,1,Thursday,False
3401,Avatar,2010-01-15,1022098,9096672.55,2010,1,Friday,False
3401,Avatar,2010-01-16,1193594,10622985.24,2010,1,Saturday,True
3401,Avatar,2010-01-17,1124084,10004350.74,2010,1,Sunday,True
3401,Avatar,2010-01-18,682982,6078543.68,2010,1,Monday,False
3401,Avatar,2010-01-19,643209,5724556.85,2010,1,Tuesday,False
3401,Avatar,2010-01-20,605751,5391184.62,2010,1,Wednesday,False
3401,Avatar,2010-01-21,570475,5077226.46,2010,1,Thursday,False
3401,Avatar,2010-01-22,671566,5976939.77,2010,1,Friday,False
3401,Avatar,2010-01-23,784247,6979798.67,2010,1,Saturday,True
3401,Avatar,2010-01-24,738576,6573326.83,2010,1,Sunday,True
3401,Avatar,2010-01-25,448751,3993887.79,2010,1,Monday,False
3401,Avatar,2010-01-26,422618,3761301.88,2010,1,Tuesday,False
3401,Avatar,2010-01-27,398007,3542260.71,2010,1,Wednesday,False
3401,Avatar,2010-01-28,374829,3335975.5,2010,1,Thursday,False
3401,Avatar,2010-01-29,441250,3927129.27,2010,1,Friday,False
3401,Avatar,2010-01-30,515287,4586054.52,2010,1,Saturday,True
3401,Avatar,2010-01-31,485279,4318983.49,2010,1,Sunday,True
3401,Avatar,2010-02-01,294851,2624171.27,2010,2,Monday,False
3401,Avatar,2010-02-02,277680,2471351.44,2010,2,Tuesday,False
3401,Avatar,2010-02-03,261509,2327431.13,2010,2,Wednesday,False
3401,Avatar,2010-02-04,246280,2191892.09,2010,2,Thursday,False
3401,Avatar,2010-02-05,289922,2580307.8,2010,2,Friday,False
3401,Avatar,2010-02-06,338568,3013252.54,2010,2,Saturday,True
3401,Avatar,2010-02-07,318851,2837774.37,2010,2,Sunday,True
3401,Avatar,2010-02-08,193731,1724203.39,2010,2,Monday,False
3401,Avatar,2010-02-09,182449,1623793.6,2010,2,Tuesday,False
3401,Avatar,2010-02-10,171824,1529231.22,2010,2,Wednesday,False
3401,Avatar,2010-02-11,161817,1440175.73,2010,2,Thursday,False
3412,Top Gun: Maverick,2022-05-27,4423348,44675817.05,2022,5,Friday,False
3412,Top Gun: Maverick,2022-05-28,5165533,52171884.0,2022,5,Saturday,True
3412,Top Gun: Maverick,2022-05-29,4864716,49133630.0,2022,5,Sunday,True
3412,Top Gun: Maverick,2022-05-30,2955753,29853103.32,2022,5,Monday,False
3412,Top Gun: Maverick,2022-05-31,2783623,28114593.92,2022,5,Tuesday,False
3412,Top Gun: Maverick,2022-06-01,2621518,26477327.43,2022,6,Wednesday,False
3412,Top Gun: Maverick,2022-06-02,2468852,24935407.92,2022,6,Thursday,False
3412,Top Gun: Maverick,2022-06-03,2906347,29354103.51,2022,6,Friday,False
3412,Top Gun: Maverick,2022-06-04,3393997,34279370.47,2022,6,Saturday,True
3412,Top Gun: Maverick,2022-06-05,3196346,32283095.34,2022,6,Sunday,True
3412,Top Gun: Maverick,2022-06-06,1942068,19614886.6,2022,6,Monday,False
3412,Top Gun: Maverick,2022-06-07,1828971,18472604.53,2022,6,Tuesday,False
3412,Top Gun: Maverick,2022-06-08,1722460,17396843.79,2022,6,Wednesday,False
3412,Top Gun: Maverick,2022-06-09,1622152,16383730.48,2022,6,Thursday,False
3412,Top Gun: Maverick,2022-06-10,1909606,19287020.36,2022,6,Friday,False
3412,Top Gun: Maverick,2022-06-11,2230015,22523151.35,2022,6,Saturday,True
3412,Top Gun: Maverick,2022-06-12,2100149,21211505.13,2022,6,Sunday,True
3412,Top Gun: Maverick,2022-06-13,1276030,12887898.86,2022,6,Monday,False
3412,Top Gun: Maverick,2022-06-14,1201719,12137366.06,2022,6,Tuesday,False
3412,Top Gun: Maverick,2022-06-15,1131737,11430540.89,2022,6,Wednesday,False
3412,Top Gun: Maverick,2022-06-16,1065830,10764878.01,2022,6,Thursday,False
3412,Top Gun: Maverick,2022-06-17,1254701,12672475.39,2022,6,Friday,False
3412,Top Gun: Maverick,2022-06-18,1465224,14798764.97,2022,6,Saturday,True
3412,Top Gun: Maverick,2022-06-19,1379896,13936951.99,2022,6,Sunday,True
3412,Top Gun: Maverick,2022-06-20,838411,8467952.96,2022,6,Monday,False
3412,Top Gun: Maverick,2022-06-21,789586,7974817.77,2022,6,Tuesday,False
3412,Top Gun: Maverick,2022-06-22,743604,7510400.54,2022,6,Wednesday,False
3412,Top Gun: Maverick,2022-06-23,700300,7073028.86,2022,6,Thursday,False
3412,Top Gun: Maverick,2022-06-24,824397,8326409.66,2022,6,Friday,False
3412,Top Gun: Maverick,2022-06-25,962721,9723481.46,2022,6,Saturday,True
3412,Top Gun: Maverick,2022-06-26,906656,9157229.98,2022,6,Sunday,True
3412,Top Gun: Maverick,2022-06-27,550875,5563841.56,2022,6,Monday,False
3412,Top Gun: Maverick,2022-06-28,518795,5239828.65,2022,6,Tuesday,False
3412,Top Gun: Maverick,2022-06-29,488583,4934684.79,2022,6,Wednesday,False
3412,Top Gun: Maverick,2022-06-30,460130,4647311.12,2022,6,Thursday,False
3412,Top Gun: Maverick,2022-07-01,541667,5470840.98,2022,7,Friday,False
3412,Top Gun: Maverick,2022-07-02,632553,6388782.57,2022,7,Saturday,True
3412,Top Gun: Maverick,2022-07-03,595716,6016728.84,2022,7,Sunday,True
3412,Top Gun: Maverick,2022-07-04,361951,3655704.4,2022,7,Monday,False
3412,Top Gun: Maverick,2022-07-05,340873,3442812.75,2022,7,Tuesday,False
3412,Top Gun: Maverick,2022-07-06,321022,3242318.95,2022,7,Wednesday,False
3412,Top Gun: Maverick,2022-07-07,302327,3053500.99,2022,7,Thursday,False
3412,Top Gun: Maverick,2022-07-08,355901,3594598.67,2022,7,Friday,False
3412,Top Gun: Maverick,2022-07-09,415617,4197729.27,2022,7,Saturday,True
3412,Top Gun: Maverick,2022-07-10,391413,3953272.55,2022,7,Sunday,True
3412,Top Gun: Maverick,2022-07-11,237819,2401968.95,2022,7,Monday,False
3412,Top Gun: Maverick,2022-07-12,223969,2262089.17,2022,7,Tuesday,False
3412,Top Gun: Maverick,2022-07-13,210926,2130355.35,2022,7,Wednesday,False
3412,Top Gun: Maverick,2022-07-14,198643,2006293.12,2022,7,Thursday,False
3412,Top Gun: Maverick,2022-07-15,233844,2361819.63,2022,7,Friday,False
3412,Top Gun: Maverick,2022-07-16,273080,2758104.67,2022,7,Saturday,True
3412,Top Gun: Maverick,2022-07-17,257177,2597485.16,2022,7,Sunday,True
3412,Top Gun: Maverick,2022-07-18,156258,1578206.06,2022,7,Monday,False
3412,Top Gun: Maverick,2022-07-19,147158,1486298.5,2022,7,Tuesday,False
3412,Top Gun: Maverick,2022-07-20,138588,1399743.21,2022,7,Wednesday,False
3412,Top Gun: Maverick,2022-07-21,130518,1318228.51,2022,7,Thursday,False
3416,Black Panther,2018-02-16,5122108,43537915.9,2018,2,Friday,False
3416,Black Panther,2018-02-17,5981536,50843056.68,2018,2,Saturday,True
3416,Black Panther,2018-02-18,5633199,47882187.56,2018,2,Sunday,True
3416,Black Panther,2018-02-19,3422675,29092739.38,2018,2,Monday,False
3416,Black Panther,2018-02-20,3223354,27398510.13,2018,2,Tuesday,False
3416,Black Panther,2018-02-21,3035641,25802945.11,2018,2,Wednesday,False
3416,Black Panther,2018-02-22,2858859,24300298.57,2018,2,Thursday,False
3416,Black Panther,2018-02-23,3365465,28606449.18,2018,2,Friday,False
3416,Black Panther,2018-02-24,3930149,33406268.7,2018,2,Saturday,True
3416,Black Panther,2018-02-25,3701275,31460839.06,2018,2,Sunday,True
3416,Black Panther,2018-02-26,2248858,19115291.89,2018,2,Monday,False
3416,Black Panther,2018-02-27,2117895,18002103.95,2018,2,Tuesday,False
3416,Black Panther,2018-02-28,1994558,16953743.03,2018,2,Wednesday,False
3416,Black Panther,2018-03-01,1878404,15966433.9,2018,3,Thursday,False
3416,Black Panther,2018-03-02,2211268,18795776.46,2018,3,Friday,False
3416,Black Panther,2018-03-03,2582292,21949482.61,2018,3,Saturday,True
3416,Black Panther,2018-03-04,2431911,20671244.25,2018,3,Sunday,True
3416,Black Panther,2018-03-05,1477605,12559641.74,2018,3,Monday,False
3416,Black Panther,2018-03-06,1391556,11828225.15,2018,3,Tuesday,False
3416,Black Panther,2018-03-07,1310518,11139402.94,2018,3,Wednesday,False
3416,Black Panther,2018-03-08,1234199,10490694.61,2018,3,Thursday,False
3416,Black Panther,2018-03-09,1452906,12349705.15,2018,3,Friday,False
3416,Black Panther,2018-03-10,1696687,14421837.75,2018,3,Saturday,True
3416,Black Panther,2018-03-11,1597879,13581975.3,2018,3,Sunday,True
3416,Black Panther,2018-03-12,970856,8252272.67,2018,3,Monday,False
3416,Black Panther,2018-03-13,914317,7771697.72,2018,3,Tuesday,False
3416,Black Panther,2018-03-14,861072,7319109.28,2018,3,Wednesday,False
3416,Black Panther,2018-03-15,810927,6892877.53,2018,3,Thursday,False
3416,Black Panther,2018-03-16,954628,8114334.5,2018,3,Friday,False
3416,Black Panther,2018-03-17,1114803,9475822.63,2018,3,Saturday,True
3416,Black Panther,2018-03-18,1049882,8923993.68,2018,3,Sunday,True
3416,Black Panther,2018-03-19,637898,5422129.51,2018,3,Monday,False
3416,Black Panther,2018-03-20,600749,5106369.27,2018,3,Tuesday,False
3416,Black Panther,2018-03-21,565764,4808997.47,2018,3,Wednesday,False
3416,Black Panther,2018-03-22,532817,4528943.26,2018,3,Thursday,False
3416,Black Panther,2018-03-23,627235,5331497.67,2018,3,Friday,False
3416,Black Panther,2018-03-24,732478,6226059.12,2018,3,Saturday,True
3416,Black Panther,2018-03-25,689821,5863481.67,2018,3,Sunday,True
3416,Black Panther,2018-03-26,419129,3562592.95,2018,3,Monday,False
3416,Black Panther,2018-03-27,394720,3355123.69,2018,3,Tuesday,False
3416,Black Panther,2018-03-28,371734,3159736.5,2018,3,Wednesday,False
3416,Black Panther,2018-03-29,350086,2975727.77,2018,3,Thursday,False
3416,Black Panther,2018-03-30,412123,3503043.59,2018,3,Friday,False
3416,Black Panther,2018-03-31,481272,4090812.35,2018,3,Saturday,True
3416,Black Panther,2018-04-01,453245,3852581.98,2018,4,Sunday,True
3416,Black Panther,2018-04-02,275387,2340790.37,2018,4,Monday,False
3416,Black Panther,2018-04-03,259350,2204473.35,2018,4,Tuesday,False
3416,Black Panther,2018-04-04,244246,2076094.82,2018,4,Wednesday,False
3416,Black Panther,2018-04-05,230023,1955192.47,2018,4,Thursday,False
3416,Black Panther,2018-04-06,270784,2301663.65,2018,4,Friday,False
3416,Black Panther,2018-04-07,316218,2687855.24,2018,4,Saturday,True
3416,Black Panther,2018-04-08,297803,2531326.74,2018,4,Sunday,True
3416,Black Panther,2018-04-09,180942,1538008.87,2018,4,Monday,False
3416,Black Panther,2018-04-10,170405,1448442.2,2018,4,Tuesday,False
3416,Black Panther,2018-04-11,160481,1364091.5,2018,4,Wednesday,False
3416,Black Panther,2018-04-12,151136,1284652.99,2018,4,Thursday,False
3407,Avatar: The Way of Water,2022-12-16,3762970,42521564.23,2022,12,Friday,False
3407,Avatar: The Way of Water,2022-12-17,4394352,49656173.37,2022,12,Saturday,True
3407,Avatar: The Way of Water,2022-12-18,4138445,46764422.95,2022,12,Sunday,True
3407,Avatar: The Way of Water,2022-12-19,2514478,28413596.75,2022,12,Monday,False
3407,Avatar: The Way of Water,2022-12-20,2368046,26758917.7,2022,12,Tuesday,False
3407,Avatar: The Way of Water,2022-12-21,2230142,25200599.64,2022,12,Wednesday,False
3407,Avatar: The Way of Water,2022-12-22,2100268,23733030.97,2022,12,Thursday,False
3407,Avatar: The Way of Water,2022-12-23,2472448,27938658.55,2022,12,Friday,False
3407,Avatar: The Way of Water,2022-12-24,2887295,32626430.8,2022,12,Saturday,True
3407,Avatar: The Way of Water,2022-12-25,2719152,30726415.38,2022,12,Sunday,True
3407,Avatar: The Way of Water,2022-12-26,1652130,18669063.39,2022,12,Monday,False
3407,Avatar: The Way of Water,2022-12-27,1555917,17581861.77,2022,12,Tuesday,False
3407,Avatar: The Way of Water,2022-12-28,1465307,16557973.85,2022,12,Wednesday,False
3407,Avatar: The Way of Water,2022-12-29,1379975,15593712.52,2022,12,Thursday,False
3407,Avatar: The Way of Water,2022-12-30,1624514,18357006.75,2022,12,Friday,False
3407,Avatar: The Way of Water,2022-12-31,1897088,21437092.6,2022,12,Saturday,True
3407,Avatar: The Way of Water,2023-01-01,1786610,20188693.51,2023,1,Sunday,True
3407,Avatar: The Way of Water,2023-01-02,1085526,12266448.73,2023,1,Monday,False
3407,Avatar: The Way of Water,2023-01-03,1022310,11552106.36,2023,1,Tuesday,False
3407,Avatar: The Way of Water,2023-01-04,962776,10879364.06,2023,1,Wednesday,False
3407,Avatar: The Way of Water,2023-01-05,906708,10245799.22,2023,1,Thursday,False
3407,Avatar: The Way of Water,2023-01-06,1067382,12061412.91,2023,1,Friday,False
3407,Avatar: The Way of Water,2023-01-07,1246476,14085173.52,2023,1,Saturday,True
3407,Avatar: The Way of Water,2023-01-08,1173886,13264916.87,2023,1,Sunday,True
3407,Avatar: The Way of Water,2023-01-09,713242,8059631.13,2023,1,Monday,False
3407,Avatar: The Way of Water,2023-01-10,671706,7590274.75,2023,1,Tuesday,False
3407,Avatar: The Way of Water,2023-01-11,632589,7148251.56,2023,1,Wednesday,False
3407,Avatar: The Way of Water,2023-01-12,595750,6731969.8,2023,1,Thursday,False
3407,Avatar: The Way of Water,2023-01-13,701320,7924912.99,2023,1,Friday,False
3407,Avatar: The Way of Water,2023-01-14,818993,9254618.47,2023,1,Saturday,True
3407,Avatar: The Way of Water,2023-01-15,771298,8715671.44,2023,1,Sunday,True
3407,Avatar: The Way of Water,2023-01-16,468633,5295555.0,2023,1,Monday,False
3407,Avatar: The Way of Water,2023-01-17,441342,4987165.89,2023,1,Tuesday,False
3407,Avatar: The Way of Water,2023-01-18,415640,4696735.95,2023,1,Wednesday,False
3407,Avatar: The Way of Water,2023-01-19,391435,4423219.35,2023,1,Thursday,False
3407,Avatar: The Way of Water,2023-01-20,460800,5207038.88,2023,1,Friday,False
3407,Avatar: The Way of Water,2023-01-21,538117,6080717.63,2023,1,Saturday,True
3407,Avatar: The Way of Water,2023-01-22,506779,5726604.2,2023,1,Sunday,True
3407,Avatar: The Way of Water,2023-01-23,307914,3479427.57,2023,1,Monday,False
3407,Avatar: The Way of Water,2023-01-24,289982,3276801.48,2023,1,Tuesday,False
3407,Avatar: The Way of Water,2023-01-25,273095,3085975.42,2023,1,Wednesday,False
3407,Avatar: The Way of Water,2023-01-26,257191,2906262.2,2023,1,Thursday,False
3407,Avatar: The Way of Water,2023-01-27,302767,3421268.34,2023,1,Friday,False
3407,Avatar: The Way of Water,2023-01-28,353568,3995316.18,2023,1,Saturday,True
3407,Avatar: The Way of Water,2023-01-29,332978,3762647.08,2023,1,Sunday,True
3407,Avatar: The Way of Water,2023-01-30,202314,2286146.82,2023,1,Monday,False
3407,Avatar: The Way of Water,2023-01-31,190532,2153011.99,2023,1,Tuesday,False
3407,Avatar: The Way of Water,2023-02-01,179436,2027630.34,2023,2,Wednesday,False
3407,Avatar: The Way of Water,2023-02-02,168987,1909550.34,2023,2,Thursday,False
3407,Avatar: The Way of Water,2023-02-03,198932,2247933.48,2023,2,Friday,False
3407,Avatar: The Way of Water,2023-02-04,232311,2625109.79,2023,2,Saturday,True
3407,Avatar: The Way of Water,2023-02-05,218782,2472235.3,2023,2,Sunday,True
3407,Avatar: The Way of Water,2023-02-06,132930,1502105.5,2023,2,Monday,False
3407,Avatar: The Way of Water,2023-02-07,125188,1414629.68,2023,2,Tuesday,False
3407,Avatar: The Way of Water,2023-02-08,117898,1332248.06,2023,2,Wednesday,False
3407,Avatar: The Way of Water,2023-02-09,111032,1254663.98,2023,2,Thursday,False
3405,Avengers: Infinity War,2018-04-27,4018532,42194589.42,2018,4,Friday,False
3405,Avengers: Infinity War,2018-04-28,4692794,49274336.1,2018,4,Saturday,True
3405,Avengers: Infinity War,2018-04-29,4419507,46404822.15,2018,4,Sunday,True
3405,Avengers: Infinity War,2018-04-30,2685248,28195106.9,2018,4,Monday,False
3405,Avengers: Infinity War,2018-05-01,2528872,26553151.7,2018,5,Tuesday,False
3405,Avengers: Infinity War,2018-05-02,2381602,25006816.52,2018,5,Wednesday,False
3405,Avengers: Infinity War,2018-05-03,2242908,23550532.9,2018,5,Thursday,False
3405,Avengers: Infinity War,2018-05-04,2640364,27723820.79,2018,5,Friday,False
3405,Avengers: Infinity War,2018-05-05,3083385,32375545.83,2018,5,Saturday,True
3405,Avengers: Infinity War,2018-05-06,2903823,30490140.82,2018,5,Sunday,True
3405,Avengers: Infinity War,2018-05-07,1764334,18525505.32,2018,5,Monday,False
3405,Avengers: Infinity War,2018-05-08,1661587,17446663.88,2018,5,Tuesday,False
3405,Avengers: Infinity War,2018-05-09,1564824,16430649.27,2018,5,Wednesday,False
3405,Avengers: Infinity War,2018-05-10,1473695,15473802.75,2018,5,Thursday,False
3405,Avengers: Infinity War,2018-05-11,1734843,18215848.28,2018,5,Friday,False
3405,Avengers: Infinity War,2018-05-12,2025929,21272249.43,2018,5,Saturday,True
3405,Avengers: Infinity War,2018-05-13,1907948,20033450.06,2018,5,Sunday,True
3405,Avengers: Infinity War,2018-05-14,1159250,12172124.36,2018,5,Monday,False
3405,Avengers: Infinity War,2018-05-15,1091740,11463275.02,2018,5,Tuesday,False
3405,Avengers: Infinity War,2018-05-16,1028162,10795705.85,2018,5,Wednesday,False
3405,Avengers: Infinity War,2018-05-17,968287,10167012.88,2018,5,Thursday,False
3405,Avengers: Infinity War,2018-05-18,1139873,11968665.18,2018,5,Friday,False
3405,Avengers: Infinity War,2018-05-19,1331130,13976863.84,2018,5,Saturday,True
3405,Avengers: Infinity War,2018-05-20,1253611,13162914.65,2018,5,Sunday,True
3405,Avengers: Infinity War,2018-05-21,761681,7997655.6,2018,5,Monday,False
3405,Avengers: Infinity War,2018-05-22,717325,7531908.39,2018,5,Tuesday,False
3405,Avengers: Infinity War,2018-05-23,675551,7093284.2,2018,5,Wednesday,False
3405,Avengers: Infinity War,2018-05-24,636210,6680203.48,2018,5,Thursday,False
3405,Avengers: Infinity War,2018-05-25,748950,7863973.4,2018,5,Friday,False
3405,Avengers: Infinity War,2018-05-26,874615,9183453.94,2018,5,Saturday,True
3405,Avengers: Infinity War,2018-05-27,823681,8648651.21,2018,5,Sunday,True
3405,Avengers: Infinity War,2018-05-28,500460,5254834.18,2018,5,Monday,False
3405,Avengers: Infinity War,2018-05-29,471316,4948816.46,2018,5,Tuesday,False
3405,Avengers: Infinity War,2018-05-30,443869,4660619.82,2018,5,Wednesday,False
3405,Avengers: Infinity War,2018-05-31,418020,4389206.45,2018,5,Thursday,False
3405,Avengers: Infinity War,2018-06-01,492095,5166998.71,2018,6,Friday,False
3405,Avengers: Infinity War,2018-06-02,574663,6033959.2,2018,6,Saturday,True
3405,Avengers: Infinity War,2018-06-03,541197,5682568.77,2018,6,Sunday,True
3405,Avengers: Infinity War,2018-06-04,328826,3452672.08,2018,6,Monday,False
3405,Avengers: Infinity War,2018-06-05,309677,3251604.12,2018,6,Tuesday,False
3405,Avengers: Infinity War,2018-06-06,291642,3062245.43,2018,6,Wednesday,False
3405,Avengers: Infinity War,2018-06-07,274658,2883914.14,2018,6,Thursday,False
3405,Avengers: Infinity War,2018-06-08,323330,3394960.07,2018,6,Friday,False
3405,Avengers: Infinity War,2018-06-09,377580,3964593.71,2018,6,Saturday,True
3405,Avengers: Infinity War,2018-06-10,355592,3733713.74,2018,6,Sunday,True
3405,Avengers: Infinity War,2018-06-11,216054,2268567.21,2018,6,Monday,False
3405,Avengers: Infinity War,2018-06-12,203472,2136456.14,2018,6,Tuesday,False
3405,Avengers: Infinity War,2018-06-13,191623,2012038.62,2018,6,Wednesday,False
3405,Avengers: Infinity War,2018-06-14,180463,1894866.62,2018,6,Thursday,False
3405,Avengers: Infinity War,2018-06-15,212443,2230647.72,2018,6,Friday,False
3405,Avengers: Infinity War,2018-06-16,248088,2604923.69,2018,6,Saturday,True
3405,Avengers: Infinity War,2018-06-17,233640,2453224.74,2018,6,Sunday,True
3405,Avengers: Infinity War,2018-06-18,141958,1490554.87,2018,6,Monday,False
3405,Avengers: Infinity War,2018-06-19,133691,1403751.71,2018,6,Tuesday,False
3405,Avengers: Infinity War,2018-06-20,125905,1322003.58,2018,6,Wednesday,False
3405,Avengers: Infinity War,2018-06-21,118573,1245016.08,2018,6,Thursday,False
3402,Titanic,1997-12-19,4407043,40985498.46,1997,12,Friday,False
3402,Titanic,1997-12-20,5146492,47862374.16,1997,12,Saturday,True
3402,Titanic,1997-12-21,4846783,45075086.48,1997,12,Sunday,True
3402,Titanic,1997-12-22,2944857,27387172.77,1997,12,Monday,False
3402,Titanic,1997-12-23,2773362,25792267.99,1997,12,Tuesday,False
3402,Titanic,1997-12-24,2611854,24290243.23,1997,12,Wednesday,False
3402,Titanic,1997-12-25,2459752,22875689.59,1997,12,Thursday,False
3402,Titanic,1997-12-26,2895633,26929391.42,1997,12,Friday,False
3402,Titanic,1997-12-27,3381486,31447820.73,1997,12,Saturday,True
3402,Titanic,1997-12-28,3184564,29616442.22,1997,12,Sunday,True
3402,Titanic,1997-12-29,1934909,17994654.77,1997,12,Monday,False
3402,Titanic,1997-12-30,1822229,16946727.66,1997,12,Tuesday,False
3402,Titanic,1997-12-31,1716110,15959827.07,1997,12,Wednesday,False
3402,Titanic,1998-01-01,1616172,15030399.1,1998,1,Thursday,False
3402,Titanic,1998-01-02,1902567,17693870.99,1998,1,Friday,False
3402,Titanic,1998-01-03,2221795,20662690.6,1998,1,Saturday,True
3402,Titanic,1998-01-04,2092407,19459389.18,1998,1,Sunday,True
3402,Titanic,1998-01-05,1271326,11823330.69,1998,1,Monday,False
3402,Titanic,1998-01-06,1197290,11134793.51,1998,1,Tuesday,False
3402,Titanic,1998-01-07,1127565,10486353.62,1998,1,Wednesday,False
3402,Titanic,1998-01-08,1061901,9875675.93,1998,1,Thursday,False
3402,Titanic,1998-01-09,1250075,11625701.67,1998,1,Friday,False
3402,Titanic,1998-01-10,1459823,13576355.15,1998,1,Saturday,True
3402,Titanic,1998-01-11,1374810,12785729.78,1998,1,Sunday,True
3402,Titanic,1998-01-12,835321,7768481.83,1998,1,Monday,False
3402,Titanic,1998-01-13,786675,7316080.67,1998,1,Tuesday,False
3402,Titanic,1998-01-14,740863,6890025.3,1998,1,Wednesday,False
3402,Titanic,1998-01-15,697718,6488781.46,1998,1,Thursday,False
3402,Titanic,1998-01-16,821358,7638630.31,1998,1,Friday,False
3402,Titanic,1998-01-17,959172,8920300.98,1998,1,Saturday,True
3402,Titanic,1998-01-18,903314,8400823.09,1998,1,Sunday,True
3402,Titanic,1998-01-19,548845,5104256.28,1998,1,Monday,False
3402,Titanic,1998-01-20,516883,4807007.54,1998,1,Tuesday,False
3402,Titanic,1998-01-21,486782,4527069.21,1998,1,Wednesday,False
3402,Titanic,1998-01-22,458434,4263433.22,1998,1,Thursday,False
3402,Titanic,1998-01-23,539671,5018937.75,1998,1,Friday,False
3402,Titanic,1998-01-24,630221,5861055.39,1998,1,Saturday,True
3402,Titanic,1998-01-25,593520,5519734.09,1998,1,Sunday,True
3402,Titanic,1998-01-26,360617,3353735.36,1998,1,Monday,False
3402,Titanic,1998-01-27,339616,3158429.01,1998,1,Tuesday,False
3402,Titanic,1998-01-28,319838,2974496.43,1998,1,Wednesday,False
3402,Titanic,1998-01-29,301212,2801275.24,1998,1,Thursday,False
3402,Titanic,1998-01-30,354589,3297677.09,1998,1,Friday,False
3402,Titanic,1998-01-31,414085,3850987.8,1998,1,Saturday,True
3402,Titanic,1998-02-01,389970,3626723.73,1998,2,Sunday,True
3402,Titanic,1998-02-02,236942,2203561.15,1998,2,Monday,False
3402,Titanic,1998-02-03,223144,2075235.74,1998,2,Tuesday,False
3402,Titanic,1998-02-04,210149,1954383.42,1998,2,Wednesday,False
3402,Titanic,1998-02-05,197911,1840568.99,1998,2,Thursday,False
3402,Titanic,1998-02-06,232982,2166728.24,1998,2,Friday,False
3402,Titanic,1998-02-07,272073,2530279.29,1998,2,Saturday,True
3402,Titanic,1998-02-08,256229,2382927.29,1998,2,Sunday,True
3402,Titanic,1998-02-09,155682,1447842.85,1998,2,Monday,False
3402,Titanic,1998-02-10,146616,1363527.04,1998,2,Tuesday,False
3402,Titanic,1998-02-11,138078,1284121.41,1998,2,Wednesday,False
3402,Titanic,1998-02-12,130037,1209340.0,1998,2,Thursday,False
3445,Inside Out 2,2024-06-14,3865590,40588690.02,2024,6,Friday,False
3445,Inside Out 2,2024-06-15,4514189,47398986.02,2024,6,Saturday,True
3445,Inside Out 2,2024-06-16,4251303,44638683.97,2024,6,Sunday,True
3445,Inside Out 2,2024-06-17,2583049,27122018.96,2024,6,Monday,False
3445,Inside Out 2,2024-06-18,2432624,25542555.53,2024,6,Tuesday,False
3445,Inside Out 2,2024-06-19,2290959,24055072.9,2024,6,Wednesday,False
3445,Inside Out 2,2024-06-20,2157544,22654214.51,2024,6,Thursday,False
3445,Inside Out 2,2024-06-21,2539873,26668669.7,2024,6,Friday,False
3445,Inside Out 2,2024-06-22,2966034,31143353.03,2024,6,Saturday,True
3445,Inside Out 2,2024-06-23,2793305,29329705.34,2024,6,Sunday,True
3445,Inside Out 2,2024-06-24,1697184,17820436.3,2024,6,Monday,False
3445,Inside Out 2,2024-06-25,1598348,16782654.88,2024,6,Tuesday,False
3445,Inside Out 2,2024-06-26,1505268,15805309.15,2024,6,Wednesday,False
3445,Inside Out 2,2024-06-27,1417608,14884879.6,2024,6,Thursday,False
3445,Inside Out 2,2024-06-28,1668816,17522564.62,2024,6,Friday,False
3445,Inside Out 2,2024-06-29,1948823,20462641.07,2024,6,Saturday,True
3445,Inside Out 2,2024-06-30,1835332,19270989.62,2024,6,Sunday,True
3445,Inside Out 2,2024-07-01,1115130,11708861.0,2024,7,Monday,False
3445,Inside Out 2,2024-07-02,1050190,11026990.02,2024,7,Tuesday,False
3445,Inside Out 2,2024-07-03,989031,10384828.11,2024,7,Wednesday,False
3445,Inside Out 2,2024-07-04,931435,9780062.8,2024,7,Thursday,False
3445,Inside Out 2,2024-07-05,1096490,11513145.36,2024,7,Friday,False
3445,Inside Out 2,2024-07-06,1280468,13444913.24,2024,7,Saturday,True
3445,Inside Out 2,2024-07-07,1205899,12661942.44,2024,7,Sunday,True
3445,Inside Out 2,2024-07-08,732692,7693269.88,2024,7,Monday,False
3445,Inside Out 2,2024-07-09,690024,7245248.72,2024,7,Tuesday,False
3445,Inside Out 2,2024-07-10,649840,6823318.29,2024,7,Wednesday,False
3445,Inside Out 2,2024-07-11,611996,6425959.16,2024,7,Thursday,False
3445,Inside Out 2,2024-07-12,720445,7564675.54,2024,7,Friday,False
3445,Inside Out 2,2024-07-13,841327,8833937.49,2024,7,Saturday,True
3445,Inside Out 2,2024-07-14,792332,8319489.02,2024,7,Sunday,True
3445,Inside Out 2,2024-07-15,481413,5054838.51,2024,7,Monday,False
3445,Inside Out 2,2024-07-16,453378,4760467.63,2024,7,Tuesday,False
3445,Inside Out 2,2024-07-17,426975,4483239.58,2024,7,Wednesday,False
3445,Inside Out 2,2024-07-18,402110,4222156.03,2024,7,Thursday,False
3445,Inside Out 2,2024-07-19,473366,4970346.01,2024,7,Friday,False
3445,Inside Out 2,2024-07-20,552791,5804310.53,2024,7,Saturday,True
3445,Inside Out 2,2024-07-21,520599,5466293.8,2024,7,Sunday,True
3445,Inside Out 2,2024-07-22,316311,3321265.57,2024,7,Monday,False
3445,Inside Out 2,2024-07-23,297890,3127850.12,2024,7,Tuesday,False
3445,Inside Out 2,2024-07-24,280543,2945698.31,2024,7,Wednesday,False
3445,Inside Out 2,2024-07-25,264205,2774154.19,2024,7,Thursday,False
3445,Inside Out 2,2024-07-26,311024,3265750.04,2024,7,Friday,False
3445,Inside Out 2,2024-07-27,363210,3813703.78,2024,7,Saturday,True
3445,Inside Out 2,2024-07-28,342058,3591610.96,2024,7,Sunday,True
3445,Inside Out 2,2024-07-29,207831,2182226.98,2024,7,Monday,False
3445,Inside Out 2,2024-07-30,195728,2055143.97,2024,7,Tuesday,False
3445,Inside Out 2,2024-07-31,184330,1935461.71,2024,7,Wednesday,False
3445,Inside Out 2,2024-08-01,173595,1822749.19,2024,8,Thursday,False
3445,Inside Out 2,2024-08-02,204357,2145750.68,2024,8,Friday,False
3445,Inside Out 2,2024-08-03,238646,2505781.94,2024,8,Saturday,True
3445,Inside Out 2,2024-08-04,224748,2359856.56,2024,8,Sunday,True
3445,Inside Out 2,2024-08-05,136555,1433825.3,2024,8,Monday,False
3445,Inside Out 2,2024-08-06,128602,1350325.81,2024,8,Tuesday,False
3445,Inside Out 2,2024-08-07,121113,1271688.96,2024,8,Wednesday,False
3445,Inside Out 2,2024-08-08,114060,1197631.56,2024,8,Thursday,False
3408,Jurassic World,2015-06-12,4769951,40544583.82,2015,6,Friday,False
3408,Jurassic World,2015-06-13,5570292,47347479.33,2015,6,Saturday,True
3408,Jurassic World,2015-06-14,5245903,44590176.79,2015,6,Sunday,True
3408,Jurassic World,2015-06-15,3187358,27092546.48,2015,6,Monday,False
3408,Jurassic World,2015-06-16,3001741,25514799.4,2015,6,Tuesday,False
3408,Jurassic World,2015-06-17,2826933,24028933.16,2015,6,Wednesday,False
3408,Jurassic World,2015-06-18,2662306,22629597.03,2015,6,Thursday,False
3408,Jurassic World,2015-06-19,3134081,26639689.86,2015,6,Friday,False
3408,Jurassic World,2015-06-20,3659942,31109510.72,2015,6,Saturday,True
3408,Jurassic World,2015-06-21,3446804,29297833.85,2015,6,Sunday,True
3408,Jurassic World,2015-06-22,2094244,17801071.51,2015,6,Monday,False
3408,Jurassic World,2015-06-23,1972284,16764417.8,2015,6,Tuesday,False
3408,Jurassic World,2015-06-24,1857428,15788134.11,2015,6,Wednesday,False
3408,Jurassic World,2015-06-25,1749259,14868704.76,2015,6,Thursday,False
3408,Jurassic World,2015-06-26,2059238,17503523.5,2015,6,Friday,False
3408,Jurassic World,2015-06-27,2404754,20440405.08,2015,6,Saturday,True
3408,Jurassic World,2015-06-28,2264712,19250048.56,2015,6,Sunday,True
3408,Jurassic World,2015-06-29,1376016,11696137.42,2015,6,Monday,False
3408,Jurassic World,2015-06-30,1295883,11015007.4,2015,6,Tuesday,False
3408,Jurassic World,2015-07-01,1220417,10373543.31,2015,7,Wednesday,False
3408,Jurassic World,2015-07-02,1149345,9769435.18,2015,7,Thursday,False
3408,Jurassic World,2015-07-03,1353016,11500634.45,2015,7,Friday,False
3408,Jurassic World,2015-07-04,1580036,13430303.16,2015,7,Saturday,True
3408,Jurassic World,2015-07-05,1488022,12648183.19,2015,7,Sunday,True
3408,Jurassic World,2015-07-06,904107,7684909.9,2015,7,Monday,False
3408,Jurassic World,2015-07-07,851456,7237375.59,2015,7,Tuesday,False
3408,Jurassic World,2015-07-08,801871,6815903.64,2015,7,Wednesday,False
3408,Jurassic World,2015-07-09,755174,6418976.31,2015,7,Thursday,False
3408,Jurassic World,2015-07-10,888995,7556455.29,2015,7,Friday,False
3408,Jurassic World,2015-07-11,1038157,8824337.98,2015,7,Saturday,True
3408,Jurassic World,2015-07-12,977700,8310448.54,2015,7,Sunday,True
3408,Jurassic World,2015-07-13,594041,5049345.61,2015,7,Monday,False
3408,Jurassic World,2015-07-14,559446,4755294.61,2015,7,Tuesday,False
3408,Jurassic World,2015-07-15,526867,4478367.81,2015,7,Wednesday,False
3408,Jurassic World,2015-07-16,496184,4217567.97,2015,7,Thursday,False
3408,Jurassic World,2015-07-17,584111,4964944.92,2015,7,Friday,False
3408,Jurassic World,2015-07-18,682118,5798003.21,2015,7,Saturday,True
3408,Jurassic World,2015-07-19,642395,5460353.78,2015,7,Sunday,True
3408,Jurassic World,2015-07-20,390313,3317656.47,2015,7,Monday,False
3408,Jurassic World,2015-07-21,367582,3124451.2,2015,7,Tuesday,False
3408,Jurassic World,2015-07-22,346176,2942497.33,2015,7,Wednesday,False
3408,Jurassic World,2015-07-23,326016,2771139.62,2015,7,Thursday,False
3408,Jurassic World,2015-07-24,383788,3262201.27,2015,7,Friday,False
3408,Jurassic World,2015-07-25,448183,3809559.57,2015,7,Saturday,True
3408,Jurassic World,2015-07-26,422083,3587708.09,2015,7,Sunday,True
3408,Jurassic World,2015-07-27,256454,2179855.64,2015,7,Monday,False
3408,Jurassic World,2015-07-28,241519,2052910.73,2015,7,Tuesday,False
3408,Jurassic World,2015-07-29,227454,1933358.51,2015,7,Wednesday,False
3408,Jurassic World,2015-07-30,214208,1820768.48,2015,7,Thursday,False
3408,Jurassic World,2015-07-31,252167,2143418.97,2015,7,Friday,False
3408,Jurassic World,2015-08-01,294478,2503059.0,2015,8,Saturday,True
3408,Jurassic World,2015-08-02,277328,2357292.19,2015,8,Sunday,True
3408,Jurassic World,2015-08-03,168502,1432267.21,2015,8,Monday,False
3408,Jurassic World,2015-08-04,158689,1348858.46,2015,8,Tuesday,False
3408,Jurassic World,2015-08-05,149448,1270307.06,2015,8,Wednesday,False
3408,Jurassic World,2015-08-06,140745,1196330.14,2015,8,Thursday,False
3414,Barbie,2023-07-21,3628260,39548035.74,2023,7,Friday,False
3414,Barbie,2023-07-22,4237039,46183722.42,2023,7,Saturday,True
3414,Barbie,2023-07-23,3990293,43494191.8,2023,7,Sunday,True
3414,Barbie,2023-07-24,2424462,26426636.94,2023,7,Monday,False
3414,Barbie,2023-07-25,2283272,24887669.41,2023,7,Tuesday,False
3414,Barbie,2023-07-26,2150305,23438324.38,2023,7,Wednesday,False
3414,Barbie,2023-07-27,2025081,22073382.62,2023,7,Thursday,False
3414,Barbie,2023-07-28,2383937,25984911.11,2023,7,Friday,False
3414,Barbie,2023-07-29,2783933,30344867.94,2023,7,Saturday,True
3414,Barbie,2023-07-30,2621809,28577720.41,2023,7,Sunday,True
3414,Barbie,2023-07-31,1592985,17363537.76,2023,7,Monday,False
3414,Barbie,2023-08-01,1500217,16352364.04,2023,8,Tuesday,False
3414,Barbie,2023-08-02,1412851,15400076.49,2023,8,Wednesday,False
3414,Barbie,2023-08-03,1330573,14503245.86,2023,8,Thursday,False
3414,Barbie,2023-08-04,1566358,17073303.21,2023,8,Friday,False
3414,Barbie,2023-08-05,1829174,19937998.98,2023,8,Saturday,True
3414,Barbie,2023-08-06,1722651,18776900.31,2023,8,Sunday,True
3414,Barbie,2023-08-07,1046666,11408657.27,2023,8,Monday,False
3414,Barbie,2023-08-08,985713,10744268.79,2023,8,Tuesday,False
3414,Barbie,2023-08-09,928309,10118571.28,2023,8,Wednesday,False
3414,Barbie,2023-08-10,874249,9529311.57,2023,8,Thursday,False
3414,Barbie,2023-08-11,1029171,11217959.58,2023,8,Friday,False
3414,Barbie,2023-08-12,1201853,13100198.82,2023,8,Saturday,True
3414,Barbie,2023-08-13,1131863,12337302.63,2023,8,Sunday,True
3414,Barbie,2023-08-14,687708,7496021.97,2023,8,Monday,False
3414,Barbie,2023-08-15,647659,7059487.64,2023,8,Tuesday,False
3414,Barbie,2023-08-16,609943,6648375.08,2023,8,Wednesday,False
3414,Barbie,2023-08-17,574422,6261203.86,2023,8,Thursday,False
3414,Barbie,2023-08-18,676213,7370724.67,2023,8,Friday,False
3414,Barbie,2023-08-19,789674,8607443.98,2023,8,Saturday,True
3414,Barbie,2023-08-20,743687,8106185.46,2023,8,Sunday,True
3414,Barbie,2023-08-21,451857,4925237.4,2023,8,Monday,False
3414,Barbie,2023-08-22,425543,4638413.9,2023,8,Tuesday,False
3414,Barbie,2023-08-23,400761,4368293.71,2023,8,Wednesday,False
3414,Barbie,2023-08-24,377422,4113904.08,2023,8,Thursday,False
3414,Barbie,2023-08-25,444304,4842911.2,2023,8,Friday,False
3414,Barbie,2023-08-26,518853,5655493.69,2023,8,Saturday,True
3414,Barbie,2023-08-27,488637,5326143.38,2023,8,Sunday,True
3414,Barbie,2023-08-28,296891,3236111.57,2023,8,Monday,False
3414,Barbie,2023-08-29,279601,3047655.1,2023,8,Tuesday,False
3414,Barbie,2023-08-30,263319,2870173.49,2023,8,Wednesday,False
3414,Barbie,2023-08-31,247984,2703027.6,2023,8,Thursday,False
3414,Barbie,2023-09-01,291928,3182019.4,2023,9,Friday,False
3414,Barbie,2023-09-02,340910,3715924.14,2023,9,Saturday,True
3414,Barbie,2023-09-03,321057,3499525.57,2023,9,Sunday,True
3414,Barbie,2023-09-04,195071,2126276.82,2023,9,Monday,False
3414,Barbie,2023-09-05,183711,2002452.09,2023,9,Tuesday,False
3414,Barbie,2023-09-06,173013,1885838.36,2023,9,Wednesday,False
3414,Barbie,2023-09-07,162937,1776015.69,2023,9,Thursday,False
3414,Barbie,2023-09-08,191811,2090735.73,2023,9,Friday,False
3414,Barbie,2023-09-09,223994,2441536.14,2023,9,Saturday,True
3414,Barbie,2023-09-10,210950,2299352.15,2023,9,Sunday,True
3414,Barbie,2023-09-11,128171,1397063.42,2023,9,Monday,False
3414,Barbie,2023-09-12,120707,1315704.78,2023,9,Tuesday,False
3414,Barbie,2023-09-13,113677,1239084.1,2023,9,Wednesday,False
3414,Barbie,2023-09-14,107057,1166925.46,2023,9,Thursday,False
3410,The Avengers,2012-05-04,4166386,38747394.2,2012,5,Friday,False
3410,The Avengers,2012-05-05,4865456,45248742.82,2012,5,Saturday,True
3410,The Avengers,2012-05-06,4582114,42613661.18,2012,5,Sunday,True
3410,The Avengers,2012-05-07,2784047,25891635.32,2012,5,Monday,False
3410,The Avengers,2012-05-08,2621917,24383823.86,2012,5,Tuesday,False
3410,The Avengers,2012-05-09,2469228,22963820.5,2012,5,Wednesday,False
3410,The Avengers,2012-05-10,2325431,21626511.71,2012,5,Thursday,False
3410,The Avengers,2012-05-11,2737511,25458852.14,2012,5,Friday,False
3410,The Avengers,2012-05-12,3196833,29730542.57,2012,5,Saturday,True
3410,The Avengers,2012-05-13,3010664,27999170.56,2012,5,Sunday,True
3410,The Avengers,2012-05-14,1829249,17012016.65,2012,5,Monday,False
3410,The Avengers,2012-05-15,1722722,16021313.92,2012,5,Tuesday,False
3410,The Avengers,2012-05-16,1622398,15088305.23,2012,5,Wednesday,False
3410,The Avengers,2012-05-17,1527917,14209630.74,2012,5,Thursday,False
3410,The Avengers,2012-05-18,1798673,16727657.83,2012,5,Friday,False
3410,The Avengers,2012-05-19,2100469,19534358.45,2012,5,Saturday,True
3410,The Avengers,2012-05-20,1978147,18396765.97,2012,5,Sunday,True
3410,The Avengers,2012-05-21,1201902,11177691.44,2012,5,Monday,False
3410,The Avengers,2012-05-22,1131909,10526753.36,2012,5,Tuesday,False
3410,The Avengers,2012-05-23,1065992,9913722.97,2012,5,Wednesday,False
3410,The Avengers,2012-05-24,1003913,9336392.69,2012,5,Thursday,False
3410,The Avengers,2012-05-25,1181812,10990854.38,2012,5,Friday,False
3410,The Avengers,2012-05-26,1380106,12834988.09,2012,5,Saturday,True
3410,The Avengers,2012-05-27,1299735,12087536.58,2012,5,Sunday,True
3410,The Avengers,2012-05-28,789706,7344266.61,2012,5,Monday,False
3410,The Avengers,2012-05-29,743717,6916569.82,2012,5,Tuesday,False
3410,The Avengers,2012-05-30,700406,6513780.15,2012,5,Wednesday,False
3410,The Avengers,2012-05-31,659618,6134447.12,2012,5,Thursday,False
3410,The Avengers,2012-06-01,776506,7221505.92,2012,6,Friday,False
3410,The Avengers,2012-06-02,906794,8433188.11,2012,6,Saturday,True
3410,The Avengers,2012-06-03,853987,7942077.47,2012,6,Sunday,True
3410,The Avengers,2012-06-04,518874,4825527.02,2012,6,Monday,False
3410,The Avengers,2012-06-05,488657,4544510.2,2012,6,Tuesday,False
3410,The Avengers,2012-06-06,460200,4279858.53,2012,6,Wednesday,False
3410,The Avengers,2012-06-07,433400,4030618.97,2012,6,Thursday,False
3410,The Avengers,2012-06-08,510201,4744867.5,2012,6,Friday,False
3410,The Avengers,2012-06-09,595806,5540999.43,2012,6,Saturday,True
3410,The Avengers,2012-06-10,561109,5218316.74,2012,6,Sunday,True
3410,The Avengers,2012-06-11,340924,3170597.18,2012,6,Monday,False
3410,The Avengers,2012-06-12,321071,2985955.98,2012,6,Tuesday,False
3410,The Avengers,2012-06-13,302373,2812067.44,2012,6,Wednesday,False
3410,The Avengers,2012-06-14,284764,2648305.38,2012,6,Thursday,False
3410,The Avengers,2012-06-15,335226,3117600.1,2012,6,Friday,False
3410,The Avengers,2012-06-16,391473,3640696.05,2012,6,Saturday,True
3410,The Avengers,2012-06-17,368675,3428678.42,2012,6,Sunday,True
3410,The Avengers,2012-06-18,224003,2083230.8,2012,6,Monday,False
3410,The Avengers,2012-06-19,210958,1961912.88,2012,6,Tuesday,False
3410,The Avengers,2012-06-20,198673,1847659.97,2012,6,Wednesday,False
3410,The Avengers,2012-06-21,187103,1740060.63,2012,6,Thursday,False
3410,The Avengers,2012-06-22,220259,2048409.23,2012,6,Friday,False
3410,The Avengers,2012-06-23,257216,2392107.76,2012,6,Saturday,True
3410,The Avengers,2012-06-24,242237,2252802.25,2012,6,Sunday,True
3410,The Avengers,2012-06-25,147181,1368780.17,2012,6,Monday,False
3410,The Avengers,2012-06-26,138610,1289068.62,2012,6,Tuesday,False
3410,The Avengers,2012-06-27,130538,1213999.11,2012,6,Wednesday,False
3410,The Avengers,2012-06-28,122936,1143301.3,2012,6,Thursday,False
3418,Star Wars: The Last Jedi,2017-12-15,4145155,38549943.94,2017,12,Friday,False
3418,Star Wars: The Last Jedi,2017-12-16,4840663,45018162.77,2017,12,Saturday,True
3418,Star Wars: The Last Jedi,2017-12-17,4558764,42396509.06,2017,12,Sunday,True
3418,Star Wars: The Last Jedi,2017-12-18,2769860,25759695.86,2017,12,Monday,False
3418,Star Wars: The Last Jedi,2017-12-19,2608556,24259567.96,2017,12,Tuesday,False
3418,Star Wars: The Last Jedi,2017-12-20,2456645,22846800.7,2017,12,Wednesday,False
3418,Star Wars: The Last Jedi,2017-12-21,2313581,21516306.61,2017,12,Thursday,False
3418,Star Wars: The Last Jedi,2017-12-22,2723561,25329118.07,2017,12,Friday,False
3418,Star Wars: The Last Jedi,2017-12-23,3180542,29579040.68,2017,12,Saturday,True
3418,Star Wars: The Last Jedi,2017-12-24,2995322,27856491.45,2017,12,Sunday,True
3418,Star Wars: The Last Jedi,2017-12-25,1819928,16925326.24,2017,12,Monday,False
3418,Star Wars: The Last Jedi,2017-12-26,1713943,15939671.98,2017,12,Tuesday,False
3418,Star Wars: The Last Jedi,2017-12-27,1614131,15011417.74,2017,12,Wednesday,False
3418,Star Wars: The Last Jedi,2017-12-28,1520131,14137220.83,2017,12,Thursday,False
3418,Star Wars: The Last Jedi,2017-12-29,1789507,16642416.48,2017,12,Friday,False
3418,Star Wars: The Last Jedi,2017-12-30,2089765,19434814.61,2017,12,Saturday,True
3418,Star Wars: The Last Jedi,2017-12-31,1968067,18303019.12,2017,12,Sunday,True
3418,Star Wars: The Last Jedi,2018-01-01,1195778,11120731.78,2018,1,Monday,False
3418,Star Wars: The Last Jedi,2018-01-02,1126141,10473110.78,2018,1,Tuesday,False
3418,Star Wars: The Last Jedi,2018-01-03,1060560,9863204.29,2018,1,Wednesday,False
3418,Star Wars: The Last Jedi,2018-01-04,998797,9288815.99,2018,1,Thursday,False
3418,Star Wars: The Last Jedi,2018-01-05,1175790,10934846.82,2018,1,Friday,False
3418,Star Wars: The Last Jedi,2018-01-06,1373073,12769583.13,2018,1,Saturday,True
3418,Star Wars: The Last Jedi,2018-01-07,1293112,12025940.51,2018,1,Sunday,True
3418,Star Wars: The Last Jedi,2018-01-08,785682,7306841.45,2018,1,Monday,False
3418,Star Wars: The Last Jedi,2018-01-09,739927,6881324.13,2018,1,Tuesday,False
3418,Star Wars: The Last Jedi,2018-01-10,696837,6480587.01,2018,1,Wednesday,False
3418,Star Wars: The Last Jedi,2018-01-11,656257,6103187.0,2018,1,Thursday,False
3418,Star Wars: The Last Jedi,2018-01-12,772549,7184706.33,2018,1,Friday,False
3418,Star Wars: The Last Jedi,2018-01-13,902174,8390213.99,2018,1,Saturday,True
3418,Star Wars: The Last Jedi,2018-01-14,849635,7901605.96,2018,1,Sunday,True
3418,Star Wars: The Last Jedi,2018-01-15,516230,4800936.94,2018,1,Monday,False
3418,Star Wars: The Last Jedi,2018-01-16,486167,4521352.14,2018,1,Tuesday,False
3418,Star Wars: The Last Jedi,2018-01-17,457855,4258049.09,2018,1,Wednesday,False
3418,Star Wars: The Last Jedi,2018-01-18,431191,4010079.61,2018,1,Thursday,False
3418,Star Wars: The Last Jedi,2018-01-19,507601,4720688.44,2018,1,Friday,False
3418,Star Wars: The Last Jedi,2018-01-20,592770,5512763.42,2018,1,Saturday,True
3418,Star Wars: The Last Jedi,2018-01-21,558250,5191725.07,2018,1,Sunday,True
3418,Star Wars: The Last Jedi,2018-01-22,339187,3154440.35,2018,1,Monday,False
3418,Star Wars: The Last Jedi,2018-01-23,319434,2970740.04,2018,1,Tuesday,False
3418,Star Wars: The Last Jedi,2018-01-24,300832,2797737.61,2018,1,Wednesday,False
3418,Star Wars: The Last Jedi,2018-01-25,283313,2634810.06,2018,1,Thursday,False
3418,Star Wars: The Last Jedi,2018-01-26,333518,3101713.33,2018,1,Friday,False
3418,Star Wars: The Last Jedi,2018-01-27,389478,3622143.67,2018,1,Saturday,True
3418,Star Wars: The Last Jedi,2018-01-28,366796,3411206.45,2018,1,Sunday,True
3418,Star Wars: The Last Jedi,2018-01-29,222862,2072615.0,2018,1,Monday,False
3418,Star Wars: The Last Jedi,2018-01-30,209883,1951915.3,2018,1,Tuesday,False
3418,Star Wars: The Last Jedi,2018-01-31,197661,1838244.6,2018,1,Wednesday,False
3418,Star Wars: The Last Jedi,2018-02-01,186150,1731193.57,2018,2,Thursday,False
3418,Star Wars: The Last Jedi,2018-02-02,219137,2037970.88,2018,2,Friday,False
3418,Star Wars: The Last Jedi,2018-02-03,255905,2379917.98,2018,2,Saturday,True
3418,Star Wars: The Last Jedi,2018-02-04,241002,2241322.35,2018,2,Sunday,True
3418,Star Wars: The Last Jedi,2018-02-05,146431,1361805.09,2018,2,Monday,False
3418,Star Wars: The Last Jedi,2018-02-06,137903,1282499.74,2018,2,Tuesday,False
3418,Star Wars: The Last Jedi,2018-02-07,129872,1207812.77,2018,2,Wednesday,False
3418,Star Wars: The Last Jedi,2018-02-08,122309,1137475.23,2018,2,Thursday,False
3421,Incredibles 2,2018-06-15,3602754,37828920.37,2018,6,Friday,False
3421,Incredibles 2,2018-06-16,4207253,44176160.08,2018,6,Saturday,True
3421,Incredibles 2,2018-06-17,3962242,41603540.79,2018,6,Sunday,True
3421,Incredibles 2,2018-06-18,2407419,25277896.25,2018,6,Monday,False
3421,Incredibles 2,2018-06-19,2267222,23805826.17,2018,6,Tuesday,False
3421,Incredibles 2,2018-06-20,2135189,22419482.78,2018,6,Wednesday,False
3421,Incredibles 2,2018-06-21,2010845,21113873.75,2018,6,Thursday,False
3421,Incredibles 2,2018-06-22,2367178,24855371.83,2018,6,Friday,False
3421,Incredibles 2,2018-06-23,2764362,29025805.49,2018,6,Saturday,True
3421,Incredibles 2,2018-06-24,2603378,27335474.17,2018,6,Sunday,True
3421,Incredibles 2,2018-06-25,1581787,16608761.34,2018,6,Monday,False
3421,Incredibles 2,2018-06-26,1489671,15641542.38,2018,6,Tuesday,False
3421,Incredibles 2,2018-06-27,1402919,14730649.86,2018,6,Wednesday,False
3421,Incredibles 2,2018-06-28,1321219,13872803.6,2018,6,Thursday,False
3421,Incredibles 2,2018-06-29,1555347,16331143.01,2018,6,Friday,False
3421,Incredibles 2,2018-06-30,1816316,19071313.19,2018,6,Saturday,True
3421,Incredibles 2,2018-07-01,1710542,17960686.37,2018,7,Sunday,True
3421,Incredibles 2,2018-07-02,1039308,10912733.82,2018,7,Monday,False
3421,Incredibles 2,2018-07-03,978783,10277225.68,2018,7,Tuesday,False
3421,Incredibles 2,2018-07-04,921783,9678726.65,2018,7,Wednesday,False
3421,Incredibles 2,2018-07-05,868103,9115081.49,2018,7,Thursday,False
3421,Incredibles 2,2018-07-06,1021936,10730325.58,2018,7,Friday,False
3421,Incredibles 2,2018-07-07,1193404,12530745.68,2018,7,Saturday,True
3421,Incredibles 2,2018-07-08,1123906,11801011.86,2018,7,Sunday,True
3421,Incredibles 2,2018-07-09,682874,7170177.05,2018,7,Monday,False
3421,Incredibles 2,2018-07-10,643107,6752618.45,2018,7,Tuesday,False
3421,Incredibles 2,2018-07-11,605655,6359376.56,2018,7,Wednesday,False
3421,Incredibles 2,2018-07-12,570384,5989035.3,2018,7,Thursday,False
3421,Incredibles 2,2018-07-13,671460,7050326.3,2018,7,Friday,False
3421,Incredibles 2,2018-07-14,784123,8233286.6,2018,7,Saturday,True
3421,Incredibles 2,2018-07-15,738459,7753817.31,2018,7,Sunday,True
3421,Incredibles 2,2018-07-16,448680,4711142.03,2018,7,Monday,False
3421,Incredibles 2,2018-07-17,422551,4436786.48,2018,7,Tuesday,False
3421,Incredibles 2,2018-07-18,397944,4178408.15,2018,7,Wednesday,False
3421,Incredibles 2,2018-07-19,374769,3935076.6,2018,7,Thursday,False
3421,Incredibles 2,2018-07-20,441180,4632394.47,2018,7,Friday,False
3421,Incredibles 2,2018-07-21,515205,5409654.78,2018,7,Saturday,True
3421,Incredibles 2,2018-07-22,485202,5094621.01,2018,7,Sunday,True
3421,Incredibles 2,2018-07-23,294804,3095440.89,2018,7,Monday,False
3421,Incredibles 2,2018-07-24,277636,2915176.44,2018,7,Tuesday,False
3421,Incredibles 2,2018-07-25,261468,2745409.78,2018,7,Wednesday,False
3421,Incredibles 2,2018-07-26,246241,2585529.57,2018,7,Thursday,False
3421,Incredibles 2,2018-07-27,289876,3043700.06,2018,7,Friday,False
3421,Incredibles 2,2018-07-28,338514,3554396.47,2018,7,Saturday,True
3421,Incredibles 2,2018-07-29,318800,3347404.53,2018,7,Sunday,True
3421,Incredibles 2,2018-07-30,193700,2033849.59,2018,7,Monday,False
3421,Incredibles 2,2018-07-31,182420,1915407.41,2018,7,Tuesday,False
3421,Incredibles 2,2018-08-01,171796,1803862.77,2018,8,Wednesday,False
3421,Incredibles 2,2018-08-02,161792,1698813.98,2018,8,Thursday,False
3421,Incredibles 2,2018-08-03,190462,1999853.44,2018,8,Friday,False
3421,Incredibles 2,2018-08-04,222420,2335404.9,2018,8,Saturday,True
3421,Incredibles 2,2018-08-05,209467,2199401.5,2018,8,Sunday,True
3421,Incredibles 2,2018-08-06,127270,1336334.41,2018,8,Monday,False
3421,Incredibles 2,2018-08-07,119858,1258512.35,2018,8,Tuesday,False
3421,Incredibles 2,2018-08-08,112878,1185222.3,2018,8,Wednesday,False
3421,Incredibles 2,2018-08-09,106305,1116200.32,2018,8,Thursday,False
3453,Super Mario Bros. Movie,2023-04-05,2778065,29169682.89,2023,4,Wednesday,False
3453,Super Mario Bros. Movie,2023-04-06,2616283,27470972.8,2023,4,Thursday,False
3453,Super Mario Bros. Movie,2023-04-07,3079903,32338984.86,2023,4,Friday,False
3453,Super Mario Bros. Movie,2023-04-08,3596674,37765079.15,2023,4,Saturday,True
3453,Super Mario Bros. Movie,2023-04-09,3387220,35565812.15,2023,4,Sunday,True
3453,Super Mario Bros. Movie,2023-04-10,2058041,21609432.58,2023,4,Monday,False
3453,Super Mario Bros. Movie,2023-04-11,1938190,20350997.19,2023,4,Tuesday,False
3453,Super Mario Bros. Movie,2023-04-12,1825319,19165847.38,2023,4,Wednesday,False
3453,Super Mario Bros. Movie,2023-04-13,1719021,18049715.32,2023,4,Thursday,False
3453,Super Mario Bros. Movie,2023-04-14,2023641,21248227.16,2023,4,Friday,False
3453,Super Mario Bros. Movie,2023-04-15,2363183,24813425.16,2023,4,Saturday,True
3453,Super Mario Bros. Movie,2023-04-16,2225562,23368403.77,2023,4,Sunday,True
3453,Super Mario Bros. Movie,2023-04-17,1352229,14198408.95,2023,4,Monday,False
3453,Super Mario Bros. Movie,2023-04-18,1273482,13371557.98,2023,4,Tuesday,False
3453,Super Mario Bros. Movie,2023-04-19,1199320,12592859.07,2023,4,Wednesday,False
3453,Super Mario Bros. Movie,2023-04-20,1129477,11859508.05,2023,4,Thursday,False
3453,Super Mario Bros. Movie,2023-04-21,1329627,13961080.08,2023,4,Friday,False
3453,Super Mario Bros. Movie,2023-04-22,1552722,16303582.09,2023,4,Saturday,True
3453,Super Mario Bros. Movie,2023-04-23,1462299,15354135.38,2023,4,Sunday,True
3453,Super Mario Bros. Movie,2023-04-24,888478,9329019.45,2023,4,Monday,False
3453,Super Mario Bros. Movie,2023-04-25,836737,8785739.65,2023,4,Tuesday,False
3453,Super Mario Bros. Movie,2023-04-26,788009,8274098.0,2023,4,Wednesday,False
3453,Super Mario Bros. Movie,2023-04-27,742119,7792252.05,2023,4,Thursday,False
3453,Super Mario Bros. Movie,2023-04-28,873627,9173083.27,2023,4,Friday,False
3453,Super Mario Bros. Movie,2023-04-29,1020211,10712216.76,2023,4,Saturday,True
3453,Super Mario Bros. Movie,2023-04-30,960799,10088385.82,2023,4,Sunday,True
3453,Super Mario Bros. Movie,2023-05-01,583772,6129602.56,2023,5,Monday,False
3453,Super Mario Bros. Movie,2023-05-02,549775,5772642.3,2023,5,Tuesday,False
3453,Super Mario Bros. Movie,2023-05-03,517759,5436469.78,2023,5,Wednesday,False
3453,Super Mario Bros. Movie,2023-05-04,487607,5119874.43,2023,5,Thursday,False
3453,Super Mario Bros. Movie,2023-05-05,574014,6027145.19,2023,5,Friday,False
3453,Super Mario Bros. Movie,2023-05-06,670326,7038427.96,2023,5,Saturday,True
3453,Super Mario Bros. Movie,2023-05-07,631290,6628541.82,2023,5,Sunday,True
3453,Super Mario Bros. Movie,2023-05-08,383565,4027435.87,2023,5,Monday,False
3453,Super Mario Bros. Movie,2023-05-09,361228,3792896.26,2023,5,Tuesday,False
3453,Super Mario Bros. Movie,2023-05-10,340192,3572015.18,2023,5,Wednesday,False
3453,Super Mario Bros. Movie,2023-05-11,320381,3363997.21,2023,5,Thursday,False
3453,Super Mario Bros. Movie,2023-05-12,377154,3960116.58,2023,5,Friday,False
3453,Super Mario Bros. Movie,2023-05-13,440436,4624576.71,2023,5,Saturday,True
3453,Super Mario Bros. Movie,2023-05-14,414787,4355262.32,2023,5,Sunday,True
3453,Super Mario Bros. Movie,2023-05-15,252020,2646213.93,2023,5,Monday,False
3453,Super Mario Bros. Movie,2023-05-16,237344,2492110.43,2023,5,Tuesday,False
3453,Super Mario Bros. Movie,2023-05-17,223522,2346981.21,2023,5,Wednesday,False
3453,Super Mario Bros. Movie,2023-05-18,210505,2210303.67,2023,5,Thursday,False
3453,Super Mario Bros. Movie,2023-05-19,247808,2601982.0,2023,5,Friday,False
3453,Super Mario Bros. Movie,2023-05-20,289387,3038563.42,2023,5,Saturday,True
3453,Super Mario Bros. Movie,2023-05-21,272534,2861611.26,2023,5,Sunday,True
3453,Super Mario Bros. Movie,2023-05-22,165589,1738686.45,2023,5,Monday,False
3453,Super Mario Bros. Movie,2023-05-23,155946,1637433.23,2023,5,Tuesday,False
3453,Super Mario Bros. Movie,2023-05-24,146864,1542076.54,2023,5,Wednesday,False
3453,Super Mario Bros. Movie,2023-05-25,138312,1452273.0,2023,5,Thursday,False
3453,Super Mario Bros. Movie,2023-05-26,162821,1709624.0,2023,5,Friday,False
3453,Super Mario Bros. Movie,2023-05-27,190141,1996478.43,2023,5,Saturday,True
3453,Super Mario Bros. Movie,2023-05-28,179068,1880212.58,2023,5,Sunday,True
3453,Super Mario Bros. Movie,2023-05-29,108800,1142398.4,2023,5,Monday,False
3453,Super Mario Bros. Movie,2023-05-30,102464,1075870.3,2023,5,Tuesday,False
3409,The Lion King (2019),2019-07-19,3796862,33792075.5,2019,7,Friday,False
3409,The Lion King (2019),2019-07-20,4433930,39461980.99,2019,7,Saturday,True
3409,The Lion King (2019),2019-07-21,4175718,37163894.12,2019,7,Sunday,True
3409,The Lion King (2019),2019-07-22,2537125,22580411.23,2019,7,Monday,False
3409,The Lion King (2019),2019-07-23,2389374,21265430.45,2019,7,Tuesday,False
3409,The Lion King (2019),2019-07-24,2250228,20027028.19,2019,7,Wednesday,False
3409,The Lion King (2019),2019-07-25,2119185,18860744.87,2019,7,Thursday,False
3409,The Lion King (2019),2019-07-26,2494716,22202975.74,2019,7,Friday,False
3409,The Lion King (2019),2019-07-27,2913300,25928369.11,2019,7,Saturday,True
3409,The Lion King (2019),2019-07-28,2743643,24418418.44,2019,7,Sunday,True
3409,The Lion King (2019),2019-07-29,1667010,14836387.39,2019,7,Monday,False
3409,The Lion King (2019),2019-07-30,1569931,13972383.45,2019,7,Tuesday,False
3409,The Lion King (2019),2019-07-31,1478505,13158695.18,2019,7,Wednesday,False
3409,The Lion King (2019),2019-08-01,1392404,12392392.43,2019,8,Thursday,False
3409,The Lion King (2019),2019-08-02,1639145,14588394.6,2019,8,Friday,False
3409,The Lion King (2019),2019-08-03,1914174,17036152.47,2019,8,Saturday,True
3409,The Lion King (2019),2019-08-04,1802702,16044044.18,2019,8,Sunday,True
3409,The Lion King (2019),2019-08-05,1095304,9748201.15,2019,8,Monday,False
3409,The Lion King (2019),2019-08-06,1031518,9180510.11,2019,8,Tuesday,False
3409,The Lion King (2019),2019-08-07,971447,8645878.82,2019,8,Wednesday,False
3409,The Lion King (2019),2019-08-08,914874,8142382.04,2019,8,Thursday,False
3409,The Lion King (2019),2019-08-09,1076995,9585258.28,2019,8,Friday,False
3409,The Lion King (2019),2019-08-10,1257702,11193549.8,2019,8,Saturday,True
3409,The Lion King (2019),2019-08-11,1184459,10541688.21,2019,8,Sunday,True
3409,The Lion King (2019),2019-08-12,719666,6405024.57,2019,8,Monday,False
3409,The Lion King (2019),2019-08-13,677756,6032024.97,2019,8,Tuesday,False
3409,The Lion King (2019),2019-08-14,638286,5680747.19,2019,8,Wednesday,False
3409,The Lion King (2019),2019-08-15,601115,5349926.22,2019,8,Thursday,False
3409,The Lion King (2019),2019-08-16,707636,6297963.47,2019,8,Friday,False
3409,The Lion King (2019),2019-08-17,826369,7354686.3,2019,8,Saturday,True
3409,The Lion King (2019),2019-08-18,778245,6926382.71,2019,8,Sunday,True
3409,The Lion King (2019),2019-08-19,472854,4208401.02,2019,8,Monday,False
3409,The Lion King (2019),2019-08-20,445317,3963322.83,2019,8,Tuesday,False
3409,The Lion King (2019),2019-08-21,419384,3732516.87,2019,8,Wednesday,False
3409,The Lion King (2019),2019-08-22,394961,3515152.01,2019,8,Thursday,False
3409,The Lion King (2019),2019-08-23,464950,4138056.87,2019,8,Friday,False
3409,The Lion King (2019),2019-08-24,542963,4832373.24,2019,8,Saturday,True
3409,The Lion King (2019),2019-08-25,511344,4550957.73,2019,8,Sunday,True
3409,The Lion King (2019),2019-08-26,310687,2765116.51,2019,8,Monday,False
3409,The Lion King (2019),2019-08-27,292594,2604088.66,2019,8,Tuesday,False
3409,The Lion King (2019),2019-08-28,275555,2452438.34,2019,8,Wednesday,False
3409,The Lion King (2019),2019-08-29,259508,2309619.45,2019,8,Thursday,False
3409,The Lion King (2019),2019-08-30,305494,2718897.11,2019,8,Friday,False
3409,The Lion King (2019),2019-08-31,356752,3175095.47,2019,8,Saturday,True
3409,The Lion King (2019),2019-09-01,335977,2990192.31,2019,9,Sunday,True
3409,The Lion King (2019),2019-09-02,204136,1816811.01,2019,9,Monday,False
3409,The Lion King (2019),2019-09-03,192248,1711008.17,2019,9,Tuesday,False
3409,The Lion King (2019),2019-09-04,181052,1611366.81,2019,9,Wednesday,False
3409,The Lion King (2019),2019-09-05,170509,1517528.11,2019,9,Thursday,False
3409,The Lion King (2019),2019-09-06,200724,1786442.7,2019,9,Friday,False
3409,The Lion King (2019),2019-09-07,234403,2086186.38,2019,9,Saturday,True
3409,The Lion King (2019),2019-09-08,220752,1964696.35,2019,9,Sunday,True
3409,The Lion King (2019),2019-09-09,134127,1193729.9,2019,9,Monday,False
3409,The Lion King (2019),2019-09-10,126316,1124212.48,2019,9,Tuesday,False
3409,The Lion King (2019),2019-09-11,118960,1058743.44,2019,9,Wednesday,False
3409,The Lion King (2019),2019-09-12,112032,997087.02,2019,9,Thursday,False
3425,The Dark Knight,2008-07-18,3736443,33254338.79,2008,7,Friday,False
3425,The Dark Knight,2008-07-19,4363373,38834018.51,2008,7,Saturday,True
3425,The Dark Knight,2008-07-20,4109270,36572501.33,2008,7,Sunday,True
3425,The Dark Knight,2008-07-21,2496751,22221086.87,2008,7,Monday,False
3425,The Dark Knight,2008-07-22,2351352,20927031.52,2008,7,Tuesday,False
3425,The Dark Knight,2008-07-23,2214420,19708336.07,2008,7,Wednesday,False
3425,The Dark Knight,2008-07-24,2085462,18560611.93,2008,7,Thursday,False
3425,The Dark Knight,2008-07-25,2455018,21849657.55,2008,7,Friday,False
3425,The Dark Knight,2008-07-26,2866940,25515768.36,2008,7,Saturday,True
3425,The Dark Knight,2008-07-27,2699983,24029845.69,2008,7,Sunday,True
3425,The Dark Knight,2008-07-28,1640483,14600294.46,2008,7,Monday,False
3425,The Dark Knight,2008-07-29,1544948,13750039.51,2008,7,Tuesday,False
3425,The Dark Knight,2008-07-30,1454977,12949299.54,2008,7,Wednesday,False
3425,The Dark Knight,2008-07-31,1370246,12195191.04,2008,7,Thursday,False
3425,The Dark Knight,2008-08-01,1613062,14356248.01,2008,8,Friday,False
3425,The Dark Knight,2008-08-02,1883714,16765054.46,2008,8,Saturday,True
3425,The Dark Knight,2008-08-03,1774015,15788733.69,2008,8,Sunday,True
3425,The Dark Knight,2008-08-04,1077874,9593077.05,2008,8,Monday,False
3425,The Dark Knight,2008-08-05,1015103,9034419.73,2008,8,Tuesday,False
3425,The Dark Knight,2008-08-06,955988,8508296.08,2008,8,Wednesday,False
3425,The Dark Knight,2008-08-07,900316,8012811.49,2008,8,Thursday,False
3425,The Dark Knight,2008-08-08,1059857,9432727.1,2008,8,Friday,False
3425,The Dark Knight,2008-08-09,1237688,11015425.71,2008,8,Saturday,True
3425,The Dark Knight,2008-08-10,1165611,10373937.26,2008,8,Sunday,True
3425,The Dark Knight,2008-08-11,708214,6303100.76,2008,8,Monday,False
3425,The Dark Knight,2008-08-12,666970,5936036.75,2008,8,Tuesday,False
3425,The Dark Knight,2008-08-13,628129,5590348.88,2008,8,Wednesday,False
3425,The Dark Knight,2008-08-14,591550,5264792.31,2008,8,Thursday,False
3425,The Dark Knight,2008-08-15,696376,6197743.34,2008,8,Friday,False
3425,The Dark Knight,2008-08-16,813219,7237650.43,2008,8,Saturday,True
3425,The Dark Knight,2008-08-17,765861,6816162.49,2008,8,Sunday,True
3425,The Dark Knight,2008-08-18,465329,4141432.31,2008,8,Monday,False
3425,The Dark Knight,2008-08-19,438231,3900254.07,2008,8,Tuesday,False
3425,The Dark Knight,2008-08-20,412710,3673120.96,2008,8,Wednesday,False
3425,The Dark Knight,2008-08-21,388676,3459215.04,2008,8,Thursday,False
3425,The Dark Knight,2008-08-22,457551,4072207.55,2008,8,Friday,False
3425,The Dark Knight,2008-08-23,534323,4755475.2,2008,8,Saturday,True
3425,The Dark Knight,2008-08-24,503207,4478537.88,2008,8,Sunday,True
3425,The Dark Knight,2008-08-25,305743,2721114.93,2008,8,Monday,False
3425,The Dark Knight,2008-08-26,287938,2562649.53,2008,8,Tuesday,False
3425,The Dark Knight,2008-08-27,271170,2413412.44,2008,8,Wednesday,False
3425,The Dark Knight,2008-08-28,255378,2272866.24,2008,8,Thursday,False
3425,The Dark Knight,2008-08-29,300633,2675631.02,2008,8,Friday,False
3425,The Dark Knight,2008-08-30,351075,3124569.86,2008,8,Saturday,True
3425,The Dark Knight,2008-08-31,330630,2942609.07,2008,8,Sunday,True
3425,The Dark Knight,2008-09-01,200888,1787899.91,2008,9,Monday,False
3425,The Dark Knight,2008-09-02,189189,1683780.73,2008,9,Tuesday,False
3425,The Dark Knight,2008-09-03,178171,1585724.97,2008,9,Wednesday,False
3425,The Dark Knight,2008-09-04,167795,1493379.54,2008,9,Thursday,False
3425,The Dark Knight,2008-09-05,197530,1758014.85,2008,9,Friday,False
3425,The Dark Knight,2008-09-06,230673,2052988.69,2008,9,Saturday,True
3425,The Dark Knight,2008-09-07,217240,1933431.93,2008,9,Sunday,True
3425,The Dark Knight,2008-09-08,131993,1174733.95,2008,9,Monday,False
3425,The Dark Knight,2008-09-09,124306,1106322.77,2008,9,Tuesday,False
3425,The Dark Knight,2008-09-10,117067,1041895.55,2008,9,Wednesday,False
3425,The Dark Knight,2008-09-11,110249,981220.28,2008,9,Thursday,False
3433,Rogue One: A Star Wars Story,2016-12-16,3716819,33079687.01,2016,12,Friday,False
3433,Rogue One: A Star Wars Story,2016-12-17,4340456,38630062.25,2016,12,Saturday,True
3433,Rogue One: A Star Wars Story,2016-12-18,4087688,36380422.56,2016,12,Sunday,True
3433,Rogue One: A Star Wars Story,2016-12-19,2483638,22104381.73,2016,12,Monday,False
3433,Rogue One: A Star Wars Story,2016-12-20,2339003,20817122.75,2016,12,Tuesday,False
3433,Rogue One: A Star Wars Story,2016-12-21,2202790,19604827.9,2016,12,Wednesday,False
3433,Rogue One: A Star Wars Story,2016-12-22,2074509,18463131.6,2016,12,Thursday,False
3433,Rogue One: A Star Wars Story,2016-12-23,2442124,21734903.15,2016,12,Friday,False
3433,Rogue One: A Star Wars Story,2016-12-24,2851883,25381759.55,2016,12,Saturday,True
3433,Rogue One: A Star Wars Story,2016-12-25,2685802,23903640.95,2016,12,Sunday,True
3433,Rogue One: A Star Wars Story,2016-12-26,1631867,14523613.72,2016,12,Monday,False
3433,Rogue One: A Star Wars Story,2016-12-27,1536834,13677824.3,2016,12,Tuesday,False
3433,Rogue One: A Star Wars Story,2016-12-28,1447336,12881289.82,2016,12,Wednesday,False
3433,Rogue One: A Star Wars Story,2016-12-29,1363050,12131141.9,2016,12,Thursday,False
3433,Rogue One: A Star Wars Story,2016-12-30,1604590,14280848.99,2016,12,Friday,False
3433,Rogue One: A Star Wars Story,2016-12-31,1873821,16677004.39,2016,12,Saturday,True
3433,Rogue One: A Star Wars Story,2017-01-01,1764698,15705811.27,2017,1,Sunday,True
3433,Rogue One: A Star Wars Story,2017-01-02,1072213,9542694.21,2017,1,Monday,False
3433,Rogue One: A Star Wars Story,2017-01-03,1009772,8986970.96,2017,1,Tuesday,False
3433,Rogue One: A Star Wars Story,2017-01-04,950967,8463610.51,2017,1,Wednesday,False
3433,Rogue One: A Star Wars Story,2017-01-05,895587,7970728.21,2017,1,Thursday,False
3433,Rogue One: A Star Wars Story,2017-01-06,1054291,9383186.42,2017,1,Friday,False
3433,Rogue One: A Star Wars Story,2017-01-07,1231188,10957572.7,2017,1,Saturday,True
3433,Rogue One: A Star Wars Story,2017-01-08,1159489,10319453.34,2017,1,Sunday,True
3433,Rogue One: A Star Wars Story,2017-01-09,704494,6269996.88,2017,1,Monday,False
3433,Rogue One: A Star Wars Story,2017-01-10,663467,5904860.69,2017,1,Tuesday,False
3433,Rogue One: A Star Wars Story,2017-01-11,624830,5560988.37,2017,1,Wednesday,False
3433,Rogue One: A Star Wars Story,2017-01-12,588443,5237141.62,2017,1,Thursday,False
3433,Rogue One: A Star Wars Story,2017-01-13,692718,6165192.79,2017,1,Friday,False
3433,Rogue One: A Star Wars Story,2017-01-14,808948,7199638.3,2017,1,Saturday,True
3433,Rogue One: A Star Wars Story,2017-01-15,761839,6780364.0,2017,1,Sunday,True
3433,Rogue One: A Star Wars Story,2017-01-16,462886,4119681.51,2017,1,Monday,False
3433,Rogue One: A Star Wars Story,2017-01-17,435929,3879769.94,2017,1,Tuesday,False
3433,Rogue One: A Star Wars Story,2017-01-18,410543,3653829.72,2017,1,Wednesday,False
3433,Rogue One: A Star Wars Story,2017-01-19,386635,3441047.25,2017,1,Thursday,False
3433,Rogue One: A Star Wars Story,2017-01-20,455148,4050820.32,2017,1,Friday,False
3433,Rogue One: A Star Wars Story,2017-01-21,531517,4730499.45,2017,1,Saturday,True
3433,Rogue One: A Star Wars Story,2017-01-22,500564,4455016.6,2017,1,Sunday,True
3433,Rogue One: A Star Wars Story,2017-01-23,304137,2706823.64,2017,1,Monday,False
3433,Rogue One: A Star Wars Story,2017-01-24,286426,2549190.5,2017,1,Tuesday,False
3433,Rogue One: A Star Wars Story,2017-01-25,269746,2400737.2,2017,1,Wednesday,False
3433,Rogue One: A Star Wars Story,2017-01-26,254037,2260929.15,2017,1,Thursday,False
3433,Rogue One: A Star Wars Story,2017-01-27,299054,2661578.61,2017,1,Friday,False
3433,Rogue One: A Star Wars Story,2017-01-28,349231,3108159.62,2017,1,Saturday,True
3433,Rogue One: A Star Wars Story,2017-01-29,328894,2927154.49,2017,1,Sunday,True
3433,Rogue One: A Star Wars Story,2017-01-30,199833,1778509.86,2017,1,Monday,False
3433,Rogue One: A Star Wars Story,2017-01-31,188195,1674937.51,2017,1,Tuesday,False
3433,Rogue One: A Star Wars Story,2017-02-01,177236,1577396.74,2017,2,Wednesday,False
3433,Rogue One: A Star Wars Story,2017-02-02,166914,1485536.31,2017,2,Thursday,False
3433,Rogue One: A Star Wars Story,2017-02-03,196492,1748781.76,2017,2,Friday,False
3433,Rogue One: A Star Wars Story,2017-02-04,229461,2042206.39,2017,2,Saturday,True
3433,Rogue One: A Star Wars Story,2017-02-05,216099,1923277.55,2017,2,Sunday,True
3433,Rogue One: A Star Wars Story,2017-02-06,131299,1168564.25,2017,2,Monday,False
3433,Rogue One: A Star Wars Story,2017-02-07,123653,1100512.36,2017,2,Tuesday,False
3433,Rogue One: A Star Wars Story,2017-02-08,116452,1036423.51,2017,2,Wednesday,False
3433,Rogue One: A Star Wars Story,2017-02-09,109670,976066.91,2017,2,Thursday,False
3420,Beauty and the Beast (2017),2017-03-17,3101890,31329089.15,2017,3,Friday,False
3420,Beauty and the Beast (2017),2017-03-18,3622350,36585735.04,2017,3,Saturday,True
3420,Beauty and the Beast (2017),2017-03-19,3411401,34455147.69,2017,3,Sunday,True
3420,Beauty and the Beast (2017),2017-03-20,2072733,20934603.93,2017,3,Monday,False
3420,Beauty and the Beast (2017),2017-03-21,1952026,19715467.51,2017,3,Tuesday,False
3420,Beauty and the Beast (2017),2017-03-22,1838349,18567328.06,2017,3,Wednesday,False
3420,Beauty and the Beast (2017),2017-03-23,1731292,17486051.05,2017,3,Thursday,False
3420,Beauty and the Beast (2017),2017-03-24,2038087,20584678.39,2017,3,Friday,False
3420,Beauty and the Beast (2017),2017-03-25,2380054,24038540.86,2017,3,Saturday,True
3420,Beauty and the Beast (2017),2017-03-26,2241450,22638645.22,2017,3,Sunday,True
3420,Beauty and the Beast (2017),2017-03-27,1361883,13755014.94,2017,3,Monday,False
3420,Beauty and the Beast (2017),2017-03-28,1282573,12953985.23,2017,3,Tuesday,False
3420,Beauty and the Beast (2017),2017-03-29,1207882,12199603.86,2017,3,Wednesday,False
3420,Beauty and the Beast (2017),2017-03-30,1137540,11489154.24,2017,3,Thursday,False
3420,Beauty and the Beast (2017),2017-03-31,1339119,13525097.48,2017,3,Friday,False
3420,Beauty and the Beast (2017),2017-04-01,1563807,15794446.82,2017,4,Saturday,True
3420,Beauty and the Beast (2017),2017-04-02,1472738,14874649.85,2017,4,Sunday,True
3420,Beauty and the Beast (2017),2017-04-03,894821,9037688.82,2017,4,Monday,False
3420,Beauty and the Beast (2017),2017-04-04,842710,8511374.8,2017,4,Tuesday,False
3420,Beauty and the Beast (2017),2017-04-05,793635,8015710.92,2017,4,Wednesday,False
3420,Beauty and the Beast (2017),2017-04-06,747417,7548912.25,2017,4,Thursday,False
3420,Beauty and the Beast (2017),2017-04-07,879864,8886622.28,2017,4,Friday,False
3420,Beauty and the Beast (2017),2017-04-08,1027494,10377691.06,2017,4,Saturday,True
3420,Beauty and the Beast (2017),2017-04-09,967658,9773341.38,2017,4,Sunday,True
3420,Beauty and the Beast (2017),2017-04-10,587939,5938184.7,2017,4,Monday,False
3420,Beauty and the Beast (2017),2017-04-11,553700,5592371.74,2017,4,Tuesday,False
3420,Beauty and the Beast (2017),2017-04-12,521455,5266697.37,2017,4,Wednesday,False
3420,Beauty and the Beast (2017),2017-04-13,491088,4959988.79,2017,4,Thursday,False
3420,Beauty and the Beast (2017),2017-04-14,578112,5838926.91,2017,4,Friday,False
3420,Beauty and the Beast (2017),2017-04-15,675112,6818628.91,2017,4,Saturday,True
3420,Beauty and the Beast (2017),2017-04-16,635796,6421542.87,2017,4,Sunday,True
3420,Beauty and the Beast (2017),2017-04-17,386304,3901665.37,2017,4,Monday,False
3420,Beauty and the Beast (2017),2017-04-18,363807,3674450.07,2017,4,Tuesday,False
3420,Beauty and the Beast (2017),2017-04-19,342620,3460466.76,2017,4,Wednesday,False
3420,Beauty and the Beast (2017),2017-04-20,322668,3258944.86,2017,4,Thursday,False
3420,Beauty and the Beast (2017),2017-04-21,379846,3836448.36,2017,4,Friday,False
3420,Beauty and the Beast (2017),2017-04-22,443580,4480158.44,2017,4,Saturday,True
3420,Beauty and the Beast (2017),2017-04-23,417748,4219254.32,2017,4,Sunday,True
3420,Beauty and the Beast (2017),2017-04-24,253819,2563576.82,2017,4,Monday,False
3420,Beauty and the Beast (2017),2017-04-25,239038,2414285.73,2017,4,Tuesday,False
3420,Beauty and the Beast (2017),2017-04-26,225118,2273688.68,2017,4,Wednesday,False
3420,Beauty and the Beast (2017),2017-04-27,212008,2141279.36,2017,4,Thursday,False
3420,Beauty and the Beast (2017),2017-04-28,249577,2520726.19,2017,4,Friday,False
3420,Beauty and the Beast (2017),2017-04-29,291453,2943673.85,2017,4,Saturday,True
3420,Beauty and the Beast (2017),2017-04-30,274480,2772247.63,2017,4,Sunday,True
3420,Beauty and the Beast (2017),2017-05-01,166771,1684390.0,2017,5,Monday,False
3420,Beauty and the Beast (2017),2017-05-02,157059,1586298.76,2017,5,Tuesday,False
3420,Beauty and the Beast (2017),2017-05-03,147913,1493919.91,2017,5,Wednesday,False
3420,Beauty and the Beast (2017),2017-05-04,139299,1406920.79,2017,5,Thursday,False
3420,Beauty and the Beast (2017),2017-05-05,163984,1656235.13,2017,5,Friday,False
3420,Beauty and the Beast (2017),2017-05-06,191498,1934131.54,2017,5,Saturday,True
3420,Beauty and the Beast (2017),2017-05-07,180346,1821496.49,2017,5,Sunday,True
3420,Beauty and the Beast (2017),2017-05-08,109577,1106723.09,2017,5,Monday,False
3420,Beauty and the Beast (2017),2017-05-09,103195,1042272.56,2017,5,Tuesday,False
3420,Beauty and the Beast (2017),2017-05-10,97186,981575.33,2017,5,Wednesday,False
3420,Beauty and the Beast (2017),2017-05-11,91526,924412.83,2017,5,Thursday,False
3436,Finding Dory,2016-06-17,2992843,30227715.89,2016,6,Friday,False
3436,Finding Dory,2016-06-18,3495006,35299564.54,2016,6,Saturday,True
3436,Finding Dory,2016-06-19,3291473,33243877.93,2016,6,Sunday,True
3436,Finding Dory,2016-06-20,1999866,20198648.51,2016,6,Monday,False
3436,Finding Dory,2016-06-21,1883403,19022370.8,2016,6,Tuesday,False
3436,Finding Dory,2016-06-22,1773722,17914594.16,2016,6,Wednesday,False
3436,Finding Dory,2016-06-23,1670429,16871329.41,2016,6,Thursday,False
3436,Finding Dory,2016-06-24,1966438,19861024.6,2016,6,Friday,False
3436,Finding Dory,2016-06-25,2296383,23193466.62,2016,6,Saturday,True
3436,Finding Dory,2016-06-26,2162652,21842784.27,2016,6,Sunday,True
3436,Finding Dory,2016-06-27,1314006,13271457.77,2016,6,Monday,False
3436,Finding Dory,2016-06-28,1237484,12498588.24,2016,6,Tuesday,False
3436,Finding Dory,2016-06-29,1165419,11770727.12,2016,6,Wednesday,False
3436,Finding Dory,2016-06-30,1097550,11085253.34,2016,6,Thursday,False
3436,Finding Dory,2016-07-01,1292042,13049623.05,2016,7,Friday,False
3436,Finding Dory,2016-07-02,1508831,15239193.48,2016,7,Saturday,True
3436,Finding Dory,2016-07-03,1420964,14351731.94,2016,7,Sunday,True
3436,Finding Dory,2016-07-04,863363,8719969.12,2016,7,Monday,False
3436,Finding Dory,2016-07-05,813085,8212157.65,2016,7,Tuesday,False
3436,Finding Dory,2016-07-06,765735,7733918.82,2016,7,Wednesday,False
3436,Finding Dory,2016-07-07,721142,7283530.45,2016,7,Thursday,False
3436,Finding Dory,2016-07-08,848932,8574213.32,2016,7,Friday,False
3436,Finding Dory,2016-07-09,991373,10012863.61,2016,7,Saturday,True
3436,Finding Dory,2016-07-10,933640,9429759.83,2016,7,Sunday,True
3436,Finding Dory,2016-07-11,567270,5729427.98,2016,7,Monday,False
3436,Finding Dory,2016-07-12,534235,5395772.07,2016,7,Tuesday,False
3436,Finding Dory,2016-07-13,503123,5081546.77,2016,7,Wednesday,False
3436,Finding Dory,2016-07-14,473824,4785620.52,2016,7,Thursday,False
3436,Finding Dory,2016-07-15,557788,5633659.6,2016,7,Friday,False
3436,Finding Dory,2016-07-16,651378,6578920.2,2016,7,Saturday,True
3436,Finding Dory,2016-07-17,613445,6195793.71,2016,7,Sunday,True
3436,Finding Dory,2016-07-18,372723,3764502.43,2016,7,Monday,False
3436,Finding Dory,2016-07-19,351017,3545274.88,2016,7,Tuesday,False
3436,Finding Dory,2016-07-20,330576,3338814.14,2016,7,Wednesday,False
3436,Finding Dory,2016-07-21,311324,3144376.74,2016,7,Thursday,False
3436,Finding Dory,2016-07-22,366493,3701578.12,2016,7,Friday,False
3436,Finding Dory,2016-07-23,427986,4322658.59,2016,7,Saturday,True
3436,Finding Dory,2016-07-24,403062,4070926.55,2016,7,Sunday,True
3436,Finding Dory,2016-07-25,244896,2473454.35,2016,7,Monday,False
3436,Finding Dory,2016-07-26,230635,2329411.58,2016,7,Tuesday,False
3436,Finding Dory,2016-07-27,217204,2193757.21,2016,7,Wednesday,False
3436,Finding Dory,2016-07-28,204555,2066002.74,2016,7,Thursday,False
3436,Finding Dory,2016-07-29,240803,2432110.13,2016,7,Friday,False
3436,Finding Dory,2016-07-30,281207,2840189.08,2016,7,Saturday,True
3436,Finding Dory,2016-07-31,264831,2674789.35,2016,7,Sunday,True
3436,Finding Dory,2016-08-01,160908,1625175.32,2016,8,Monday,False
3436,Finding Dory,2016-08-02,151538,1530532.47,2016,8,Tuesday,False
3436,Finding Dory,2016-08-03,142713,1441401.2,2016,8,Wednesday,False
3436,Finding Dory,2016-08-04,134402,1357460.53,2016,8,Thursday,False
3436,Finding Dory,2016-08-05,158219,1598010.23,2016,8,Friday,False
3436,Finding Dory,2016-08-06,184766,1866137.2,2016,8,Saturday,True
3436,Finding Dory,2016-08-07,174006,1757461.83,2016,8,Sunday,True
3436,Finding Dory,2016-08-08,105724,1067816.27,2016,8,Monday,False
3436,Finding Dory,2016-08-09,99567,1005631.49,2016,8,Tuesday,False
3436,Finding Dory,2016-08-10,93769,947068.08,2016,8,Wednesday,False
3436,Finding Dory,2016-08-11,88308,891915.12,2016,8,Thursday,False
3413,Frozen II,2019-11-22,2826013,29673133.06,2019,11,Friday,False
3413,Frozen II,2019-11-23,3300184,34651929.35,2019,11,Saturday,True
3413,Frozen II,2019-11-24,3107996,32633958.09,2019,11,Sunday,True
3413,Frozen II,2019-11-25,1888387,19828067.3,2019,11,Monday,False
3413,Frozen II,2019-11-26,1778416,18673370.55,2019,11,Tuesday,False
3413,Frozen II,2019-11-27,1674849,17585918.11,2019,11,Wednesday,False
3413,Frozen II,2019-11-28,1577314,16561793.97,2019,11,Thursday,False
3413,Frozen II,2019-11-29,1856823,19496637.71,2019,11,Friday,False
3413,Frozen II,2019-11-30,2168375,22767939.98,2019,11,Saturday,True
3413,Frozen II,2019-12-01,2042099,21442038.38,2019,12,Sunday,True
3413,Frozen II,2019-12-02,1240759,13027968.56,2019,12,Monday,False
3413,Frozen II,2019-12-03,1168503,12269278.74,2019,12,Tuesday,False
3413,Frozen II,2019-12-04,1100454,11554771.57,2019,12,Wednesday,False
3413,Frozen II,2019-12-05,1036369,10881874.06,2019,12,Thursday,False
3413,Frozen II,2019-12-06,1220019,12810203.81,2019,12,Friday,False
3413,Frozen II,2019-12-07,1424724,14959602.56,2019,12,Saturday,True
3413,Frozen II,2019-12-08,1341755,14088423.13,2019,12,Sunday,True
3413,Frozen II,2019-12-09,815237,8559985.31,2019,12,Monday,False
3413,Frozen II,2019-12-10,767761,8061490.58,2019,12,Tuesday,False
3413,Frozen II,2019-12-11,723050,7592025.91,2019,12,Wednesday,False
3413,Frozen II,2019-12-12,680943,7149900.74,2019,12,Thursday,False
3413,Frozen II,2019-12-13,801610,8416903.67,2019,12,Friday,False
3413,Frozen II,2019-12-14,936110,9829159.29,2019,12,Saturday,True
3413,Frozen II,2019-12-15,881596,9256753.61,2019,12,Sunday,True
3413,Frozen II,2019-12-16,535649,5624311.13,2019,12,Monday,False
3413,Frozen II,2019-12-17,504455,5296776.75,2019,12,Tuesday,False
3413,Frozen II,2019-12-18,475078,4988316.48,2019,12,Wednesday,False
3413,Frozen II,2019-12-19,447411,4697819.54,2019,12,Thursday,False
3413,Frozen II,2019-12-20,526695,5530299.79,2019,12,Friday,False
3413,Frozen II,2019-12-21,615068,6458217.85,2019,12,Saturday,True
3413,Frozen II,2019-12-22,579250,6082120.52,2019,12,Sunday,True
3413,Frozen II,2019-12-23,351946,3695435.74,2019,12,Monday,False
3413,Frozen II,2019-12-24,331451,3480230.32,2019,12,Tuesday,False
3413,Frozen II,2019-12-25,312148,3277557.48,2019,12,Wednesday,False
3413,Frozen II,2019-12-26,293970,3086687.39,2019,12,Thursday,False
3413,Frozen II,2019-12-27,346063,3633665.89,2019,12,Friday,False
3413,Frozen II,2019-12-28,404129,4243351.5,2019,12,Saturday,True
3413,Frozen II,2019-12-29,380594,3996237.95,2019,12,Sunday,True
3413,Frozen II,2019-12-30,231245,2428074.3,2019,12,Monday,False
3413,Frozen II,2019-12-31,217779,2286674.26,2019,12,Tuesday,False
3413,Frozen II,2020-01-01,205096,2153508.72,2020,1,Wednesday,False
3413,Frozen II,2020-01-02,193152,2028098.13,2020,1,Thursday,False
3413,Frozen II,2020-01-03,227380,2387488.62,2020,1,Friday,False
3413,Frozen II,2020-01-04,265531,2788080.61,2020,1,Saturday,True
3413,Frozen II,2020-01-05,250068,2625715.43,2020,1,Sunday,True
3413,Frozen II,2020-01-06,151939,1595358.5,2020,1,Monday,False
3413,Frozen II,2020-01-07,143091,1502452.05,2020,1,Tuesday,False
3413,Frozen II,2020-01-08,134758,1414956.06,2020,1,Wednesday,False
3413,Frozen II,2020-01-09,126910,1332555.43,2020,1,Thursday,False
3413,Frozen II,2020-01-10,149399,1568691.8,2020,1,Friday,False
3413,Frozen II,2020-01-11,174467,1831899.5,2020,1,Saturday,True
3413,Frozen II,2020-01-12,164306,1725217.98,2020,1,Sunday,True
3413,Frozen II,2020-01-13,99831,1048225.23,2020,1,Monday,False
3413,Frozen II,2020-01-14,94017,987181.34,2020,1,Tuesday,False
3413,Frozen II,2020-01-15,88542,929692.38,2020,1,Wednesday,False
3413,Frozen II,2020-01-16,83386,875551.31,2020,1,Thursday,False
150,Star Wars Ep. I: The Phantom Menace,1999-05-19,2208839,24076345.81,1999,5,Wednesday,False
150,Star Wars Ep. I: The Phantom Menace,1999-05-20,2080206,22674248.58,1999,5,Thursday,False
150,Star Wars Ep. I: The Phantom Menace,1999-05-21,2448831,26692253.92,1999,5,Friday,False
150,Star Wars Ep. I: The Phantom Menace,1999-05-22,2859715,31170894.4,1999,5,Saturday,True
150,Star Wars Ep. I: The Phantom Menace,1999-05-23,2693178,29355642.83,1999,5,Sunday,True
150,Star Wars Ep. I: The Phantom Menace,1999-05-24,1636348,17836195.66,1999,5,Monday,False
150,Star Wars Ep. I: The Phantom Menace,1999-05-25,1541055,16797496.49,1999,5,Tuesday,False
150,Star Wars Ep. I: The Phantom Menace,1999-05-26,1451311,15819286.44,1999,5,Wednesday,False
150,Star Wars Ep. I: The Phantom Menace,1999-05-27,1366793,14898042.92,1999,5,Thursday,False
150,Star Wars Ep. I: The Phantom Menace,1999-05-28,1608996,17538060.55,1999,5,Friday,False
150,Star Wars Ep. I: The Phantom Menace,1999-05-29,1878967,20480737.04,1999,5,Saturday,True
150,Star Wars Ep. I: The Phantom Menace,1999-05-30,1769544,19288031.76,1999,5,Sunday,True
150,Star Wars Ep. I: The Phantom Menace,1999-05-31,1075157,11719215.64,1999,5,Monday,False
150,Star Wars Ep. I: The Phantom Menace,1999-06-01,1012545,11036741.65,1999,6,Tuesday,False
150,Star Wars Ep. I: The Phantom Menace,1999-06-02,953579,10394011.85,1999,6,Wednesday,False
150,Star Wars Ep. I: The Phantom Menace,1999-06-03,898047,9788711.72,1999,6,Thursday,False
150,Star Wars Ep. I: The Phantom Menace,1999-06-04,1057186,11523326.91,1999,6,Friday,False
150,Star Wars Ep. I: The Phantom Menace,1999-06-05,1234569,13456803.14,1999,6,Saturday,True
150,Star Wars Ep. I: The Phantom Menace,1999-06-06,1162673,12673139.93,1999,6,Sunday,True
150,Star Wars Ep. I: The Phantom Menace,1999-06-07,706429,7700073.36,1999,6,Monday,False
150,Star Wars Ep. I: The Phantom Menace,1999-06-08,665290,7251656.0,1999,6,Tuesday,False
150,Star Wars Ep. I: The Phantom Menace,1999-06-09,626546,6829352.43,1999,6,Wednesday,False
150,Star Wars Ep. I: The Phantom Menace,1999-06-10,590059,6431641.91,1999,6,Thursday,False
150,Star Wars Ep. I: The Phantom Menace,1999-06-11,694621,7571365.3,1999,6,Friday,False
150,Star Wars Ep. I: The Phantom Menace,1999-06-12,811170,8841749.71,1999,6,Saturday,True
150,Star Wars Ep. I: The Phantom Menace,1999-06-13,763931,8326846.29,1999,6,Sunday,True
150,Star Wars Ep. I: The Phantom Menace,1999-06-14,464157,5059308.72,1999,6,Monday,False
150,Star Wars Ep. I: The Phantom Menace,1999-06-15,437126,4764677.51,1999,6,Tuesday,False
150,Star Wars Ep. I: The Phantom Menace,1999-06-16,411670,4487204.3,1999,6,Wednesday,False
150,Star Wars Ep. I: The Phantom Menace,1999-06-17,387696,4225889.86,1999,6,Thursday,False
150,Star Wars Ep. I: The Phantom Menace,1999-06-18,456398,4974741.49,1999,6,Friday,False
150,Star Wars Ep. I: The Phantom Menace,1999-06-19,532976,5809443.53,1999,6,Saturday,True
150,Star Wars Ep. I: The Phantom Menace,1999-06-20,501938,5471127.87,1999,6,Sunday,True
150,Star Wars Ep. I: The Phantom Menace,1999-06-21,304973,3324202.7,1999,6,Monday,False
150,Star Wars Ep. I: The Phantom Menace,1999-06-22,287212,3130616.21,1999,6,Tuesday,False
150,Star Wars Ep. I: The Phantom Menace,1999-06-23,270487,2948303.31,1999,6,Wednesday,False
150,Star Wars Ep. I: The Phantom Menace,1999-06-24,254735,2776607.49,1999,6,Thursday,False
150,Star Wars Ep. I: The Phantom Menace,1999-06-25,299875,3268638.08,1999,6,Friday,False
150,Star Wars Ep. I: The Phantom Menace,1999-06-26,350190,3817076.39,1999,6,Saturday,True
150,Star Wars Ep. I: The Phantom Menace,1999-06-27,329797,3594787.17,1999,6,Sunday,True
150,Star Wars Ep. I: The Phantom Menace,1999-06-28,200381,2184156.81,1999,6,Monday,False
150,Star Wars Ep. I: The Phantom Menace,1999-06-29,188712,2056961.42,1999,6,Tuesday,False
150,Star Wars Ep. I: The Phantom Menace,1999-06-30,177722,1937173.32,1999,6,Wednesday,False
150,Star Wars Ep. I: The Phantom Menace,1999-07-01,167373,1824361.12,1999,7,Thursday,False
150,Star Wars Ep. I: The Phantom Menace,1999-07-02,197032,2147648.25,1999,7,Friday,False
150,Star Wars Ep. I: The Phantom Menace,1999-07-03,230092,2507997.91,1999,7,Saturday,True
150,Star Wars Ep. I: The Phantom Menace,1999-07-04,216692,2361943.48,1999,7,Sunday,True
150,Star Wars Ep. I: The Phantom Menace,1999-07-05,131660,1435093.29,1999,7,Monday,False
150,Star Wars Ep. I: The Phantom Menace,1999-07-06,123993,1351519.96,1999,7,Tuesday,False
150,Star Wars Ep. I: The Phantom Menace,1999-07-07,116772,1272813.57,1999,7,Wednesday,False
150,Star Wars Ep. I: The Phantom Menace,1999-07-08,109972,1198690.67,1999,7,Thursday,False
150,Star Wars Ep. I: The Phantom Menace,1999-07-09,129459,1411105.46,1999,7,Friday,False
150,Star Wars Ep. I: The Phantom Menace,1999-07-10,151181,1647872.05,1999,7,Saturday,True
150,Star Wars Ep. I: The Phantom Menace,1999-07-11,142377,1551907.45,1999,7,Sunday,True
150,Star Wars Ep. I: The Phantom Menace,1999-07-12,86507,942923.48,1999,7,Monday,False
150,Star Wars Ep. I: The Phantom Menace,1999-07-13,81469,888011.89,1999,7,Tuesday,False
2330,Star Wars Ep. IV: A New Hope,1977-05-25,2514951,23389046.32,1977,5,Wednesday,False
2330,Star Wars Ep. IV: A New Hope,1977-05-26,2368492,22026974.3,1977,5,Thursday,False
2330,Star Wars Ep. IV: A New Hope,1977-05-27,2788202,25930278.97,1977,5,Friday,False
2330,Star Wars Ep. IV: A New Hope,1977-05-28,3256029,30281069.18,1977,5,Saturday,True
2330,Star Wars Ep. IV: A New Hope,1977-05-29,3066413,28517637.0,1977,5,Sunday,True
2330,Star Wars Ep. IV: A New Hope,1977-05-30,1863122,17327031.68,1977,5,Monday,False
2330,Star Wars Ep. IV: A New Hope,1977-05-31,1754622,16317983.91,1977,5,Tuesday,False
2330,Star Wars Ep. IV: A New Hope,1977-06-01,1652441,15367698.5,1977,6,Wednesday,False
2330,Star Wars Ep. IV: A New Hope,1977-06-02,1556210,14472753.41,1977,6,Thursday,False
2330,Star Wars Ep. IV: A New Hope,1977-06-03,1831979,17037407.34,1977,6,Friday,False
2330,Star Wars Ep. IV: A New Hope,1977-06-04,2139363,19896080.21,1977,6,Saturday,True
2330,Star Wars Ep. IV: A New Hope,1977-06-05,2014777,18737422.7,1977,6,Sunday,True
2330,Star Wars Ep. IV: A New Hope,1977-06-06,1224158,11384671.06,1977,6,Monday,False
2330,Star Wars Ep. IV: A New Hope,1977-06-07,1152869,10721679.43,1977,6,Tuesday,False
2330,Star Wars Ep. IV: A New Hope,1977-06-08,1085731,10097297.43,1977,6,Wednesday,False
2330,Star Wars Ep. IV: A New Hope,1977-06-09,1022503,9509276.6,1977,6,Thursday,False
2330,Star Wars Ep. IV: A New Hope,1977-06-10,1203696,11194374.31,1977,6,Friday,False
2330,Star Wars Ep. IV: A New Hope,1977-06-11,1405662,13072656.23,1977,6,Saturday,True
2330,Star Wars Ep. IV: A New Hope,1977-06-12,1323803,12311363.99,1977,6,Sunday,True
2330,Star Wars Ep. IV: A New Hope,1977-06-13,804329,7480261.92,1977,6,Monday,False
2330,Star Wars Ep. IV: A New Hope,1977-06-14,757489,7044645.37,1977,6,Tuesday,False
2330,Star Wars Ep. IV: A New Hope,1977-06-15,713376,6634397.17,1977,6,Wednesday,False
2330,Star Wars Ep. IV: A New Hope,1977-06-16,671832,6248039.95,1977,6,Thursday,False
2330,Star Wars Ep. IV: A New Hope,1977-06-17,790885,7355228.04,1977,6,Friday,False
2330,Star Wars Ep. IV: A New Hope,1977-06-18,923586,8589347.2,1977,6,Saturday,True
2330,Star Wars Ep. IV: A New Hope,1977-06-19,869800,8089142.56,1977,6,Sunday,True
2330,Star Wars Ep. IV: A New Hope,1977-06-20,528482,4914882.3,1977,6,Monday,False
2330,Star Wars Ep. IV: A New Hope,1977-06-21,497706,4628661.84,1977,6,Tuesday,False
2330,Star Wars Ep. IV: A New Hope,1977-06-22,468721,4359109.56,1977,6,Wednesday,False
2330,Star Wars Ep. IV: A New Hope,1977-06-23,441425,4105254.78,1977,6,Thursday,False
2330,Star Wars Ep. IV: A New Hope,1977-06-24,519648,4832729.19,1977,6,Friday,False
2330,Star Wars Ep. IV: A New Hope,1977-06-25,606839,5643603.26,1977,6,Saturday,True
2330,Star Wars Ep. IV: A New Hope,1977-06-26,571500,5314945.39,1977,6,Sunday,True
2330,Star Wars Ep. IV: A New Hope,1977-06-27,347237,3229307.79,1977,6,Monday,False
2330,Star Wars Ep. IV: A New Hope,1977-06-28,327016,3041247.54,1977,6,Tuesday,False
2330,Star Wars Ep. IV: A New Hope,1977-06-29,307972,2864139.07,1977,6,Wednesday,False
2330,Star Wars Ep. IV: A New Hope,1977-06-30,290037,2697344.6,1977,6,Thursday,False
2330,Star Wars Ep. IV: A New Hope,1977-07-01,341433,3175329.35,1977,7,Friday,False
2330,Star Wars Ep. IV: A New Hope,1977-07-02,398722,3708111.58,1977,7,Saturday,True
2330,Star Wars Ep. IV: A New Hope,1977-07-03,375502,3492167.97,1977,7,Sunday,True
2330,Star Wars Ep. IV: A New Hope,1977-07-04,228151,2121806.41,1977,7,Monday,False
2330,Star Wars Ep. IV: A New Hope,1977-07-05,214865,1998242.03,1977,7,Tuesday,False
2330,Star Wars Ep. IV: A New Hope,1977-07-06,202352,1881873.47,1977,7,Wednesday,False
2330,Star Wars Ep. IV: A New Hope,1977-07-07,190568,1772281.69,1977,7,Thursday,False
2330,Star Wars Ep. IV: A New Hope,1977-07-08,224338,2086340.05,1977,7,Friday,False
2330,Star Wars Ep. IV: A New Hope,1977-07-09,261979,2436402.92,1977,7,Saturday,True
2330,Star Wars Ep. IV: A New Hope,1977-07-10,246722,2294517.86,1977,7,Sunday,True
2330,Star Wars Ep. IV: A New Hope,1977-07-11,149906,1394126.16,1977,7,Monday,False
2330,Star Wars Ep. IV: A New Hope,1977-07-12,141176,1312938.57,1977,7,Tuesday,False
2330,Star Wars Ep. IV: A New Hope,1977-07-13,132955,1236478.98,1977,7,Wednesday,False
2330,Star Wars Ep. IV: A New Hope,1977-07-14,125212,1164472.05,1977,7,Thursday,False
2330,Star Wars Ep. IV: A New Hope,1977-07-15,147400,1370823.09,1977,7,Friday,False
2330,Star Wars Ep. IV: A New Hope,1977-07-16,172132,1600830.79,1977,7,Saturday,True
2330,Star Wars Ep. IV: A New Hope,1977-07-17,162108,1507605.66,1977,7,Sunday,True
2330,Star Wars Ep. IV: A New Hope,1977-07-18,98495,916006.16,1977,7,Monday,False
2330,Star Wars Ep. IV: A New Hope,1977-07-19,92759,862662.11,1977,7,Tuesday,False
3415,Avengers: Age of Ultron,2015-05-01,2524904,28531411.93,2015,5,Friday,False
3415,Avengers: Age of Ultron,2015-05-02,2948552,33318641.09,2015,5,Saturday,True
3415,Avengers: Age of Ultron,2015-05-03,2776842,31378314.49,2015,5,Sunday,True
3415,Avengers: Age of Ultron,2015-05-04,1687181,19065150.78,2015,5,Monday,False
3415,Avengers: Age of Ultron,2015-05-05,1588928,17954882.83,2015,5,Tuesday,False
3415,Avengers: Age of Ultron,2015-05-06,1496396,16909271.85,2015,5,Wednesday,False
3415,Avengers: Age of Ultron,2015-05-07,1409252,15924552.52,2015,5,Thursday,False
3415,Avengers: Age of Ultron,2015-05-08,1658980,18746473.47,2015,5,Friday,False
3415,Avengers: Age of Ultron,2015-05-09,1937337,21891907.17,2015,5,Saturday,True
3415,Avengers: Age of Ultron,2015-05-10,1824515,20617021.74,2015,5,Sunday,True
3415,Avengers: Age of Ultron,2015-05-11,1108557,12526696.69,2015,5,Monday,False
3415,Avengers: Age of Ultron,2015-05-12,1044000,11797198.66,2015,5,Tuesday,False
3415,Avengers: Age of Ultron,2015-05-13,983202,11110183.3,2015,5,Wednesday,False
3415,Avengers: Age of Ultron,2015-05-14,925945,10463176.59,2015,5,Thursday,False
3415,Avengers: Age of Ultron,2015-05-15,1090028,12317310.78,2015,5,Friday,False
3415,Avengers: Age of Ultron,2015-05-16,1272921,14384007.98,2015,5,Saturday,True
3415,Avengers: Age of Ultron,2015-05-17,1198792,13546348.57,2015,5,Sunday,True
3415,Avengers: Age of Ultron,2015-05-18,728374,8230626.22,2015,5,Monday,False
3415,Avengers: Age of Ultron,2015-05-19,685957,7751311.86,2015,5,Tuesday,False
3415,Avengers: Age of Ultron,2015-05-20,646010,7299910.6,2015,5,Wednesday,False
3415,Avengers: Age of Ultron,2015-05-21,608389,6874796.9,2015,5,Thursday,False
3415,Avengers: Age of Ultron,2015-05-22,716199,8093049.87,2015,5,Friday,False
3415,Avengers: Age of Ultron,2015-05-23,836369,9450966.7,2015,5,Saturday,True
3415,Avengers: Age of Ultron,2015-05-24,787662,8900585.25,2015,5,Sunday,True
3415,Avengers: Age of Ultron,2015-05-25,478576,5407906.78,2015,5,Monday,False
3415,Avengers: Age of Ultron,2015-05-26,450706,5092974.81,2015,5,Tuesday,False
3415,Avengers: Age of Ultron,2015-05-27,424459,4796383.05,2015,5,Wednesday,False
3415,Avengers: Age of Ultron,2015-05-28,399740,4517063.44,2015,5,Thursday,False
3415,Avengers: Age of Ultron,2015-05-29,470576,5317512.68,2015,5,Friday,False
3415,Avengers: Age of Ultron,2015-05-30,549533,6209727.62,2015,5,Saturday,True
3415,Avengers: Age of Ultron,2015-05-31,517531,5848101.23,2015,5,Sunday,True
3415,Avengers: Age of Ultron,2015-06-01,314447,3553247.95,2015,6,Monday,False
3415,Avengers: Age of Ultron,2015-06-02,296135,3346322.9,2015,6,Tuesday,False
3415,Avengers: Age of Ultron,2015-06-03,278889,3151448.23,2015,6,Wednesday,False
3415,Avengers: Age of Ultron,2015-06-04,262648,2967922.17,2015,6,Thursday,False
3415,Avengers: Age of Ultron,2015-06-05,309191,3493854.8,2015,6,Friday,False
3415,Avengers: Age of Ultron,2015-06-06,361069,4080081.78,2015,6,Saturday,True
3415,Avengers: Age of Ultron,2015-06-07,340042,3842476.32,2015,6,Sunday,True
3415,Avengers: Age of Ultron,2015-06-08,206606,2334650.27,2015,6,Monday,False
3415,Avengers: Age of Ultron,2015-06-09,194574,2198690.82,2015,6,Tuesday,False
3415,Avengers: Age of Ultron,2015-06-10,183243,2070649.04,2015,6,Wednesday,False
3415,Avengers: Age of Ultron,2015-06-11,172572,1950063.82,2015,6,Thursday,False
3415,Avengers: Age of Ultron,2015-06-12,203153,2295626.18,2015,6,Friday,False
3415,Avengers: Age of Ultron,2015-06-13,237239,2680804.76,2015,6,Saturday,True
3415,Avengers: Age of Ultron,2015-06-14,223424,2524686.84,2015,6,Sunday,True
3415,Avengers: Age of Ultron,2015-06-15,135750,1533974.53,2015,6,Monday,False
3415,Avengers: Age of Ultron,2015-06-16,127844,1444642.81,2015,6,Tuesday,False
3415,Avengers: Age of Ultron,2015-06-17,120399,1360513.36,2015,6,Wednesday,False
3415,Avengers: Age of Ultron,2015-06-18,113388,1281283.23,2015,6,Thursday,False
3415,Avengers: Age of Ultron,2015-06-19,133481,1508333.88,2015,6,Friday,False
3415,Avengers: Age of Ultron,2015-06-20,155877,1761414.24,2015,6,Saturday,True
3415,Avengers: Age of Ultron,2015-06-21,146800,1658837.46,2015,6,Sunday,True
3415,Avengers: Age of Ultron,2015-06-22,89194,1007893.09,2015,6,Monday,False
3415,Avengers: Age of Ultron,2015-06-23,84000,949197.97,2015,6,Tuesday,False
3415,Avengers: Age of Ultron,2015-06-24,79108,893920.98,2015,6,Wednesday,False
3415,Avengers: Age of Ultron,2015-06-25,74501,841863.07,2015,6,Thursday,False
3426,The Dark Knight Rises,2012-07-20,2995263,27855942.87,2012,7,Friday,False
3426,The Dark Knight Rises,2012-07-21,3497832,32529836.41,2012,7,Saturday,True
3426,The Dark Knight Rises,2012-07-22,3294134,30635446.22,2012,7,Sunday,True
3426,The Dark Knight Rises,2012-07-23,2001483,18613791.43,2012,7,Monday,False
3426,The Dark Knight Rises,2012-07-24,1884926,17529808.6,2012,7,Tuesday,False
3426,The Dark Knight Rises,2012-07-25,1775156,16508952.02,2012,7,Wednesday,False
3426,The Dark Knight Rises,2012-07-26,1671779,15547545.5,2012,7,Thursday,False
3426,The Dark Knight Rises,2012-07-27,1968028,18302658.67,2012,7,Friday,False
3426,The Dark Knight Rises,2012-07-28,2298239,21373625.56,2012,7,Saturday,True
3426,The Dark Knight Rises,2012-07-29,2164400,20128922.51,2012,7,Sunday,True
3426,The Dark Knight Rises,2012-07-30,1315068,12230132.46,2012,7,Monday,False
3426,The Dark Knight Rises,2012-07-31,1238484,11517905.0,2012,7,Tuesday,False
3426,The Dark Knight Rises,2012-08-01,1166361,10847154.43,2012,8,Wednesday,False
3426,The Dark Knight Rises,2012-08-02,1098437,10215465.33,2012,8,Thursday,False
3426,The Dark Knight Rises,2012-08-03,1293086,12025703.68,2012,8,Friday,False
3426,The Dark Knight Rises,2012-08-04,1510051,14043472.7,2012,8,Saturday,True
3426,The Dark Knight Rises,2012-08-05,1422112,13225644.52,2012,8,Sunday,True
3426,The Dark Knight Rises,2012-08-06,864061,8035769.64,2012,8,Monday,False
3426,The Dark Knight Rises,2012-08-07,813742,7567802.85,2012,8,Tuesday,False
3426,The Dark Knight Rises,2012-08-08,766354,7127088.32,2012,8,Wednesday,False
3426,The Dark Knight Rises,2012-08-09,721725,6712039.01,2012,8,Thursday,False
3426,The Dark Knight Rises,2012-08-10,849618,7901450.36,2012,8,Friday,False
3426,The Dark Knight Rises,2012-08-11,992174,9227219.08,2012,8,Saturday,True
3426,The Dark Knight Rises,2012-08-12,934394,8689867.67,2012,8,Sunday,True
3426,The Dark Knight Rises,2012-08-13,567729,5279876.89,2012,8,Monday,False
3426,The Dark Knight Rises,2012-08-14,534667,4972400.79,2012,8,Tuesday,False
3426,The Dark Knight Rises,2012-08-15,503530,4682830.71,2012,8,Wednesday,False
3426,The Dark Knight Rises,2012-08-16,474207,4410123.88,2012,8,Thursday,False
3426,The Dark Knight Rises,2012-08-17,558239,5191622.83,2012,8,Friday,False
3426,The Dark Knight Rises,2012-08-18,651905,6062714.95,2012,8,Saturday,True
3426,The Dark Knight Rises,2012-08-19,613941,5709649.92,2012,8,Sunday,True
3426,The Dark Knight Rises,2012-08-20,373024,3469126.32,2012,8,Monday,False
3426,The Dark Knight Rises,2012-08-21,351301,3267100.13,2012,8,Tuesday,False
3426,The Dark Knight Rises,2012-08-22,330843,3076839.03,2012,8,Wednesday,False
3426,The Dark Knight Rises,2012-08-23,311576,2897657.87,2012,8,Thursday,False
3426,The Dark Knight Rises,2012-08-24,366789,3411139.27,2012,8,Friday,False
3426,The Dark Knight Rises,2012-08-25,428332,3983487.58,2012,8,Saturday,True
3426,The Dark Knight Rises,2012-08-26,403388,3751507.32,2012,8,Sunday,True
3426,The Dark Knight Rises,2012-08-27,245094,2279378.41,2012,8,Monday,False
3426,The Dark Knight Rises,2012-08-28,230821,2146637.75,2012,8,Tuesday,False
3426,The Dark Knight Rises,2012-08-29,217379,2021627.3,2012,8,Wednesday,False
3426,The Dark Knight Rises,2012-08-30,204720,1903896.89,2012,8,Thursday,False
3426,The Dark Knight Rises,2012-08-31,240998,2241278.21,2012,8,Friday,False
3426,The Dark Knight Rises,2012-09-01,281434,2617337.85,2012,9,Saturday,True
3426,The Dark Knight Rises,2012-09-02,265045,2464915.96,2012,9,Sunday,True
3426,The Dark Knight Rises,2012-09-03,161039,1497658.34,2012,9,Monday,False
3426,The Dark Knight Rises,2012-09-04,151660,1410441.51,2012,9,Tuesday,False
3426,The Dark Knight Rises,2012-09-05,142828,1328303.79,2012,9,Wednesday,False
3426,The Dark Knight Rises,2012-09-06,134511,1250949.4,2012,9,Thursday,False
3426,The Dark Knight Rises,2012-09-07,158347,1472624.72,2012,9,Friday,False
3426,The Dark Knight Rises,2012-09-08,184915,1719713.51,2012,9,Saturday,True
3426,The Dark Knight Rises,2012-09-09,174147,1619565.19,2012,9,Sunday,True
3426,The Dark Knight Rises,2012-09-10,105810,984031.65,2012,9,Monday,False
3426,The Dark Knight Rises,2012-09-11,99648,926726.11,2012,9,Tuesday,False
3426,The Dark Knight Rises,2012-09-12,93845,872757.78,2012,9,Wednesday,False
3426,The Dark Knight Rises,2012-09-13,88380,821932.32,2012,9,Thursday,False
441,Shrek 2,2004-05-19,2515271,22385912.68,2004,5,Wednesday,False
441,Shrek 2,2004-05-20,2368793,21082258.61,2004,5,Thursday,False
441,Shrek 2,2004-05-21,2788557,24818154.31,2004,5,Friday,False
441,Shrek 2,2004-05-22,3256443,28982343.32,2004,5,Saturday,True
441,Shrek 2,2004-05-23,3066803,27294543.04,2004,5,Sunday,True
441,Shrek 2,2004-05-24,1863359,16583892.0,2004,5,Monday,False
441,Shrek 2,2004-05-25,1754845,15618121.31,2004,5,Tuesday,False
441,Shrek 2,2004-05-26,1652651,14708592.73,2004,5,Wednesday,False
441,Shrek 2,2004-05-27,1556408,13852030.98,2004,5,Thursday,False
441,Shrek 2,2004-05-28,1832212,16306689.36,2004,5,Friday,False
441,Shrek 2,2004-05-29,2139636,19042756.51,2004,5,Saturday,True
441,Shrek 2,2004-05-30,2015033,17933792.7,2004,5,Sunday,True
441,Shrek 2,2004-05-31,1224314,10896393.5,2004,5,Monday,False
441,Shrek 2,2004-06-01,1153015,10261836.94,2004,6,Tuesday,False
441,Shrek 2,2004-06-02,1085869,9664234.08,2004,6,Wednesday,False
441,Shrek 2,2004-06-03,1022633,9101432.9,2004,6,Thursday,False
441,Shrek 2,2004-06-04,1203849,10714258.39,2004,6,Friday,False
441,Shrek 2,2004-06-05,1405841,12511982.61,2004,6,Saturday,True
441,Shrek 2,2004-06-06,1323971,11783341.46,2004,6,Sunday,True
441,Shrek 2,2004-06-07,804432,7159440.7,2004,6,Monday,False
441,Shrek 2,2004-06-08,757585,6742507.33,2004,6,Tuesday,False
441,Shrek 2,2004-06-09,713467,6349854.27,2004,6,Wednesday,False
441,Shrek 2,2004-06-10,671918,5980067.54,2004,6,Thursday,False
441,Shrek 2,2004-06-11,790985,7039769.4,2004,6,Friday,False
441,Shrek 2,2004-06-12,923703,8220958.38,2004,6,Saturday,True
441,Shrek 2,2004-06-13,869911,7742207.04,2004,6,Sunday,True
441,Shrek 2,2004-06-14,528549,4704087.74,2004,6,Monday,False
441,Shrek 2,2004-06-15,497769,4430143.0,2004,6,Tuesday,False
441,Shrek 2,2004-06-16,468781,4172151.55,2004,6,Wednesday,False
441,Shrek 2,2004-06-17,441481,3929184.36,2004,6,Thursday,False
441,Shrek 2,2004-06-18,519714,4625458.1,2004,6,Friday,False
441,Shrek 2,2004-06-19,606916,5401554.56,2004,6,Saturday,True
441,Shrek 2,2004-06-20,571572,5086992.51,2004,6,Sunday,True
441,Shrek 2,2004-06-21,347282,3090805.89,2004,6,Monday,False
441,Shrek 2,2004-06-22,327057,2910811.37,2004,6,Tuesday,False
441,Shrek 2,2004-06-23,308011,2741298.91,2004,6,Wednesday,False
441,Shrek 2,2004-06-24,290074,2581658.09,2004,6,Thursday,False
441,Shrek 2,2004-06-25,341477,3039142.53,2004,6,Friday,False
441,Shrek 2,2004-06-26,398772,3549074.25,2004,6,Saturday,True
441,Shrek 2,2004-06-27,375550,3342392.25,2004,6,Sunday,True
441,Shrek 2,2004-06-28,228180,2030804.18,2004,6,Monday,False
441,Shrek 2,2004-06-29,214892,1912539.35,2004,6,Tuesday,False
441,Shrek 2,2004-06-30,202378,1801161.73,2004,6,Wednesday,False
441,Shrek 2,2004-07-01,190592,1696270.24,2004,7,Thursday,False
441,Shrek 2,2004-07-02,224366,1996858.94,2004,7,Friday,False
441,Shrek 2,2004-07-03,262012,2331907.95,2004,7,Saturday,True
441,Shrek 2,2004-07-04,246754,2196108.2,2004,7,Sunday,True
441,Shrek 2,2004-07-05,149925,1334333.43,2004,7,Monday,False
441,Shrek 2,2004-07-06,141194,1256627.9,2004,7,Tuesday,False
441,Shrek 2,2004-07-07,132972,1183447.59,2004,7,Wednesday,False
441,Shrek 2,2004-07-08,125228,1114528.97,2004,7,Thursday,False
441,Shrek 2,2004-07-09,147419,1312029.81,2004,7,Friday,False
441,Shrek 2,2004-07-10,172154,1532172.7,2004,7,Saturday,True
441,Shrek 2,2004-07-11,162129,1442945.91,2004,7,Sunday,True
441,Shrek 2,2004-07-12,98508,876719.54,2004,7,Monday,False
441,Shrek 2,2004-07-13,92771,825663.36,2004,7,Tuesday,False
2376,ET: The Extra-Terrestrial,1982-06-11,3181894,27046099.66,1982,6,Friday,False
2376,ET: The Extra-Terrestrial,1982-06-12,3715778,31584111.21,1982,6,Saturday,True
2376,ET: The Extra-Terrestrial,1982-06-13,3499388,29744795.77,1982,6,Sunday,True
2376,ET: The Extra-Terrestrial,1982-06-14,2126193,18072641.1,1982,6,Monday,False
2376,ET: The Extra-Terrestrial,1982-06-15,2002373,17020172.42,1982,6,Tuesday,False
2376,ET: The Extra-Terrestrial,1982-06-16,1885764,16028994.74,1982,6,Wednesday,False
2376,ET: The Extra-Terrestrial,1982-06-17,1775946,15095538.76,1982,6,Thursday,False
2376,ET: The Extra-Terrestrial,1982-06-18,2090653,17770553.77,1982,6,Friday,False
2376,ET: The Extra-Terrestrial,1982-06-19,2441440,20752239.83,1982,6,Saturday,True
2376,ET: The Extra-Terrestrial,1982-06-20,2299262,19543723.46,1982,6,Sunday,True
2376,ET: The Extra-Terrestrial,1982-06-21,1397008,11874571.36,1982,6,Monday,False
2376,ET: The Extra-Terrestrial,1982-06-22,1315653,11183050.16,1982,6,Tuesday,False
2376,ET: The Extra-Terrestrial,1982-06-23,1239035,10531800.02,1982,6,Wednesday,False
2376,ET: The Extra-Terrestrial,1982-06-24,1166879,9918475.73,1982,6,Thursday,False
2376,ET: The Extra-Terrestrial,1982-06-25,1373657,11676085.84,1982,6,Friday,False
2376,ET: The Extra-Terrestrial,1982-06-26,1604140,13635193.18,1982,6,Saturday,True
2376,ET: The Extra-Terrestrial,1982-06-27,1510723,12841141.35,1982,6,Sunday,True
2376,ET: The Extra-Terrestrial,1982-06-28,917900,7802149.35,1982,6,Monday,False
2376,ET: The Extra-Terrestrial,1982-06-29,864446,7347787.54,1982,6,Tuesday,False
2376,ET: The Extra-Terrestrial,1982-06-30,814104,6919885.71,1982,6,Wednesday,False
2376,ET: The Extra-Terrestrial,1982-07-01,766694,6516902.94,1982,7,Thursday,False
2376,ET: The Extra-Terrestrial,1982-07-02,902557,7671735.07,1982,7,Friday,False
2376,ET: The Extra-Terrestrial,1982-07-03,1053995,8958960.32,1982,7,Saturday,True
2376,ET: The Extra-Terrestrial,1982-07-04,992615,8437231.09,1982,7,Sunday,True
2376,ET: The Extra-Terrestrial,1982-07-05,603103,5126377.42,1982,7,Monday,False
2376,ET: The Extra-Terrestrial,1982-07-06,567981,4827840.44,1982,7,Tuesday,False
2376,ET: The Extra-Terrestrial,1982-07-07,534905,4546688.9,1982,7,Wednesday,False
2376,ET: The Extra-Terrestrial,1982-07-08,503754,4281910.35,1982,7,Thursday,False
2376,ET: The Extra-Terrestrial,1982-07-09,593022,5040689.13,1982,7,Friday,False
2376,ET: The Extra-Terrestrial,1982-07-10,692524,5886456.39,1982,7,Saturday,True
2376,ET: The Extra-Terrestrial,1982-07-11,652195,5543655.85,1982,7,Sunday,True
2376,ET: The Extra-Terrestrial,1982-07-12,396267,3368269.98,1982,7,Monday,False
2376,ET: The Extra-Terrestrial,1982-07-13,373190,3172117.21,1982,7,Tuesday,False
2376,ET: The Extra-Terrestrial,1982-07-14,351457,2987387.48,1982,7,Wednesday,False
2376,ET: The Extra-Terrestrial,1982-07-15,330990,2813415.58,1982,7,Thursday,False
2376,ET: The Extra-Terrestrial,1982-07-16,389643,3311968.76,1982,7,Friday,False
2376,ET: The Extra-Terrestrial,1982-07-17,455021,3867677.45,1982,7,Saturday,True
2376,ET: The Extra-Terrestrial,1982-07-18,428523,3642441.45,1982,7,Sunday,True
2376,ET: The Extra-Terrestrial,1982-07-19,260366,2213111.08,1982,7,Monday,False
2376,ET: The Extra-Terrestrial,1982-07-20,245203,2084229.52,1982,7,Tuesday,False
2376,ET: The Extra-Terrestrial,1982-07-21,230924,1962853.44,1982,7,Wednesday,False
2376,ET: The Extra-Terrestrial,1982-07-22,217476,1848545.76,1982,7,Thursday,False
2376,ET: The Extra-Terrestrial,1982-07-23,256014,2176118.54,1982,7,Friday,False
2376,ET: The Extra-Terrestrial,1982-07-24,298970,2541245.17,1982,7,Saturday,True
2376,ET: The Extra-Terrestrial,1982-07-25,281559,2393254.57,1982,7,Sunday,True
2376,ET: The Extra-Terrestrial,1982-07-26,171073,1454117.6,1982,7,Monday,False
2376,ET: The Extra-Terrestrial,1982-07-27,161110,1369436.38,1982,7,Tuesday,False
2376,ET: The Extra-Terrestrial,1982-07-28,151728,1289686.61,1982,7,Wednesday,False
2376,ET: The Extra-Terrestrial,1982-07-29,142892,1214581.11,1982,7,Thursday,False
2376,ET: The Extra-Terrestrial,1982-07-30,168213,1429811.77,1982,7,Friday,False
2376,ET: The Extra-Terrestrial,1982-07-31,196437,1669717.06,1982,7,Saturday,True
2376,ET: The Extra-Terrestrial,1982-08-01,184998,1572480.3,1982,8,Sunday,True
2376,ET: The Extra-Terrestrial,1982-08-02,112403,955423.34,1982,8,Monday,False
2376,ET: The Extra-Terrestrial,1982-08-03,105857,899783.82,1982,8,Tuesday,False
2376,ET: The Extra-Terrestrial,1982-08-04,99692,847384.49,1982,8,Wednesday,False
2376,ET: The Extra-Terrestrial,1982-08-05,93887,798036.66,1982,8,Thursday,False
3432,Toy Story 4,2019-06-21,3174051,26979431.12,2019,6,Friday,False
3432,Toy Story 4,2019-06-22,3706618,31506256.49,2019,6,Saturday,True
3432,Toy Story 4,2019-06-23,3490762,29671474.95,2019,6,Sunday,True
3432,Toy Story 4,2019-06-24,2120952,18028092.11,2019,6,Monday,False
3432,Toy Story 4,2019-06-25,1997437,16978217.75,2019,6,Tuesday,False
3432,Toy Story 4,2019-06-26,1881116,15989483.32,2019,6,Wednesday,False
3432,Toy Story 4,2019-06-27,1771568,15058328.31,2019,6,Thursday,False
3432,Toy Story 4,2019-06-28,2085500,17726749.42,2019,6,Friday,False
3432,Toy Story 4,2019-06-29,2435422,20701085.63,2019,6,Saturday,True
3432,Toy Story 4,2019-06-30,2293594,19495548.25,2019,6,Sunday,True
3432,Toy Story 4,2019-07-01,1393565,11845300.59,2019,7,Monday,False
3432,Toy Story 4,2019-07-02,1312410,11155483.98,2019,7,Tuesday,False
3432,Toy Story 4,2019-07-03,1235981,10505839.17,2019,7,Wednesday,False
3432,Toy Story 4,2019-07-04,1164003,9894026.72,2019,7,Thursday,False
3432,Toy Story 4,2019-07-05,1370271,11647304.33,2019,7,Friday,False
3432,Toy Story 4,2019-07-06,1600186,13601582.48,2019,7,Saturday,True
3432,Toy Story 4,2019-07-07,1506999,12809487.98,2019,7,Sunday,True
3432,Toy Story 4,2019-07-08,915637,7782917.08,2019,7,Monday,False
3432,Toy Story 4,2019-07-09,862315,7329675.27,2019,7,Tuesday,False
3432,Toy Story 4,2019-07-10,812097,6902828.22,2019,7,Wednesday,False
3432,Toy Story 4,2019-07-11,764805,6500838.79,2019,7,Thursday,False
3432,Toy Story 4,2019-07-12,900332,7652824.27,2019,7,Friday,False
3432,Toy Story 4,2019-07-13,1051397,8936876.51,2019,7,Saturday,True
3432,Toy Story 4,2019-07-14,990169,8416433.34,2019,7,Sunday,True
3432,Toy Story 4,2019-07-15,601617,5113740.92,2019,7,Monday,False
3432,Toy Story 4,2019-07-16,566581,4815939.83,2019,7,Tuesday,False
3432,Toy Story 4,2019-07-17,533586,4535481.33,2019,7,Wednesday,False
3432,Toy Story 4,2019-07-18,502512,4271355.46,2019,7,Thursday,False
3432,Toy Story 4,2019-07-19,591560,5028263.85,2019,7,Friday,False
3432,Toy Story 4,2019-07-20,690817,5871946.29,2019,7,Saturday,True
3432,Toy Story 4,2019-07-21,650587,5529990.76,2019,7,Sunday,True
3432,Toy Story 4,2019-07-22,395290,3359967.21,2019,7,Monday,False
3432,Toy Story 4,2019-07-23,372270,3164297.95,2019,7,Tuesday,False
3432,Toy Story 4,2019-07-24,350591,2980023.58,2019,7,Wednesday,False
3432,Toy Story 4,2019-07-25,330174,2806480.52,2019,7,Thursday,False
3432,Toy Story 4,2019-07-26,388683,3303804.77,2019,7,Friday,False
3432,Toy Story 4,2019-07-27,453899,3858143.64,2019,7,Saturday,True
3432,Toy Story 4,2019-07-28,427466,3633462.84,2019,7,Sunday,True
3432,Toy Story 4,2019-07-29,259724,2207655.77,2019,7,Monday,False
3432,Toy Story 4,2019-07-30,244599,2079091.9,2019,7,Tuesday,False
3432,Toy Story 4,2019-07-31,230355,1958015.02,2019,7,Wednesday,False
3432,Toy Story 4,2019-08-01,216940,1843989.1,2019,8,Thursday,False
3432,Toy Story 4,2019-08-02,255383,2170754.42,2019,8,Friday,False
3432,Toy Story 4,2019-08-03,298233,2534981.01,2019,8,Saturday,True
3432,Toy Story 4,2019-08-04,280865,2387355.21,2019,8,Sunday,True
3432,Toy Story 4,2019-08-05,170651,1450533.2,2019,8,Monday,False
3432,Toy Story 4,2019-08-06,160713,1366060.72,2019,8,Tuesday,False
3432,Toy Story 4,2019-08-07,151354,1286507.54,2019,8,Wednesday,False
3432,Toy Story 4,2019-08-08,142540,1211587.17,2019,8,Thursday,False
3432,Toy Story 4,2019-08-09,167799,1426287.29,2019,8,Friday,False
3432,Toy Story 4,2019-08-10,195953,1665601.21,2019,8,Saturday,True
3432,Toy Story 4,2019-08-11,184542,1568604.15,2019,8,Sunday,True
3432,Toy Story 4,2019-08-12,112126,953068.23,2019,8,Monday,False
3432,Toy Story 4,2019-08-13,105596,897565.85,2019,8,Tuesday,False
3432,Toy Story 4,2019-08-14,99447,845295.69,2019,8,Wednesday,False
3432,Toy Story 4,2019-08-15,93655,796069.5,2019,8,Thursday,False
105,The Hunger Games: Catching Fire,2013-11-22,2965955,26397002.36,2013,11,Friday,False
105,The Hunger Games: Catching Fire,2013-11-23,3463607,30826103.16,2013,11,Saturday,True
105,The Hunger Games: Catching Fire,2013-11-24,3261902,29030930.67,2013,11,Sunday,True
105,The Hunger Games: Catching Fire,2013-11-25,1981899,17638903.79,2013,11,Monday,False
105,The Hunger Games: Catching Fire,2013-11-26,1866482,16611694.0,2013,11,Tuesday,False
105,The Hunger Games: Catching Fire,2013-11-27,1757787,15644304.26,2013,11,Wednesday,False
105,The Hunger Games: Catching Fire,2013-11-28,1655421,14733250.9,2013,11,Thursday,False
105,The Hunger Games: Catching Fire,2013-11-29,1948772,17344066.45,2013,11,Friday,False
105,The Hunger Games: Catching Fire,2013-11-30,2275752,20254193.05,2013,11,Saturday,True
105,The Hunger Games: Catching Fire,2013-12-01,2143223,19074680.67,2013,12,Sunday,True
105,The Hunger Games: Catching Fire,2013-12-02,1302201,11589585.64,2013,12,Monday,False
105,The Hunger Games: Catching Fire,2013-12-03,1226366,10914660.72,2013,12,Tuesday,False
105,The Hunger Games: Catching Fire,2013-12-04,1154948,10279040.36,2013,12,Wednesday,False
105,The Hunger Games: Catching Fire,2013-12-05,1087689,9680435.65,2013,12,Thursday,False
105,The Hunger Games: Catching Fire,2013-12-06,1280434,11395863.71,2013,12,Friday,False
105,The Hunger Games: Catching Fire,2013-12-07,1495276,13307953.13,2013,12,Saturday,True
105,The Hunger Games: Catching Fire,2013-12-08,1408198,12532958.27,2013,12,Sunday,True
105,The Hunger Games: Catching Fire,2013-12-09,855607,7614900.39,2013,12,Monday,False
105,The Hunger Games: Catching Fire,2013-12-10,805780,7171443.11,2013,12,Tuesday,False
105,The Hunger Games: Catching Fire,2013-12-11,758855,6753810.78,2013,12,Wednesday,False
105,The Hunger Games: Catching Fire,2013-12-12,714663,6360499.46,2013,12,Thursday,False
105,The Hunger Games: Catching Fire,2013-12-13,841305,7487616.01,2013,12,Friday,False
105,The Hunger Games: Catching Fire,2013-12-14,982466,8743948.28,2013,12,Saturday,True
105,The Hunger Games: Catching Fire,2013-12-15,925252,8234740.38,2013,12,Sunday,True
105,The Hunger Games: Catching Fire,2013-12-16,562174,5003346.08,2013,12,Monday,False
105,The Hunger Games: Catching Fire,2013-12-17,529435,4711973.89,2013,12,Tuesday,False
105,The Hunger Games: Catching Fire,2013-12-18,498603,4437569.89,2013,12,Wednesday,False
105,The Hunger Games: Catching Fire,2013-12-19,469567,4179145.94,2013,12,Thursday,False
105,The Hunger Games: Catching Fire,2013-12-20,552777,4919714.29,2013,12,Friday,False
105,The Hunger Games: Catching Fire,2013-12-21,645526,5745183.41,2013,12,Saturday,True
105,The Hunger Games: Catching Fire,2013-12-22,607934,5410609.98,2013,12,Sunday,True
105,The Hunger Games: Catching Fire,2013-12-23,369374,3287432.63,2013,12,Monday,False
105,The Hunger Games: Catching Fire,2013-12-24,347864,3095987.46,2013,12,Tuesday,False
105,The Hunger Games: Catching Fire,2013-12-25,327606,2915691.19,2013,12,Wednesday,False
105,The Hunger Games: Catching Fire,2013-12-26,308527,2745894.55,2013,12,Thursday,False
105,The Hunger Games: Catching Fire,2013-12-27,363200,3232482.63,2013,12,Friday,False
105,The Hunger Games: Catching Fire,2013-12-28,424141,3774854.49,2013,12,Saturday,True
105,The Hunger Games: Catching Fire,2013-12-29,399441,3555024.08,2013,12,Sunday,True
105,The Hunger Games: Catching Fire,2013-12-30,242696,2159997.16,2013,12,Monday,False
105,The Hunger Games: Catching Fire,2013-12-31,228563,2034208.72,2013,12,Tuesday,False
105,The Hunger Games: Catching Fire,2014-01-01,215252,1915745.62,2014,1,Wednesday,False
105,The Hunger Games: Catching Fire,2014-01-02,202717,1804181.28,2014,1,Thursday,False
105,The Hunger Games: Catching Fire,2014-01-03,238640,2123892.43,2014,1,Friday,False
105,The Hunger Games: Catching Fire,2014-01-04,278680,2480256.14,2014,1,Saturday,True
105,The Hunger Games: Catching Fire,2014-01-05,262451,2335817.27,2014,1,Sunday,True
105,The Hunger Games: Catching Fire,2014-01-06,159463,1419219.26,2014,1,Monday,False
105,The Hunger Games: Catching Fire,2014-01-07,150176,1336570.37,2014,1,Tuesday,False
105,The Hunger Games: Catching Fire,2014-01-08,141431,1258734.57,2014,1,Wednesday,False
105,The Hunger Games: Catching Fire,2014-01-09,133195,1185431.57,2014,1,Thursday,False
105,The Hunger Games: Catching Fire,2014-01-10,156797,1395496.77,2014,1,Friday,False
105,The Hunger Games: Catching Fire,2014-01-11,183106,1629644.41,2014,1,Saturday,True
105,The Hunger Games: Catching Fire,2014-01-12,172443,1534741.31,2014,1,Sunday,True
105,The Hunger Games: Catching Fire,2014-01-13,104775,932493.5,2014,1,Monday,False
105,The Hunger Games: Catching Fire,2014-01-14,98673,878189.31,2014,1,Tuesday,False
105,The Hunger Games: Catching Fire,2014-01-15,92927,827047.55,2014,1,Wednesday,False
105,The Hunger Games: Catching Fire,2014-01-16,87515,778884.05,2014,1,Thursday,False
381,The Lion King,1994-06-15,2038054,21399562.19,1994,6,Wednesday,False
381,The Lion King,1994-06-16,1919367,20153348.71,1994,6,Thursday,False
381,The Lion King,1994-06-17,2259489,23724636.31,1994,6,Friday,False
381,The Lion King,1994-06-18,2638604,27705346.1,1994,6,Saturday,True
381,The Lion King,1994-06-19,2484944,26091912.35,1994,6,Sunday,True
381,The Lion King,1994-06-20,1509827,15853185.59,1994,6,Monday,False
381,The Lion King,1994-06-21,1421902,14929967.93,1994,6,Tuesday,False
381,The Lion King,1994-06-22,1339097,14060514.29,1994,6,Wednesday,False
381,The Lion King,1994-06-23,1261114,13241693.68,1994,6,Thursday,False
381,The Lion King,1994-06-24,1484590,15588196.84,1994,6,Friday,False
381,The Lion King,1994-06-25,1733687,18203709.55,1994,6,Saturday,True
381,The Lion King,1994-06-26,1632725,17143608.03,1994,6,Sunday,True
381,The Lion King,1994-06-27,992027,10416285.17,1994,6,Monday,False
381,The Lion King,1994-06-28,934256,9809687.95,1994,6,Tuesday,False
381,The Lion King,1994-06-29,879849,9238416.2,1994,6,Wednesday,False
381,The Lion King,1994-06-30,828611,8700412.72,1994,6,Thursday,False
381,The Lion King,1994-07-01,975445,10242175.16,1994,7,Friday,False
381,The Lion King,1994-07-02,1139113,11960689.47,1994,7,Saturday,True
381,The Lion King,1994-07-03,1072776,11264153.14,1994,7,Sunday,True
381,The Lion King,1994-07-04,651808,6843987.05,1994,7,Monday,False
381,The Lion King,1994-07-05,613850,6445424.27,1994,7,Tuesday,False
381,The Lion King,1994-07-06,578102,6070071.98,1994,7,Wednesday,False
381,The Lion King,1994-07-07,544436,5716578.51,1994,7,Thursday,False
381,The Lion King,1994-07-08,640913,6729588.62,1994,7,Friday,False
381,The Lion King,1994-07-09,748451,7858732.98,1994,7,Saturday,True
381,The Lion King,1994-07-10,704864,7401076.0,1994,7,Sunday,True
381,The Lion King,1994-07-11,428269,4496819.92,1994,7,Monday,False
381,The Lion King,1994-07-12,403328,4234945.52,1994,7,Tuesday,False
381,The Lion King,1994-07-13,379840,3988321.49,1994,7,Wednesday,False
381,The Lion King,1994-07-14,357720,3756059.73,1994,7,Thursday,False
381,The Lion King,1994-07-15,421110,4421654.8,1994,7,Friday,False
381,The Lion King,1994-07-16,491767,5163555.51,1994,7,Saturday,True
381,The Lion King,1994-07-17,463129,4862853.45,1994,7,Sunday,True
381,The Lion King,1994-07-18,281392,2954621.23,1994,7,Monday,False
381,The Lion King,1994-07-19,265005,2782557.49,1994,7,Tuesday,False
381,The Lion King,1994-07-20,249573,2620513.95,1994,7,Wednesday,False
381,The Lion King,1994-07-21,235039,2467907.1,1994,7,Thursday,False
381,The Lion King,1994-07-22,276689,2905234.22,1994,7,Friday,False
381,The Lion King,1994-07-23,323114,3392697.73,1994,7,Saturday,True
381,The Lion King,1994-07-24,304297,3195122.39,1994,7,Sunday,True
381,The Lion King,1994-07-25,184888,1941324.48,1994,7,Monday,False
381,The Lion King,1994-07-26,174121,1828270.55,1994,7,Tuesday,False
381,The Lion King,1994-07-27,163981,1721800.36,1994,7,Wednesday,False
381,The Lion King,1994-07-28,154431,1621530.51,1994,7,Thursday,False
381,The Lion King,1994-07-29,181798,1908874.91,1994,7,Friday,False
381,The Lion King,1994-07-30,212301,2229161.25,1994,7,Saturday,True
381,The Lion King,1994-07-31,199938,2099345.01,1994,7,Sunday,True
381,The Lion King,1994-08-01,121480,1275541.08,1994,8,Monday,False
381,The Lion King,1994-08-02,114406,1201259.35,1994,8,Tuesday,False
381,The Lion King,1994-08-03,107743,1131303.45,1994,8,Wednesday,False
381,The Lion King,1994-08-04,101469,1065421.47,1994,8,Thursday,False
381,The Lion King,1994-08-05,119450,1254220.19,1994,8,Friday,False
381,The Lion King,1994-08-06,139492,1464663.31,1994,8,Saturday,True
381,The Lion King,1994-08-07,131368,1379367.96,1994,8,Sunday,True
381,The Lion King,1994-08-08,79818,838090.21,1994,8,Monday,False
381,The Lion King,1994-08-09,75170,789283.63,1994,8,Tuesday,False
5,Jurassic World: Fallen Kingdom,2018-06-22,2467241,25906025.8,2018,6,Friday,False
5,Jurassic World: Fallen Kingdom,2018-06-23,2881214,30252746.62,2018,6,Saturday,True
5,Jurassic World: Fallen Kingdom,2018-06-24,2713425,28490963.81,2018,6,Sunday,True
5,Jurassic World: Fallen Kingdom,2018-06-25,1648650,17310825.32,2018,6,Monday,False
5,Jurassic World: Fallen Kingdom,2018-06-26,1552640,16302721.33,2018,6,Tuesday,False
5,Jurassic World: Fallen Kingdom,2018-06-27,1462221,15353324.75,2018,6,Wednesday,False
5,Jurassic World: Fallen Kingdom,2018-06-28,1377068,14459216.73,2018,6,Thursday,False
5,Jurassic World: Fallen Kingdom,2018-06-29,1621093,17021471.87,2018,6,Friday,False
5,Jurassic World: Fallen Kingdom,2018-06-30,1893092,19877470.96,2018,6,Saturday,True
5,Jurassic World: Fallen Kingdom,2018-07-01,1782847,18719897.17,2018,7,Sunday,True
5,Jurassic World: Fallen Kingdom,2018-07-02,1083240,11374022.73,2018,7,Monday,False
5,Jurassic World: Fallen Kingdom,2018-07-03,1020157,10711651.21,2018,7,Tuesday,False
5,Jurassic World: Fallen Kingdom,2018-07-04,960748,10087853.2,2018,7,Wednesday,False
5,Jurassic World: Fallen Kingdom,2018-07-05,904798,9500382.37,2018,7,Thursday,False
5,Jurassic World: Fallen Kingdom,2018-07-06,1065134,11183903.96,2018,7,Friday,False
5,Jurassic World: Fallen Kingdom,2018-07-07,1243850,13060429.08,2018,7,Saturday,True
5,Jurassic World: Fallen Kingdom,2018-07-08,1171414,12299848.9,2018,7,Sunday,True
5,Jurassic World: Fallen Kingdom,2018-07-09,711740,7473265.46,2018,7,Monday,False
5,Jurassic World: Fallen Kingdom,2018-07-10,670291,7038056.36,2018,7,Tuesday,False
5,Jurassic World: Fallen Kingdom,2018-07-11,631256,6628191.87,2018,7,Wednesday,False
5,Jurassic World: Fallen Kingdom,2018-07-12,594495,6242196.02,2018,7,Thursday,False
5,Jurassic World: Fallen Kingdom,2018-07-13,699843,7348348.53,2018,7,Friday,False
5,Jurassic World: Fallen Kingdom,2018-07-14,817268,8581313.39,2018,7,Saturday,True
5,Jurassic World: Fallen Kingdom,2018-07-15,769674,8081576.6,2018,7,Sunday,True
5,Jurassic World: Fallen Kingdom,2018-07-16,467646,4910285.3,2018,7,Monday,False
5,Jurassic World: Fallen Kingdom,2018-07-17,440413,4624332.55,2018,7,Tuesday,False
5,Jurassic World: Fallen Kingdom,2018-07-18,414765,4355032.39,2018,7,Wednesday,False
5,Jurassic World: Fallen Kingdom,2018-07-19,390611,4101415.04,2018,7,Thursday,False
5,Jurassic World: Fallen Kingdom,2018-07-20,459829,4828209.03,2018,7,Friday,False
5,Jurassic World: Fallen Kingdom,2018-07-21,536983,5638324.67,2018,7,Saturday,True
5,Jurassic World: Fallen Kingdom,2018-07-22,505712,5309974.21,2018,7,Sunday,True
5,Jurassic World: Fallen Kingdom,2018-07-23,307265,3226287.34,2018,7,Monday,False
5,Jurassic World: Fallen Kingdom,2018-07-24,289372,3038403.0,2018,7,Tuesday,False
5,Jurassic World: Fallen Kingdom,2018-07-25,272520,2861460.18,2018,7,Wednesday,False
5,Jurassic World: Fallen Kingdom,2018-07-26,256650,2694821.71,2018,7,Thursday,False
5,Jurassic World: Fallen Kingdom,2018-07-27,302129,3172359.39,2018,7,Friday,False
5,Jurassic World: Fallen Kingdom,2018-07-28,352823,3704643.3,2018,7,Saturday,True
5,Jurassic World: Fallen Kingdom,2018-07-29,332276,3488901.67,2018,7,Sunday,True
5,Jurassic World: Fallen Kingdom,2018-07-30,201888,2119821.84,2018,7,Monday,False
5,Jurassic World: Fallen Kingdom,2018-07-31,190131,1996373.03,2018,7,Tuesday,False
5,Jurassic World: Fallen Kingdom,2018-08-01,179058,1880113.31,2018,8,Wednesday,False
5,Jurassic World: Fallen Kingdom,2018-08-02,168631,1770624.04,2018,8,Thursday,False
5,Jurassic World: Fallen Kingdom,2018-08-03,198513,2084388.65,2018,8,Friday,False
5,Jurassic World: Fallen Kingdom,2018-08-04,231821,2434124.1,2018,8,Saturday,True
5,Jurassic World: Fallen Kingdom,2018-08-05,218321,2292371.74,2018,8,Sunday,True
5,Jurassic World: Fallen Kingdom,2018-08-06,132650,1392822.2,2018,8,Monday,False
5,Jurassic World: Fallen Kingdom,2018-08-07,124925,1311710.55,2018,8,Tuesday,False
5,Jurassic World: Fallen Kingdom,2018-08-08,117650,1235322.47,2018,8,Wednesday,False
5,Jurassic World: Fallen Kingdom,2018-08-09,110798,1163382.89,2018,8,Thursday,False
5,Jurassic World: Fallen Kingdom,2018-08-10,130432,1369540.93,2018,8,Friday,False
5,Jurassic World: Fallen Kingdom,2018-08-11,152317,1599333.5,2018,8,Saturday,True
5,Jurassic World: Fallen Kingdom,2018-08-12,143447,1506195.56,2018,8,Sunday,True
5,Jurassic World: Fallen Kingdom,2018-08-13,87157,915149.4,2018,8,Monday,False
5,Jurassic World: Fallen Kingdom,2018-08-14,82081,861855.24,2018,8,Tuesday,False
5,Jurassic World: Fallen Kingdom,2018-08-15,77301,811664.7,2018,8,Wednesday,False
5,Jurassic World: Fallen Kingdom,2018-08-16,72800,764397.03,2018,8,Thursday,False
3431,Toy Story 3,2010-06-18,2282863,25796348.17,2010,6,Friday,False
3431,Toy Story 3,2010-06-19,2665900,30124666.4,2010,6,Saturday,True
3431,Toy Story 3,2010-06-20,2510650,28370342.4,2010,6,Sunday,True
3431,Toy Story 3,2010-06-21,1525446,17237536.95,2010,6,Monday,False
3431,Toy Story 3,2010-06-22,1436611,16233700.95,2010,6,Tuesday,False
3431,Toy Story 3,2010-06-23,1352949,15288323.8,2010,6,Wednesday,False
3431,Toy Story 3,2010-06-24,1274159,14398001.13,2010,6,Thursday,False
3431,Toy Story 3,2010-06-25,1499948,16949408.53,2010,6,Friday,False
3431,Toy Story 3,2010-06-26,1751621,19793316.25,2010,6,Saturday,True
3431,Toy Story 3,2010-06-27,1649614,18640643.25,2010,6,Sunday,True
3431,Toy Story 3,2010-06-28,1002289,11325868.84,2010,6,Monday,False
3431,Toy Story 3,2010-06-29,943920,10666301.58,2010,6,Tuesday,False
3431,Toy Story 3,2010-06-30,888951,10045144.53,2010,6,Wednesday,False
3431,Toy Story 3,2010-07-01,837182,9460160.86,2010,7,Thursday,False
3431,Toy Story 3,2010-07-02,985536,11136554.97,2010,7,Friday,False
3431,Toy Story 3,2010-07-03,1150897,13005135.5,2010,7,Saturday,True
3431,Toy Story 3,2010-07-04,1083874,12247775.37,2010,7,Sunday,True
3431,Toy Story 3,2010-07-05,658551,7441626.1,2010,7,Monday,False
3431,Toy Story 3,2010-07-06,620200,7008259.53,2010,7,Tuesday,False
3431,Toy Story 3,2010-07-07,584082,6600130.27,2010,7,Wednesday,False
3431,Toy Story 3,2010-07-08,550068,6215768.61,2010,7,Thursday,False
3431,Toy Story 3,2010-07-09,647543,7317238.03,2010,7,Friday,False
3431,Toy Story 3,2010-07-10,756193,8544982.92,2010,7,Saturday,True
3431,Toy Story 3,2010-07-11,712156,8047361.85,2010,7,Sunday,True
3431,Toy Story 3,2010-07-12,432699,4889496.76,2010,7,Monday,False
3431,Toy Story 3,2010-07-13,407500,4604754.64,2010,7,Tuesday,False
3431,Toy Story 3,2010-07-14,383769,4336594.6,2010,7,Wednesday,False
3431,Toy Story 3,2010-07-15,361420,4084051.0,2010,7,Thursday,False
3431,Toy Story 3,2010-07-16,425466,4807767.98,2010,7,Friday,False
3431,Toy Story 3,2010-07-17,496854,5614453.85,2010,7,Saturday,True
3431,Toy Story 3,2010-07-18,467920,5287493.51,2010,7,Sunday,True
3431,Toy Story 3,2010-07-19,284303,3212628.3,2010,7,Monday,False
3431,Toy Story 3,2010-07-20,267747,3025539.39,2010,7,Tuesday,False
3431,Toy Story 3,2010-07-21,252154,2849345.69,2010,7,Wednesday,False
3431,Toy Story 3,2010-07-22,237470,2683412.72,2010,7,Thursday,False
3431,Toy Story 3,2010-07-23,279551,3158928.66,2010,7,Friday,False
3431,Toy Story 3,2010-07-24,326457,3688959.05,2010,7,Saturday,True
3431,Toy Story 3,2010-07-25,307445,3474130.8,2010,7,Sunday,True
3431,Toy Story 3,2010-07-26,186801,2110847.21,2010,7,Monday,False
3431,Toy Story 3,2010-07-27,175922,1987921.04,2010,7,Tuesday,False
3431,Toy Story 3,2010-07-28,165677,1872153.53,2010,7,Wednesday,False
3431,Toy Story 3,2010-07-29,156029,1763127.79,2010,7,Thursday,False
3431,Toy Story 3,2010-07-30,183678,2075564.03,2010,7,Friday,False
3431,Toy Story 3,2010-07-31,214497,2423818.81,2010,7,Saturday,True
3431,Toy Story 3,2010-08-01,202006,2282666.59,2010,8,Sunday,True
3431,Toy Story 3,2010-08-02,122737,1386925.44,2010,8,Monday,False
3431,Toy Story 3,2010-08-03,115589,1306157.19,2010,8,Tuesday,False
3431,Toy Story 3,2010-08-04,108858,1230092.52,2010,8,Wednesday,False
3431,Toy Story 3,2010-08-05,102518,1158457.51,2010,8,Thursday,False
3431,Toy Story 3,2010-08-06,120685,1363742.74,2010,8,Friday,False
3431,Toy Story 3,2010-08-07,140935,1592562.44,2010,8,Saturday,True
3431,Toy Story 3,2010-08-08,132727,1499818.83,2010,8,Sunday,True
3431,Toy Story 3,2010-08-09,80644,911274.95,2010,8,Monday,False
3431,Toy Story 3,2010-08-10,75947,858206.43,2010,8,Tuesday,False
3431,Toy Story 3,2010-08-11,71525,808228.38,2010,8,Wednesday,False
3431,Toy Story 3,2010-08-12,67359,761160.82,2010,8,Thursday,False
39,Wonder Woman,2017-06-02,2269433,25644588.36,2017,6,Friday,False
39,Wonder Woman,2017-06-03,2650216,29947443.11,2017,6,Saturday,True
39,Wonder Woman,2017-06-04,2495880,28203439.79,2017,6,Sunday,True
39,Wonder Woman,2017-06-05,1516472,17136128.59,2017,6,Monday,False
39,Wonder Woman,2017-06-06,1428159,16138198.15,2017,6,Tuesday,False
39,Wonder Woman,2017-06-07,1344990,15198382.66,2017,6,Wednesday,False
39,Wonder Woman,2017-06-08,1266664,14313297.75,2017,6,Thursday,False
39,Wonder Woman,2017-06-09,1491123,16849695.23,2017,6,Friday,False
39,Wonder Woman,2017-06-10,1741316,19676872.26,2017,6,Saturday,True
39,Wonder Woman,2017-06-11,1639910,18530980.42,2017,6,Sunday,True
39,Wonder Woman,2017-06-12,996393,11259238.8,2017,6,Monday,False
39,Wonder Woman,2017-06-13,938367,10603551.77,2017,6,Tuesday,False
39,Wonder Woman,2017-06-14,883721,9986048.99,2017,6,Wednesday,False
39,Wonder Woman,2017-06-15,832257,9404506.77,2017,6,Thursday,False
39,Wonder Woman,2017-06-16,979738,11071038.66,2017,6,Friday,False
39,Wonder Woman,2017-06-17,1144126,12928626.34,2017,6,Saturday,True
39,Wonder Woman,2017-06-18,1077498,12175721.75,2017,6,Sunday,True
39,Wonder Woman,2017-06-19,654677,7397847.04,2017,6,Monday,False
39,Wonder Woman,2017-06-20,616551,6967029.97,2017,6,Tuesday,False
39,Wonder Woman,2017-06-21,580646,6561301.73,2017,6,Wednesday,False
39,Wonder Woman,2017-06-22,546832,6179201.26,2017,6,Thursday,False
39,Wonder Woman,2017-06-23,643734,7274190.75,2017,6,Friday,False
39,Wonder Woman,2017-06-24,751744,8494712.82,2017,6,Saturday,True
39,Wonder Woman,2017-06-25,707966,8000019.26,2017,6,Sunday,True
39,Wonder Woman,2017-06-26,430153,4860731.87,2017,6,Monday,False
39,Wonder Woman,2017-06-27,405103,4577664.89,2017,6,Tuesday,False
39,Wonder Woman,2017-06-28,381512,4311082.44,2017,6,Wednesday,False
39,Wonder Woman,2017-06-29,359294,4060024.54,2017,6,Thursday,False
39,Wonder Woman,2017-06-30,422963,4779483.9,2017,6,Friday,False
39,Wonder Woman,2017-07-01,493931,5581424.04,2017,7,Saturday,True
39,Wonder Woman,2017-07-02,465167,5256387.21,2017,7,Sunday,True
39,Wonder Woman,2017-07-03,282631,3193728.42,2017,7,Monday,False
39,Wonder Woman,2017-07-04,266172,3007740.16,2017,7,Tuesday,False
39,Wonder Woman,2017-07-05,250671,2832583.0,2017,7,Wednesday,False
39,Wonder Woman,2017-07-06,236073,2667626.21,2017,7,Thursday,False
39,Wonder Woman,2017-07-07,277907,3140344.69,2017,7,Friday,False
39,Wonder Woman,2017-07-08,324536,3667256.92,2017,7,Saturday,True
39,Wonder Woman,2017-07-09,305637,3453692.5,2017,7,Sunday,True
39,Wonder Woman,2017-07-10,185702,2098429.1,2017,7,Monday,False
39,Wonder Woman,2017-07-11,174887,1976226.1,2017,7,Tuesday,False
39,Wonder Woman,2017-07-12,164703,1861139.66,2017,7,Wednesday,False
39,Wonder Woman,2017-07-13,155111,1752755.32,2017,7,Thursday,False
39,Wonder Woman,2017-07-14,182598,2063353.49,2017,7,Friday,False
39,Wonder Woman,2017-07-15,213235,2409559.5,2017,7,Saturday,True
39,Wonder Woman,2017-07-16,200817,2269237.67,2017,7,Sunday,True
39,Wonder Woman,2017-07-17,122015,1378766.17,2017,7,Monday,False
39,Wonder Woman,2017-07-18,114909,1298473.08,2017,7,Tuesday,False
39,Wonder Woman,2017-07-19,108217,1222855.89,2017,7,Wednesday,False
39,Wonder Woman,2017-07-20,101915,1151642.31,2017,7,Thursday,False
39,Wonder Woman,2017-07-21,119975,1355719.85,2017,7,Friday,False
39,Wonder Woman,2017-07-22,140106,1583193.4,2017,7,Saturday,True
39,Wonder Woman,2017-07-23,131946,1490995.4,2017,7,Sunday,True
39,Wonder Woman,2017-07-24,80169,905913.93,2017,7,Monday,False
39,Wonder Woman,2017-07-25,75501,853157.61,2017,7,Tuesday,False
39,Wonder Woman,2017-07-26,71104,803473.57,2017,7,Wednesday,False
39,Wonder Woman,2017-07-27,66963,756682.92,2017,7,Thursday,False
3423,Iron Man 3,2013-05-03,2249908,25423959.82,2013,5,Friday,False
3423,Iron Man 3,2013-05-04,2627416,29689795.75,2013,5,Saturday,True
3423,Iron Man 3,2013-05-05,2474407,27960796.64,2013,5,Sunday,True
3423,Iron Man 3,2013-05-06,1503425,16988701.04,2013,5,Monday,False
3423,Iron Man 3,2013-05-07,1415872,15999356.11,2013,5,Tuesday,False
3423,Iron Man 3,2013-05-08,1333418,15067626.14,2013,5,Wednesday,False
3423,Iron Man 3,2013-05-09,1255766,14190155.91,2013,5,Thursday,False
3423,Iron Man 3,2013-05-10,1478295,16704731.95,2013,5,Friday,False
3423,Iron Man 3,2013-05-11,1726335,19507585.88,2013,5,Saturday,True
3423,Iron Man 3,2013-05-12,1625801,18371552.51,2013,5,Sunday,True
3423,Iron Man 3,2013-05-13,987821,11162371.99,2013,5,Monday,False
3423,Iron Man 3,2013-05-14,930294,10512326.05,2013,5,Tuesday,False
3423,Iron Man 3,2013-05-15,876118,9900135.84,2013,5,Wednesday,False
3423,Iron Man 3,2013-05-16,825097,9323596.81,2013,5,Thursday,False
3423,Iron Man 3,2013-05-17,971309,10975791.0,2013,5,Friday,False
3423,Iron Man 3,2013-05-18,1134283,12817397.26,2013,5,Saturday,True
3423,Iron Man 3,2013-05-19,1068227,12070970.15,2013,5,Sunday,True
3423,Iron Man 3,2013-05-20,649044,7334201.02,2013,5,Monday,False
3423,Iron Man 3,2013-05-21,611247,6907090.4,2013,5,Tuesday,False
3423,Iron Man 3,2013-05-22,575651,6504852.77,2013,5,Wednesday,False
3423,Iron Man 3,2013-05-23,542127,6126039.63,2013,5,Thursday,False
3423,Iron Man 3,2013-05-24,638195,7211608.57,2013,5,Friday,False
3423,Iron Man 3,2013-05-25,745277,8421630.11,2013,5,Saturday,True
3423,Iron Man 3,2013-05-26,701875,7931192.55,2013,5,Sunday,True
3423,Iron Man 3,2013-05-27,426453,4818913.45,2013,5,Monday,False
3423,Iron Man 3,2013-05-28,401618,4538281.78,2013,5,Tuesday,False
3423,Iron Man 3,2013-05-29,378229,4273992.83,2013,5,Wednesday,False
3423,Iron Man 3,2013-05-30,356203,4025094.86,2013,5,Thursday,False
3423,Iron Man 3,2013-05-31,419324,4738364.48,2013,5,Friday,False
3423,Iron Man 3,2013-06-01,489682,5533405.28,2013,6,Saturday,True
3423,Iron Man 3,2013-06-02,461165,5211164.84,2013,6,Sunday,True
3423,Iron Man 3,2013-06-03,280199,3166251.76,2013,6,Monday,False
3423,Iron Man 3,2013-06-04,263882,2981863.61,2013,6,Tuesday,False
3423,Iron Man 3,2013-06-05,248514,2808213.39,2013,6,Wednesday,False
3423,Iron Man 3,2013-06-06,234042,2644675.78,2013,6,Thursday,False
3423,Iron Man 3,2013-06-07,275516,3113327.31,2013,6,Friday,False
3423,Iron Man 3,2013-06-08,321744,3635706.34,2013,6,Saturday,True
3423,Iron Man 3,2013-06-09,303007,3423979.29,2013,6,Sunday,True
3423,Iron Man 3,2013-06-10,184104,2080375.65,2013,6,Monday,False
3423,Iron Man 3,2013-06-11,173383,1959224.0,2013,6,Tuesday,False
3423,Iron Man 3,2013-06-12,163286,1845127.68,2013,6,Wednesday,False
3423,Iron Man 3,2013-06-13,153777,1737675.81,2013,6,Thursday,False
3423,Iron Man 3,2013-06-14,181027,2045601.81,2013,6,Friday,False
3423,Iron Man 3,2013-06-15,211401,2388829.29,2013,6,Saturday,True
3423,Iron Man 3,2013-06-16,199090,2249714.7,2013,6,Sunday,True
3423,Iron Man 3,2013-06-17,120965,1366904.2,2013,6,Monday,False
3423,Iron Man 3,2013-06-18,113921,1287301.9,2013,6,Tuesday,False
3423,Iron Man 3,2013-06-19,107286,1212335.27,2013,6,Wednesday,False
3423,Iron Man 3,2013-06-20,101038,1141734.36,2013,6,Thursday,False
3423,Iron Man 3,2013-06-21,118943,1344056.16,2013,6,Friday,False
3423,Iron Man 3,2013-06-22,138900,1569572.69,2013,6,Saturday,True
3423,Iron Man 3,2013-06-23,130811,1478167.89,2013,6,Sunday,True
3423,Iron Man 3,2013-06-24,79480,898120.06,2013,6,Monday,False
3423,Iron Man 3,2013-06-25,74851,845817.62,2013,6,Tuesday,False
3423,Iron Man 3,2013-06-26,70492,796561.04,2013,6,Wednesday,False
3423,Iron Man 3,2013-06-27,66387,750172.93,2013,6,Thursday,False
3424,Captain America: Civil War,2016-05-06,2984256,25366173.89,2016,5,Friday,False
3424,Captain America: Civil War,2016-05-07,3484978,29622314.02,2016,5,Saturday,True
3424,Captain America: Civil War,2016-05-08,3282029,27897244.75,2016,5,Sunday,True
3424,Captain America: Civil War,2016-05-09,1994128,16950087.54,2016,5,Monday,False
3424,Captain America: Civil War,2016-05-10,1877999,15962991.29,2016,5,Tuesday,False
3424,Captain America: Civil War,2016-05-11,1768633,15033379.04,2016,5,Wednesday,False
3424,Captain America: Civil War,2016-05-12,1665636,14157903.2,2016,5,Thursday,False
3424,Captain America: Civil War,2016-05-13,1960796,16666763.88,2016,5,Friday,False
3424,Captain America: Civil War,2016-05-14,2289794,19463247.22,2016,5,Saturday,True
3424,Captain America: Civil War,2016-05-15,2156447,18329795.94,2016,5,Sunday,True
3424,Captain America: Civil War,2016-05-16,1310235,11137001.11,2016,5,Monday,False
3424,Captain America: Civil War,2016-05-17,1233933,10488432.66,2016,5,Tuesday,False
3424,Captain America: Civil War,2016-05-18,1162075,9877633.89,2016,5,Wednesday,False
3424,Captain America: Civil War,2016-05-19,1094401,9302405.27,2016,5,Thursday,False
3424,Captain America: Civil War,2016-05-20,1288335,10950844.21,2016,5,Friday,False
3424,Captain America: Civil War,2016-05-21,1504502,12788264.69,2016,5,Saturday,True
3424,Captain America: Civil War,2016-05-22,1416886,12043534.13,2016,5,Sunday,True
3424,Captain America: Civil War,2016-05-23,860886,7317531.16,2016,5,Monday,False
3424,Captain America: Civil War,2016-05-24,810752,6891391.32,2016,5,Tuesday,False
3424,Captain America: Civil War,2016-05-25,763537,6490067.94,2016,5,Wednesday,False
3424,Captain America: Civil War,2016-05-26,719072,6112115.8,2016,5,Thursday,False
3424,Captain America: Civil War,2016-05-27,846496,7195217.36,2016,5,Friday,False
3424,Captain America: Civil War,2016-05-28,988528,8402488.65,2016,5,Saturday,True
3424,Captain America: Civil War,2016-05-29,930961,7913165.8,2016,5,Sunday,True
3424,Captain America: Civil War,2016-05-30,565642,4807960.58,2016,5,Monday,False
3424,Captain America: Civil War,2016-05-31,532702,4527966.75,2016,5,Tuesday,False
3424,Captain America: Civil War,2016-06-01,501680,4264278.5,2016,6,Wednesday,False
3424,Captain America: Civil War,2016-06-02,472464,4015946.25,2016,6,Thursday,False
3424,Captain America: Civil War,2016-06-03,556188,4727594.68,2016,6,Friday,False
3424,Captain America: Civil War,2016-06-04,649509,5520828.44,2016,6,Saturday,True
3424,Captain America: Civil War,2016-06-05,611685,5199320.42,2016,6,Sunday,True
3424,Captain America: Civil War,2016-06-06,371654,3159055.21,2016,6,Monday,False
3424,Captain America: Civil War,2016-06-07,350010,2975086.16,2016,6,Tuesday,False
3424,Captain America: Civil War,2016-06-08,329627,2801830.63,2016,6,Wednesday,False
3424,Captain America: Civil War,2016-06-09,310431,2638664.71,2016,6,Thursday,False
3424,Captain America: Civil War,2016-06-10,365441,3106251.05,2016,6,Friday,False
3424,Captain America: Civil War,2016-06-11,426758,3627442.77,2016,6,Saturday,True
3424,Captain America: Civil War,2016-06-12,401906,3416196.95,2016,6,Sunday,True
3424,Captain America: Civil War,2016-06-13,244194,2075647.18,2016,6,Monday,False
3424,Captain America: Civil War,2016-06-14,229973,1954770.9,2016,6,Tuesday,False
3424,Captain America: Civil War,2016-06-15,216580,1840933.9,2016,6,Wednesday,False
3424,Captain America: Civil War,2016-06-16,203968,1733726.26,2016,6,Thursday,False
3424,Captain America: Civil War,2016-06-17,240112,2040952.38,2016,6,Friday,False
3424,Captain America: Civil War,2016-06-18,280400,2383399.74,2016,6,Saturday,True
3424,Captain America: Civil War,2016-06-19,264071,2244601.34,2016,6,Sunday,True
3424,Captain America: Civil War,2016-06-20,160447,1363797.38,2016,6,Monday,False
3424,Captain America: Civil War,2016-06-21,151103,1284376.0,2016,6,Tuesday,False
3424,Captain America: Civil War,2016-06-22,142304,1209579.77,2016,6,Wednesday,False
3424,Captain America: Civil War,2016-06-23,134016,1139139.32,2016,6,Thursday,False
3424,Captain America: Civil War,2016-06-24,157765,1341001.27,2016,6,Friday,False
3424,Captain America: Civil War,2016-06-25,184236,1566005.22,2016,6,Saturday,True
3424,Captain America: Civil War,2016-06-26,173507,1474808.17,2016,6,Sunday,True
3424,Captain America: Civil War,2016-06-27,105421,896078.73,2016,6,Monday,False
3424,Captain America: Civil War,2016-06-28,99282,843895.17,2016,6,Tuesday,False
3424,Captain America: Civil War,2016-06-29,93500,794750.54,2016,6,Wednesday,False
3424,Captain America: Civil War,2016-06-30,88055,748467.87,2016,6,Thursday,False
254,Jumanji: Welcome to the Jungle,2017-12-20,1882847,20523034.01,2017,12,Wednesday,False
254,Jumanji: Welcome to the Jungle,2017-12-21,1773199,19327865.55,2017,12,Thursday,False
254,Jumanji: Welcome to the Jungle,2017-12-22,2087420,22752872.85,2017,12,Friday,False
254,Jumanji: Welcome to the Jungle,2017-12-23,2437664,26570532.38,2017,12,Saturday,True
254,Jumanji: Welcome to the Jungle,2017-12-24,2295705,25023185.03,2017,12,Sunday,True
254,Jumanji: Welcome to the Jungle,2017-12-25,1394847,15203837.54,2017,12,Monday,False
254,Jumanji: Welcome to the Jungle,2017-12-26,1313618,14318434.96,2017,12,Tuesday,False
254,Jumanji: Welcome to the Jungle,2017-12-27,1237119,13484594.23,2017,12,Wednesday,False
254,Jumanji: Welcome to the Jungle,2017-12-28,1165075,12699312.59,2017,12,Thursday,False
254,Jumanji: Welcome to the Jungle,2017-12-29,1371532,14949702.75,2017,12,Friday,False
254,Jumanji: Welcome to the Jungle,2017-12-30,1601659,17458083.8,2017,12,Saturday,True
254,Jumanji: Welcome to the Jungle,2017-12-31,1508386,16441404.15,2017,12,Sunday,True
254,Jumanji: Welcome to the Jungle,2018-01-01,916480,9989633.1,2018,1,Monday,False
254,Jumanji: Welcome to the Jungle,2018-01-02,863108,9407882.16,2018,1,Tuesday,False
254,Jumanji: Welcome to the Jungle,2018-01-03,812845,8860009.75,2018,1,Wednesday,False
254,Jumanji: Welcome to the Jungle,2018-01-04,765509,8344042.95,2018,1,Thursday,False
254,Jumanji: Welcome to the Jungle,2018-01-05,901161,9822654.65,2018,1,Friday,False
254,Jumanji: Welcome to the Jungle,2018-01-06,1052365,11470778.44,2018,1,Saturday,True
254,Jumanji: Welcome to the Jungle,2018-01-07,991080,10802772.31,2018,1,Sunday,True
254,Jumanji: Welcome to the Jungle,2018-01-08,602170,6563656.66,2018,1,Monday,False
254,Jumanji: Welcome to the Jungle,2018-01-09,567103,6181419.05,2018,1,Tuesday,False
254,Jumanji: Welcome to the Jungle,2018-01-10,534077,5821441.23,2018,1,Wednesday,False
254,Jumanji: Welcome to the Jungle,2018-01-11,502975,5482426.89,2018,1,Thursday,False
254,Jumanji: Welcome to the Jungle,2018-01-12,592105,6453944.0,2018,1,Friday,False
254,Jumanji: Welcome to the Jungle,2018-01-13,691453,7536838.49,2018,1,Saturday,True
254,Jumanji: Welcome to the Jungle,2018-01-14,651186,7097927.19,2018,1,Sunday,True
254,Jumanji: Welcome to the Jungle,2018-01-15,395654,4312629.74,2018,1,Monday,False
254,Jumanji: Welcome to the Jungle,2018-01-16,372613,4061481.73,2018,1,Tuesday,False
254,Jumanji: Welcome to the Jungle,2018-01-17,350914,3824959.45,2018,1,Wednesday,False
254,Jumanji: Welcome to the Jungle,2018-01-18,330478,3602211.15,2018,1,Thursday,False
254,Jumanji: Welcome to the Jungle,2018-01-19,389041,4240543.38,2018,1,Friday,False
254,Jumanji: Welcome to the Jungle,2018-01-20,454317,4952055.76,2018,1,Saturday,True
254,Jumanji: Welcome to the Jungle,2018-01-21,427860,4663670.49,2018,1,Sunday,True
254,Jumanji: Welcome to the Jungle,2018-01-22,259963,2833599.65,2018,1,Monday,False
254,Jumanji: Welcome to the Jungle,2018-01-23,244824,2668583.66,2018,1,Tuesday,False
254,Jumanji: Welcome to the Jungle,2018-01-24,230567,2513177.44,2018,1,Wednesday,False
254,Jumanji: Welcome to the Jungle,2018-01-25,217140,2366821.38,2018,1,Thursday,False
254,Jumanji: Welcome to the Jungle,2018-01-26,255618,2786235.54,2018,1,Friday,False
254,Jumanji: Welcome to the Jungle,2018-01-27,298508,3253732.49,2018,1,Saturday,True
254,Jumanji: Welcome to the Jungle,2018-01-28,281124,3064249.86,2018,1,Sunday,True
254,Jumanji: Welcome to the Jungle,2018-01-29,170808,1861807.64,2018,1,Monday,False
254,Jumanji: Welcome to the Jungle,2018-01-30,160861,1753384.4,2018,1,Tuesday,False
254,Jumanji: Welcome to the Jungle,2018-01-31,151493,1651275.25,2018,1,Wednesday,False
254,Jumanji: Welcome to the Jungle,2018-02-01,142671,1555112.46,2018,2,Thursday,False
254,Jumanji: Welcome to the Jungle,2018-02-02,167953,1830687.2,2018,2,Friday,False
254,Jumanji: Welcome to the Jungle,2018-02-03,196133,2137854.59,2018,2,Saturday,True
254,Jumanji: Welcome to the Jungle,2018-02-04,184712,2013355.63,2018,2,Sunday,True
254,Jumanji: Welcome to the Jungle,2018-02-05,112229,1223294.79,2018,2,Monday,False
254,Jumanji: Welcome to the Jungle,2018-02-06,105693,1152055.65,2018,2,Tuesday,False
254,Jumanji: Welcome to the Jungle,2018-02-07,99538,1084965.15,2018,2,Wednesday,False
254,Jumanji: Welcome to the Jungle,2018-02-08,93741,1021781.7,2018,2,Thursday,False
254,Jumanji: Welcome to the Jungle,2018-02-09,110353,1202847.2,2018,2,Friday,False
254,Jumanji: Welcome to the Jungle,2018-02-10,128869,1404670.56,2018,2,Saturday,True
254,Jumanji: Welcome to the Jungle,2018-02-11,121364,1322868.91,2018,2,Sunday,True
254,Jumanji: Welcome to the Jungle,2018-02-12,73740,803761.95,2018,2,Monday,False
254,Jumanji: Welcome to the Jungle,2018-02-13,69445,756954.5,2018,2,Tuesday,False
90,Spider-Man,2002-05-03,2698284,25094042.77,2002,5,Friday,False
90,Spider-Man,2002-05-04,3151024,29304522.56,2002,5,Saturday,True
90,Spider-Man,2002-05-05,2967523,27597960.02,2002,5,Sunday,True
90,Spider-Man,2002-05-06,1803037,16768245.13,2002,5,Monday,False
90,Spider-Man,2002-05-07,1698036,15791738.55,2002,5,Tuesday,False
90,Spider-Man,2002-05-08,1599150,14872099.29,2002,5,Wednesday,False
90,Spider-Man,2002-05-09,1506023,14006015.65,2002,5,Thursday,False
90,Spider-Man,2002-05-10,1772899,16487961.0,2002,5,Friday,False
90,Spider-Man,2002-05-11,2070370,19254443.35,2002,5,Saturday,True
90,Spider-Man,2002-05-12,1949801,18133151.87,2002,5,Sunday,True
90,Spider-Man,2002-05-13,1184680,11017522.13,2002,5,Monday,False
90,Spider-Man,2002-05-14,1115689,10375911.59,2002,5,Tuesday,False
90,Spider-Man,2002-05-15,1050717,9771665.54,2002,5,Wednesday,False
90,Spider-Man,2002-05-16,989528,9202608.04,2002,5,Thursday,False
90,Spider-Man,2002-05-17,1164878,10833362.34,2002,5,Friday,False
90,Spider-Man,2002-05-18,1360330,12651070.77,2002,5,Saturday,True
90,Spider-Man,2002-05-19,1281111,11914329.77,2002,5,Sunday,True
90,Spider-Man,2002-05-20,778390,7239027.88,2002,5,Monday,False
90,Spider-Man,2002-05-21,733060,6817459.72,2002,5,Tuesday,False
90,Spider-Man,2002-05-22,690370,6420441.77,2002,5,Wednesday,False
90,Spider-Man,2002-05-23,650166,6046544.35,2002,5,Thursday,False
90,Spider-Man,2002-05-24,765379,7118026.27,2002,5,Friday,False
90,Spider-Man,2002-05-25,893801,8312345.82,2002,5,Saturday,True
90,Spider-Man,2002-05-26,841750,7828272.48,2002,5,Sunday,True
90,Spider-Man,2002-05-27,511439,4756380.25,2002,5,Monday,False
90,Spider-Man,2002-05-28,481655,4479390.23,2002,5,Tuesday,False
90,Spider-Man,2002-05-29,453605,4218530.85,2002,5,Wednesday,False
90,Spider-Man,2002-05-30,427190,3972862.74,2002,5,Thursday,False
90,Spider-Man,2002-05-31,502890,4676876.53,2002,5,Friday,False
90,Spider-Man,2002-06-01,587269,5461600.39,2002,6,Saturday,True
90,Spider-Man,2002-06-02,553069,5143541.54,2002,6,Sunday,True
90,Spider-Man,2002-06-03,336039,3125164.52,2002,6,Monday,False
90,Spider-Man,2002-06-04,316470,2943169.1,2002,6,Tuesday,False
90,Spider-Man,2002-06-05,298040,2771772.28,2002,6,Wednesday,False
90,Spider-Man,2002-06-06,280684,2610356.83,2002,6,Thursday,False
90,Spider-Man,2002-06-07,330422,3072926.85,2002,6,Friday,False
90,Spider-Man,2002-06-08,385863,3588527.16,2002,6,Saturday,True
90,Spider-Man,2002-06-09,363392,3379547.61,2002,6,Sunday,True
90,Spider-Man,2002-06-10,220793,2053379.41,2002,6,Monday,False
90,Spider-Man,2002-06-11,207935,1933799.9,2002,6,Tuesday,False
90,Spider-Man,2002-06-12,195826,1821184.16,2002,6,Wednesday,False
90,Spider-Man,2002-06-13,184422,1715126.65,2002,6,Thursday,False
90,Spider-Man,2002-06-14,217103,2019056.81,2002,6,Friday,False
90,Spider-Man,2002-06-15,253530,2357830.36,2002,6,Saturday,True
90,Spider-Man,2002-06-16,238766,2220521.01,2002,6,Sunday,True
90,Spider-Man,2002-06-17,145072,1349166.41,2002,6,Monday,False
90,Spider-Man,2002-06-18,136623,1270597.07,2002,6,Tuesday,False
90,Spider-Man,2002-06-19,128667,1196603.26,2002,6,Wednesday,False
90,Spider-Man,2002-06-20,121174,1126918.51,2002,6,Thursday,False
90,Spider-Man,2002-06-21,142647,1326614.86,2002,6,Friday,False
90,Spider-Man,2002-06-22,166581,1549204.94,2002,6,Saturday,True
90,Spider-Man,2002-06-23,156880,1458986.27,2002,6,Sunday,True
90,Spider-Man,2002-06-24,95319,886465.5,2002,6,Monday,False
90,Spider-Man,2002-06-25,89768,834841.77,2002,6,Tuesday,False
90,Spider-Man,2002-06-26,84540,786224.37,2002,6,Wednesday,False
90,Spider-Man,2002-06-27,79617,740438.22,2002,6,Thursday,False
3419,Frozen,2013-11-27,2097178,20342622.65,2013,11,Wednesday,False
3419,Frozen,2013-11-28,1975047,19157960.54,2013,11,Thursday,False
3419,Frozen,2013-11-29,2325037,22552859.71,2013,11,Friday,False
3419,Frozen,2013-11-30,2715150,26336959.42,2013,11,Saturday,True
3419,Frozen,2013-12-01,2557032,24803214.31,2013,12,Sunday,True
3419,Frozen,2013-12-02,1553627,15070185.52,2013,12,Monday,False
3419,Frozen,2013-12-03,1463151,14192566.24,2013,12,Tuesday,False
3419,Frozen,2013-12-04,1377944,13366055.52,2013,12,Wednesday,False
3419,Frozen,2013-12-05,1297699,12587677.04,2013,12,Thursday,False
3419,Frozen,2013-12-06,1527658,14818284.75,2013,12,Friday,False
3419,Frozen,2013-12-07,1783981,17304615.43,2013,12,Saturday,True
3419,Frozen,2013-12-08,1680090,16296873.08,2013,12,Sunday,True
3419,Frozen,2013-12-09,1020806,9901817.47,2013,12,Monday,False
3419,Frozen,2013-12-10,961359,9325180.51,2013,12,Tuesday,False
3419,Frozen,2013-12-11,905374,8782124.27,2013,12,Wednesday,False
3419,Frozen,2013-12-12,852649,8270693.17,2013,12,Thursday,False
3419,Frozen,2013-12-13,1003743,9736306.87,2013,12,Friday,False
3419,Frozen,2013-12-14,1172159,11369942.54,2013,12,Saturday,True
3419,Frozen,2013-12-15,1103898,10707808.63,2013,12,Sunday,True
3419,Frozen,2013-12-16,670717,6505957.68,2013,12,Monday,False
3419,Frozen,2013-12-17,631658,6127080.2,2013,12,Tuesday,False
3419,Frozen,2013-12-18,594873,5770266.83,2013,12,Wednesday,False
3419,Frozen,2013-12-19,560230,5434232.65,2013,12,Thursday,False
3419,Frozen,2013-12-20,659506,6397209.47,2013,12,Friday,False
3419,Frozen,2013-12-21,770163,7470584.59,2013,12,Saturday,True
3419,Frozen,2013-12-22,725313,7035531.61,2013,12,Sunday,True
3419,Frozen,2013-12-23,440693,4274718.8,2013,12,Monday,False
3419,Frozen,2013-12-24,415029,4025778.56,2013,12,Tuesday,False
3419,Frozen,2013-12-25,390859,3791335.47,2013,12,Wednesday,False
3419,Frozen,2013-12-26,368097,3570545.28,2013,12,Thursday,False
3419,Frozen,2013-12-27,433326,4203266.14,2013,12,Friday,False
3419,Frozen,2013-12-28,506033,4908523.84,2013,12,Saturday,True
3419,Frozen,2013-12-29,476564,4622673.67,2013,12,Sunday,True
3419,Frozen,2013-12-30,289556,2808690.39,2013,12,Monday,False
3419,Frozen,2013-12-31,272693,2645125.0,2013,12,Tuesday,False
3419,Frozen,2014-01-01,256813,2491084.91,2014,1,Wednesday,False
3419,Frozen,2014-01-02,241857,2346015.42,2014,1,Thursday,False
3419,Frozen,2014-01-03,284716,2761742.65,2014,1,Friday,False
3419,Frozen,2014-01-04,332488,3225129.98,2014,1,Saturday,True
3419,Frozen,2014-01-05,313125,3037313.03,2014,1,Sunday,True
3419,Frozen,2014-01-06,190252,1845441.09,2014,1,Monday,False
3419,Frozen,2014-01-07,179172,1737970.97,2014,1,Tuesday,False
3419,Frozen,2014-01-08,168738,1636759.42,2014,1,Wednesday,False
3419,Frozen,2014-01-09,158912,1541441.97,2014,1,Thursday,False
3419,Frozen,2014-01-10,187072,1814594.22,2014,1,Friday,False
3419,Frozen,2014-01-11,218460,2119061.4,2014,1,Saturday,True
3419,Frozen,2014-01-12,205738,1995656.87,2014,1,Sunday,True
3419,Frozen,2014-01-13,125004,1212541.2,2014,1,Monday,False
3419,Frozen,2014-01-14,117725,1141928.3,2014,1,Tuesday,False
3419,Frozen,2014-01-15,110869,1075427.57,2014,1,Wednesday,False
3419,Frozen,2014-01-16,104412,1012799.54,2014,1,Thursday,False
3419,Frozen,2014-01-17,122915,1192273.36,2014,1,Friday,False
3419,Frozen,2014-01-18,143538,1392322.55,2014,1,Saturday,True
3419,Frozen,2014-01-19,135179,1311240.0,2014,1,Sunday,True
3419,Frozen,2014-01-20,82134,796696.34,2014,1,Monday,False
3419,Frozen,2014-01-21,77351,750300.36,2014,1,Tuesday,False
546,Jurassic Park,1993-06-11,2644827,24596889.58,1993,6,Friday,False
546,Jurassic Park,1993-06-12,3088597,28723953.02,1993,6,Saturday,True
546,Jurassic Park,1993-06-13,2908731,27051200.22,1993,6,Sunday,True
546,Jurassic Park,1993-06-14,1767316,16436039.33,1993,6,Monday,False
546,Jurassic Park,1993-06-15,1664396,15478878.91,1993,6,Tuesday,False
546,Jurassic Park,1993-06-16,1567469,14577459.18,1993,6,Wednesday,False
546,Jurassic Park,1993-06-17,1476186,13728534.05,1993,6,Thursday,False
546,Jurassic Park,1993-06-18,1737775,16161308.08,1993,6,Friday,False
546,Jurassic Park,1993-06-19,2029353,18872981.99,1993,6,Saturday,True
546,Jurassic Park,1993-06-20,1911173,17773905.08,1993,6,Sunday,True
546,Jurassic Park,1993-06-21,1161209,10799247.37,1993,6,Monday,False
546,Jurassic Park,1993-06-22,1093586,10170348.16,1993,6,Tuesday,False
546,Jurassic Park,1993-06-23,1029900,9578073.2,1993,6,Wednesday,False
546,Jurassic Park,1993-06-24,969924,9020289.64,1993,6,Thursday,False
546,Jurassic Park,1993-06-25,1141800,10618736.08,1993,6,Friday,False
546,Jurassic Park,1993-06-26,1333380,12400432.8,1993,6,Saturday,True
546,Jurassic Park,1993-06-27,1255730,11678287.81,1993,6,Sunday,True
546,Jurassic Park,1993-06-28,762969,7095611.14,1993,6,Monday,False
546,Jurassic Park,1993-06-29,718537,6682394.92,1993,6,Tuesday,False
546,Jurassic Park,1993-06-30,676693,6293242.53,1993,6,Wednesday,False
546,Jurassic Park,1993-07-01,637285,5926752.62,1993,7,Thursday,False
546,Jurassic Park,1993-07-02,750216,6977006.77,1993,7,Friday,False
546,Jurassic Park,1993-07-03,876093,8147664.93,1993,7,Saturday,True
546,Jurassic Park,1993-07-04,825073,7673181.86,1993,7,Sunday,True
546,Jurassic Park,1993-07-05,501306,4662148.74,1993,7,Monday,False
546,Jurassic Park,1993-07-06,472113,4390646.33,1993,7,Tuesday,False
546,Jurassic Park,1993-07-07,444619,4134954.99,1993,7,Wednesday,False
546,Jurassic Park,1993-07-08,418726,3894153.96,1993,7,Thursday,False
546,Jurassic Park,1993-07-09,492927,4584220.11,1993,7,Friday,False
546,Jurassic Park,1993-07-10,575634,5353397.33,1993,7,Saturday,True
546,Jurassic Park,1993-07-11,542112,5041639.74,1993,7,Sunday,True
546,Jurassic Park,1993-07-12,329382,3063250.0,1993,7,Monday,False
546,Jurassic Park,1993-07-13,310200,2884860.21,1993,7,Tuesday,False
546,Jurassic Park,1993-07-14,292135,2716859.03,1993,7,Wednesday,False
546,Jurassic Park,1993-07-15,275123,2558641.48,1993,7,Thursday,False
546,Jurassic Park,1993-07-16,323876,3012047.24,1993,7,Friday,False
546,Jurassic Park,1993-07-17,378219,3517432.69,1993,7,Saturday,True
546,Jurassic Park,1993-07-18,356193,3312593.36,1993,7,Sunday,True
546,Jurassic Park,1993-07-19,216419,2012698.67,1993,7,Monday,False
546,Jurassic Park,1993-07-20,203816,1895488.23,1993,7,Tuesday,False
546,Jurassic Park,1993-07-21,191947,1785103.58,1993,7,Wednesday,False
546,Jurassic Park,1993-07-22,180769,1681147.24,1993,7,Thursday,False
546,Jurassic Park,1993-07-23,212802,1979056.06,1993,7,Friday,False
546,Jurassic Park,1993-07-24,248507,2311117.96,1993,7,Saturday,True
546,Jurassic Park,1993-07-25,234035,2176528.93,1993,7,Sunday,True
546,Jurassic Park,1993-07-26,142198,1322437.26,1993,7,Monday,False
546,Jurassic Park,1993-07-27,133917,1245424.51,1993,7,Tuesday,False
546,Jurassic Park,1993-07-28,126118,1172896.63,1993,7,Wednesday,False
546,Jurassic Park,1993-07-29,118773,1104592.45,1993,7,Thursday,False
546,Jurassic Park,1993-07-30,139821,1300332.49,1993,7,Friday,False
546,Jurassic Park,1993-07-31,163281,1518512.71,1993,7,Saturday,True
546,Jurassic Park,1993-08-01,153772,1430081.41,1993,8,Sunday,True
546,Jurassic Park,1993-08-02,93430,868903.2,1993,8,Monday,False
546,Jurassic Park,1993-08-03,87989,818302.21,1993,8,Tuesday,False
546,Jurassic Park,1993-08-04,82865,770648.0,1993,8,Wednesday,False
546,Jurassic Park,1993-08-05,78040,725768.96,1993,8,Thursday,False
3417,Harry Potter and the Deathly Hallows – Part 2,2011-07-15,2662319,23694640.41,2011,7,Friday,False
3417,Harry Potter and the Deathly Hallows – Part 2,2011-07-16,3109024,27670317.24,2011,7,Saturday,True
3417,Harry Potter and the Deathly Hallows – Part 2,2011-07-17,2927969,26058923.41,2011,7,Sunday,True
3417,Harry Potter and the Deathly Hallows – Part 2,2011-07-18,1779005,15833141.84,2011,7,Monday,False
3417,Harry Potter and the Deathly Hallows – Part 2,2011-07-19,1675404,14911091.44,2011,7,Tuesday,False
3417,Harry Potter and the Deathly Hallows – Part 2,2011-07-20,1577836,14042737.08,2011,7,Wednesday,False
3417,Harry Potter and the Deathly Hallows – Part 2,2011-07-21,1485950,13224951.73,2011,7,Thursday,False
3417,Harry Potter and the Deathly Hallows – Part 2,2011-07-22,1749268,15568488.13,2011,7,Friday,False
3417,Harry Potter and the Deathly Hallows – Part 2,2011-07-23,2042775,18180693.95,2011,7,Saturday,True
3417,Harry Potter and the Deathly Hallows – Part 2,2011-07-24,1923813,17121932.76,2011,7,Sunday,True
3417,Harry Potter and the Deathly Hallows – Part 2,2011-07-25,1168889,10403115.49,2011,7,Monday,False
3417,Harry Potter and the Deathly Hallows – Part 2,2011-07-26,1100819,9797285.21,2011,7,Tuesday,False
3417,Harry Potter and the Deathly Hallows – Part 2,2011-07-27,1036712,9226735.74,2011,7,Wednesday,False
3417,Harry Potter and the Deathly Hallows – Part 2,2011-07-28,976338,8689412.48,2011,7,Thursday,False
3417,Harry Potter and the Deathly Hallows – Part 2,2011-07-29,1149351,10229225.61,2011,7,Friday,False
3417,Harry Potter and the Deathly Hallows – Part 2,2011-07-30,1342199,11945567.14,2011,7,Saturday,True
3417,Harry Potter and the Deathly Hallows – Part 2,2011-07-31,1264035,11249911.47,2011,7,Sunday,True
3417,Harry Potter and the Deathly Hallows – Part 2,2011-08-01,768015,6835333.95,2011,8,Monday,False
3417,Harry Potter and the Deathly Hallows – Part 2,2011-08-02,723289,6437275.09,2011,8,Tuesday,False
3417,Harry Potter and the Deathly Hallows – Part 2,2011-08-03,681168,6062397.37,2011,8,Wednesday,False
3417,Harry Potter and the Deathly Hallows – Part 2,2011-08-04,641500,5709350.83,2011,8,Thursday,False
3417,Harry Potter and the Deathly Hallows – Part 2,2011-08-05,755178,6721080.16,2011,8,Friday,False
3417,Harry Potter and the Deathly Hallows – Part 2,2011-08-06,881887,7848796.9,2011,8,Saturday,True
3417,Harry Potter and the Deathly Hallows – Part 2,2011-08-07,830530,7391718.55,2011,8,Sunday,True
3417,Harry Potter and the Deathly Hallows – Part 2,2011-08-08,504622,4491134.44,2011,8,Monday,False
3417,Harry Potter and the Deathly Hallows – Part 2,2011-08-09,475235,4229591.13,2011,8,Tuesday,False
3417,Harry Potter and the Deathly Hallows – Part 2,2011-08-10,447559,3983278.91,2011,8,Wednesday,False
3417,Harry Potter and the Deathly Hallows – Part 2,2011-08-11,421496,3751310.81,2011,8,Thursday,False
3417,Harry Potter and the Deathly Hallows – Part 2,2011-08-12,496187,4416064.34,2011,8,Friday,False
3417,Harry Potter and the Deathly Hallows – Part 2,2011-08-13,579441,5157027.04,2011,8,Saturday,True
3417,Harry Potter and the Deathly Hallows – Part 2,2011-08-14,545697,4856705.17,2011,8,Sunday,True
3417,Harry Potter and the Deathly Hallows – Part 2,2011-08-15,331560,2950885.6,2011,8,Monday,False
3417,Harry Potter and the Deathly Hallows – Part 2,2011-08-16,312252,2779039.4,2011,8,Tuesday,False
3417,Harry Potter and the Deathly Hallows – Part 2,2011-08-17,294067,2617200.74,2011,8,Wednesday,False
3417,Harry Potter and the Deathly Hallows – Part 2,2011-08-18,276942,2464786.84,2011,8,Thursday,False
3417,Harry Potter and the Deathly Hallows – Part 2,2011-08-19,326018,2901561.03,2011,8,Friday,False
3417,Harry Potter and the Deathly Hallows – Part 2,2011-08-20,380720,3388408.22,2011,8,Saturday,True
3417,Harry Potter and the Deathly Hallows – Part 2,2011-08-21,358549,3191082.69,2011,8,Sunday,True
3417,Harry Potter and the Deathly Hallows – Part 2,2011-08-22,217851,1938870.0,2011,8,Monday,False
3417,Harry Potter and the Deathly Hallows – Part 2,2011-08-23,205164,1825959.0,2011,8,Tuesday,False
3417,Harry Potter and the Deathly Hallows – Part 2,2011-08-24,193216,1719623.43,2011,8,Wednesday,False
3417,Harry Potter and the Deathly Hallows – Part 2,2011-08-25,181964,1619480.35,2011,8,Thursday,False
3417,Harry Potter and the Deathly Hallows – Part 2,2011-08-26,214209,1906461.45,2011,8,Friday,False
3417,Harry Potter and the Deathly Hallows – Part 2,2011-08-27,250151,2226342.84,2011,8,Saturday,True
3417,Harry Potter and the Deathly Hallows – Part 2,2011-08-28,235583,2096690.73,2011,8,Sunday,True
3417,Harry Potter and the Deathly Hallows – Part 2,2011-08-29,143138,1273928.37,2011,8,Monday,False
3417,Harry Potter and the Deathly Hallows – Part 2,2011-08-30,134802,1199740.55,2011,8,Tuesday,False
3417,Harry Potter and the Deathly Hallows – Part 2,2011-08-31,126952,1129873.1,2011,8,Wednesday,False
3417,Harry Potter and the Deathly Hallows – Part 2,2011-09-01,119559,1064074.42,2011,9,Thursday,False
3417,Harry Potter and the Deathly Hallows – Part 2,2011-09-02,140745,1252634.43,2011,9,Friday,False
3417,Harry Potter and the Deathly Hallows – Part 2,2011-09-03,164361,1462811.49,2011,9,Saturday,True
3417,Harry Potter and the Deathly Hallows – Part 2,2011-09-04,154789,1377623.98,2011,9,Sunday,True
3417,Harry Potter and the Deathly Hallows – Part 2,2011-09-05,94048,837030.58,2011,9,Monday,False
3417,Harry Potter and the Deathly Hallows – Part 2,2011-09-06,88571,788285.72,2011,9,Tuesday,False
3417,Harry Potter and the Deathly Hallows – Part 2,2011-09-07,83413,742379.53,2011,9,Wednesday,False
3417,Harry Potter and the Deathly Hallows – Part 2,2011-09-08,78556,699146.71,2011,9,Thursday,False
244,Finding Nemo,2003-05-30,2341919,23653379.97,2003,5,Friday,False
244,Finding Nemo,2003-05-31,2734865,27622133.8,2003,5,Saturday,True
244,Finding Nemo,2003-06-01,2575599,26013545.96,2003,6,Sunday,True
244,Finding Nemo,2003-06-02,1564908,15805570.95,2003,6,Monday,False
244,Finding Nemo,2003-06-03,1473775,14885126.16,2003,6,Tuesday,False
244,Finding Nemo,2003-06-04,1387949,14018283.89,2003,6,Wednesday,False
244,Finding Nemo,2003-06-05,1307121,13201922.59,2003,6,Thursday,False
244,Finding Nemo,2003-06-06,1538750,15541378.09,2003,6,Friday,False
244,Finding Nemo,2003-06-07,1796934,18149035.17,2003,6,Saturday,True
244,Finding Nemo,2003-06-08,1692289,17092117.64,2003,6,Sunday,True
244,Finding Nemo,2003-06-09,1028218,10385000.13,2003,6,Monday,False
244,Finding Nemo,2003-06-10,968339,9780224.8,2003,6,Tuesday,False
244,Finding Nemo,2003-06-11,911947,9210668.85,2003,6,Wednesday,False
244,Finding Nemo,2003-06-12,858840,8674281.25,2003,6,Thursday,False
244,Finding Nemo,2003-06-13,1011031,10211413.05,2003,6,Friday,False
244,Finding Nemo,2003-06-14,1180670,11924765.84,2003,6,Saturday,True
244,Finding Nemo,2003-06-15,1111913,11230321.54,2003,6,Sunday,True
244,Finding Nemo,2003-06-16,675587,6823431.31,2003,6,Monday,False
244,Finding Nemo,2003-06-17,636244,6426065.6,2003,6,Tuesday,False
244,Finding Nemo,2003-06-18,599192,6051840.68,2003,6,Wednesday,False
244,Finding Nemo,2003-06-19,564298,5699408.91,2003,6,Thursday,False
244,Finding Nemo,2003-06-20,664295,6709376.47,2003,6,Friday,False
244,Finding Nemo,2003-06-21,775755,7835129.47,2003,6,Saturday,True
244,Finding Nemo,2003-06-22,730579,7378847.05,2003,6,Sunday,True
244,Finding Nemo,2003-06-23,443892,4483313.84,2003,6,Monday,False
244,Finding Nemo,2003-06-24,418042,4222225.97,2003,6,Tuesday,False
244,Finding Nemo,2003-06-25,393697,3976342.67,2003,6,Wednesday,False
244,Finding Nemo,2003-06-26,370770,3744778.5,2003,6,Thursday,False
244,Finding Nemo,2003-06-27,436473,4408374.47,2003,6,Friday,False
244,Finding Nemo,2003-06-28,509708,5148046.9,2003,6,Saturday,True
244,Finding Nemo,2003-06-29,480025,4848247.99,2003,6,Sunday,True
244,Finding Nemo,2003-06-30,291658,2945747.1,2003,6,Monday,False
244,Finding Nemo,2003-07-01,274673,2774200.15,2003,7,Tuesday,False
244,Finding Nemo,2003-07-02,258678,2612643.31,2003,7,Wednesday,False
244,Finding Nemo,2003-07-03,243613,2460494.8,2003,7,Thursday,False
244,Finding Nemo,2003-07-04,286783,2896508.43,2003,7,Friday,False
244,Finding Nemo,2003-07-05,334902,3382507.85,2003,7,Saturday,True
244,Finding Nemo,2003-07-06,315399,3185525.92,2003,7,Sunday,True
244,Finding Nemo,2003-07-07,191633,1935493.77,2003,7,Monday,False
244,Finding Nemo,2003-07-08,180473,1822779.38,2003,7,Tuesday,False
244,Finding Nemo,2003-07-09,169963,1716628.98,2003,7,Wednesday,False
244,Finding Nemo,2003-07-10,160065,1616660.29,2003,7,Thursday,False
244,Finding Nemo,2003-07-11,188430,1903141.65,2003,7,Friday,False
244,Finding Nemo,2003-07-12,220046,2222466.02,2003,7,Saturday,True
244,Finding Nemo,2003-07-13,207232,2093039.68,2003,7,Sunday,True
244,Finding Nemo,2003-07-14,125912,1271710.02,2003,7,Monday,False
244,Finding Nemo,2003-07-15,118579,1197651.4,2003,7,Tuesday,False
244,Finding Nemo,2003-07-16,111674,1127905.61,2003,7,Wednesday,False
244,Finding Nemo,2003-07-17,105170,1062221.5,2003,7,Thursday,False
244,Finding Nemo,2003-07-18,123807,1250453.17,2003,7,Friday,False
244,Finding Nemo,2003-07-19,144581,1460264.23,2003,7,Saturday,True
244,Finding Nemo,2003-07-20,136161,1375225.06,2003,7,Sunday,True
244,Finding Nemo,2003-07-21,82730,835573.03,2003,7,Monday,False
244,Finding Nemo,2003-07-22,77912,786913.04,2003,7,Tuesday,False
244,Finding Nemo,2003-07-23,73375,741086.79,2003,7,Wednesday,False
244,Finding Nemo,2003-07-24,69102,697929.26,2003,7,Thursday,False
3427,The Lord of the Rings: The Return of the King,2003-12-17,1976316,19170268.07,2003,12,Wednesday,False
3427,The Lord of the Rings: The Return of the King,2003-12-18,1861225,18053878.57,2003,12,Thursday,False
3427,The Lord of the Rings: The Return of the King,2003-12-19,2191044,21253128.16,2003,12,Friday,False
3427,The Lord of the Rings: The Return of the King,2003-12-20,2558675,24819148.49,2003,12,Saturday,True
3427,The Lord of the Rings: The Return of the King,2003-12-21,2409669,23373793.8,2003,12,Sunday,True
3427,The Lord of the Rings: The Return of the King,2003-12-22,1464091,14201683.88,2003,12,Monday,False
3427,The Lord of the Rings: The Return of the King,2003-12-23,1378829,13374642.2,2003,12,Tuesday,False
3427,The Lord of the Rings: The Return of the King,2003-12-24,1298532,12595763.67,2003,12,Wednesday,False
3427,The Lord of the Rings: The Return of the King,2003-12-25,1222912,11862243.5,2003,12,Thursday,False
3427,The Lord of the Rings: The Return of the King,2003-12-26,1439619,13964300.27,2003,12,Friday,False
3427,The Lord of the Rings: The Return of the King,2003-12-27,1681169,16307342.59,2003,12,Saturday,True
3427,The Lord of the Rings: The Return of the King,2003-12-28,1583266,15357676.89,2003,12,Sunday,True
3427,The Lord of the Rings: The Return of the King,2003-12-29,961976,9331171.23,2003,12,Monday,False
3427,The Lord of the Rings: The Return of the King,2003-12-30,905955,8787766.12,2003,12,Tuesday,False
3427,The Lord of the Rings: The Return of the King,2003-12-31,853197,8276006.46,2003,12,Wednesday,False
3427,The Lord of the Rings: The Return of the King,2004-01-01,803510,7794049.37,2004,1,Thursday,False
3427,The Lord of the Rings: The Return of the King,2004-01-02,945897,9175199.08,2004,1,Friday,False
3427,The Lord of the Rings: The Return of the King,2004-01-03,1104607,10714687.59,2004,1,Saturday,True
3427,The Lord of the Rings: The Return of the King,2004-01-04,1040280,10090712.76,2004,1,Sunday,True
3427,The Lord of the Rings: The Return of the King,2004-01-05,632064,6131016.38,2004,1,Monday,False
3427,The Lord of the Rings: The Return of the King,2004-01-06,595255,5773973.78,2004,1,Tuesday,False
3427,The Lord of the Rings: The Return of the King,2004-01-07,560590,5437723.73,2004,1,Wednesday,False
3427,The Lord of the Rings: The Return of the King,2004-01-08,527944,5121055.35,2004,1,Thursday,False
3427,The Lord of the Rings: The Return of the King,2004-01-09,621498,6028535.38,2004,1,Friday,False
3427,The Lord of the Rings: The Return of the King,2004-01-10,725778,7040051.4,2004,1,Saturday,True
3427,The Lord of the Rings: The Return of the King,2004-01-11,683512,6630070.73,2004,1,Sunday,True
3427,The Lord of the Rings: The Return of the King,2004-01-12,415295,4028364.82,2004,1,Monday,False
3427,The Lord of the Rings: The Return of the King,2004-01-13,391110,3793771.11,2004,1,Tuesday,False
3427,The Lord of the Rings: The Return of the King,2004-01-14,368334,3572839.08,2004,1,Wednesday,False
3427,The Lord of the Rings: The Return of the King,2004-01-15,346884,3364773.13,2004,1,Thursday,False
3427,The Lord of the Rings: The Return of the King,2004-01-16,408354,3961030.0,2004,1,Friday,False
3427,The Lord of the Rings: The Return of the King,2004-01-17,476870,4625643.39,2004,1,Saturday,True
3427,The Lord of the Rings: The Return of the King,2004-01-18,449100,4356266.89,2004,1,Sunday,True
3427,The Lord of the Rings: The Return of the King,2004-01-19,272868,2646824.29,2004,1,Monday,False
3427,The Lord of the Rings: The Return of the King,2004-01-20,256978,2492685.24,2004,1,Tuesday,False
3427,The Lord of the Rings: The Return of the King,2004-01-21,242013,2347522.56,2004,1,Wednesday,False
3427,The Lord of the Rings: The Return of the King,2004-01-22,227919,2210813.49,2004,1,Thursday,False
3427,The Lord of the Rings: The Return of the King,2004-01-23,268307,2602582.16,2004,1,Friday,False
3427,The Lord of the Rings: The Return of the King,2004-01-24,313326,3039264.28,2004,1,Saturday,True
3427,The Lord of the Rings: The Return of the King,2004-01-25,295080,2862271.3,2004,1,Sunday,True
3427,The Lord of the Rings: The Return of the King,2004-01-26,179287,1739087.48,2004,1,Monday,False
3427,The Lord of the Rings: The Return of the King,2004-01-27,168846,1637810.91,2004,1,Tuesday,False
3427,The Lord of the Rings: The Return of the King,2004-01-28,159014,1542432.23,2004,1,Wednesday,False
3427,The Lord of the Rings: The Return of the King,2004-01-29,149753,1452607.97,2004,1,Thursday,False
3427,The Lord of the Rings: The Return of the King,2004-01-30,176291,1710018.33,2004,1,Friday,False
3427,The Lord of the Rings: The Return of the King,2004-01-31,205870,1996938.93,2004,1,Saturday,True
3427,The Lord of the Rings: The Return of the King,2004-02-01,193881,1880646.26,2004,2,Sunday,True
3427,The Lord of the Rings: The Return of the King,2004-02-02,117800,1142661.9,2004,2,Monday,False
3427,The Lord of the Rings: The Return of the King,2004-02-03,110940,1076118.45,2004,2,Tuesday,False
3427,The Lord of the Rings: The Return of the King,2004-02-04,104479,1013450.19,2004,2,Wednesday,False
3427,The Lord of the Rings: The Return of the King,2004-02-05,98395,954431.45,2004,2,Thursday,False
3427,The Lord of the Rings: The Return of the King,2004-02-06,115831,1123562.11,2004,2,Friday,False
3427,The Lord of the Rings: The Return of the King,2004-02-07,135266,1312082.37,2004,2,Saturday,True
3427,The Lord of the Rings: The Return of the King,2004-02-08,127389,1235672.64,2004,2,Sunday,True
3427,The Lord of the Rings: The Return of the King,2004-02-09,77400,750782.37,2004,2,Monday,False
3427,The Lord of the Rings: The Return of the King,2004-02-10,72893,707060.21,2004,2,Tuesday,False
1450,The Passion of the Christ,2004-02-25,2022787,18811923.25,2004,2,Wednesday,False
1450,The Passion of the Christ,2004-02-26,1904989,17716402.12,2004,2,Thursday,False
1450,The Passion of the Christ,2004-02-27,2242564,20855848.98,2004,2,Friday,False
1450,The Passion of the Christ,2004-02-28,2618840,24355210.62,2004,2,Saturday,True
1450,The Passion of the Christ,2004-02-29,2466330,22936873.57,2004,2,Sunday,True
1450,The Passion of the Christ,2004-03-01,1498518,13936215.51,2004,3,Monday,False
1450,The Passion of the Christ,2004-03-02,1411251,13124633.5,2004,3,Tuesday,False
1450,The Passion of the Christ,2004-03-03,1329066,12360314.34,2004,3,Wednesday,False
1450,The Passion of the Christ,2004-03-04,1251667,11640505.67,2004,3,Thursday,False
1450,The Passion of the Christ,2004-03-05,1473470,13703269.25,2004,3,Friday,False
1450,The Passion of the Christ,2004-03-06,1720700,16002513.68,2004,3,Saturday,True
1450,The Passion of the Christ,2004-03-07,1620495,15070599.83,2004,3,Sunday,True
1450,The Passion of the Christ,2004-03-08,984596,9156746.08,2004,3,Monday,False
1450,The Passion of the Christ,2004-03-09,927258,8623498.7,2004,3,Tuesday,False
1450,The Passion of the Christ,2004-03-10,873259,8121305.23,2004,3,Wednesday,False
1450,The Passion of the Christ,2004-03-11,822404,7648357.23,2004,3,Thursday,False
1450,The Passion of the Christ,2004-03-12,968139,9003689.48,2004,3,Friday,False
1450,The Passion of the Christ,2004-03-13,1130581,10514400.72,2004,3,Saturday,True
1450,The Passion of the Christ,2004-03-14,1064741,9902089.69,2004,3,Sunday,True
1450,The Passion of the Christ,2004-03-15,646926,6016410.89,2004,3,Monday,False
1450,The Passion of the Christ,2004-03-16,609252,5666042.4,2004,3,Tuesday,False
1450,The Passion of the Christ,2004-03-17,573772,5336077.78,2004,3,Wednesday,False
1450,The Passion of the Christ,2004-03-18,540358,5025328.8,2004,3,Thursday,False
1450,The Passion of the Christ,2004-03-19,636112,5915845.54,2004,3,Friday,False
1450,The Passion of the Christ,2004-03-20,742844,6908453.56,2004,3,Saturday,True
1450,The Passion of the Christ,2004-03-21,699585,6506136.54,2004,3,Sunday,True
1450,The Passion of the Christ,2004-03-22,425061,3953063.64,2004,3,Monday,False
1450,The Passion of the Christ,2004-03-23,400307,3722855.14,2004,3,Tuesday,False
1450,The Passion of the Christ,2004-03-24,376995,3506052.93,2004,3,Wednesday,False
1450,The Passion of the Christ,2004-03-25,355040,3301876.3,2004,3,Thursday,False
1450,The Passion of the Christ,2004-03-26,417956,3886987.5,2004,3,Friday,False
1450,The Passion of the Christ,2004-03-27,488084,4539177.44,2004,3,Saturday,True
1450,The Passion of the Christ,2004-03-28,459660,4274836.32,2004,3,Sunday,True
1450,The Passion of the Christ,2004-03-29,279285,2597347.9,2004,3,Monday,False
1450,The Passion of the Christ,2004-03-30,263020,2446090.13,2004,3,Tuesday,False
1450,The Passion of the Christ,2004-03-31,247703,2303640.93,2004,3,Wednesday,False
1450,The Passion of the Christ,2004-04-01,233278,2169487.33,2004,4,Thursday,False
1450,The Passion of the Christ,2004-04-02,274616,2553932.77,2004,4,Friday,False
1450,The Passion of the Christ,2004-04-03,320694,2982452.1,2004,4,Saturday,True
1450,The Passion of the Christ,2004-04-04,302018,2808767.61,2004,4,Sunday,True
1450,The Passion of the Christ,2004-04-05,183503,1706579.17,2004,4,Monday,False
1450,The Passion of the Christ,2004-04-06,172817,1607195.74,2004,4,Tuesday,False
1450,The Passion of the Christ,2004-04-07,162753,1513599.95,2004,4,Wednesday,False
1450,The Passion of the Christ,2004-04-08,153275,1425454.75,2004,4,Thursday,False
1450,The Passion of the Christ,2004-04-09,180436,1678053.41,2004,4,Friday,False
1450,The Passion of the Christ,2004-04-10,210711,1959610.67,2004,4,Saturday,True
1450,The Passion of the Christ,2004-04-11,198440,1845491.83,2004,4,Sunday,True
1450,The Passion of the Christ,2004-04-12,120570,1121302.42,2004,4,Monday,False
1450,The Passion of the Christ,2004-04-13,113549,1056002.85,2004,4,Tuesday,False
1450,The Passion of the Christ,2004-04-14,106936,994506.03,2004,4,Wednesday,False
1450,The Passion of the Christ,2004-04-15,100709,936590.51,2004,4,Thursday,False
1450,The Passion of the Christ,2004-04-16,118555,1102559.65,2004,4,Friday,False
1450,The Passion of the Christ,2004-04-17,138447,1287555.96,2004,4,Saturday,True
1450,The Passion of the Christ,2004-04-18,130384,1212574.54,2004,4,Sunday,True
1450,The Passion of the Christ,2004-04-19,79220,736748.19,2004,4,Monday,False
1450,The Passion of the Christ,2004-04-20,74607,693843.31,2004,4,Tuesday,False
390,The Secret Life of Pets,2016-07-08,2100776,22898454.68,2016,7,Friday,False
390,The Secret Life of Pets,2016-07-09,2453261,26740541.09,2016,7,Saturday,True
390,The Secret Life of Pets,2016-07-10,2310394,25183293.21,2016,7,Sunday,True
390,The Secret Life of Pets,2016-07-11,1403772,15301117.67,2016,7,Monday,False
390,The Secret Life of Pets,2016-07-12,1322023,14410049.94,2016,7,Tuesday,False
390,The Secret Life of Pets,2016-07-13,1245034,13570873.96,2016,7,Wednesday,False
390,The Secret Life of Pets,2016-07-14,1172529,12780567.79,2016,7,Thursday,False
390,The Secret Life of Pets,2016-07-15,1380308,15045356.83,2016,7,Friday,False
390,The Secret Life of Pets,2016-07-16,1611907,17569787.48,2016,7,Saturday,True
390,The Secret Life of Pets,2016-07-17,1518037,16546602.72,2016,7,Sunday,True
390,The Secret Life of Pets,2016-07-18,922344,10053550.7,2016,7,Monday,False
390,The Secret Life of Pets,2016-07-19,868631,9468077.49,2016,7,Tuesday,False
390,The Secret Life of Pets,2016-07-20,818046,8916699.58,2016,7,Wednesday,False
390,The Secret Life of Pets,2016-07-21,770407,8397431.42,2016,7,Thursday,False
390,The Secret Life of Pets,2016-07-22,906927,9885503.86,2016,7,Friday,False
390,The Secret Life of Pets,2016-07-23,1059098,11544172.99,2016,7,Saturday,True
390,The Secret Life of Pets,2016-07-24,997421,10871892.69,2016,7,Sunday,True
390,The Secret Life of Pets,2016-07-25,606023,6605653.52,2016,7,Monday,False
390,The Secret Life of Pets,2016-07-26,570731,6220970.2,2016,7,Tuesday,False
390,The Secret Life of Pets,2016-07-27,537494,5858689.1,2016,7,Wednesday,False
390,The Secret Life of Pets,2016-07-28,506193,5517505.61,2016,7,Thursday,False
390,The Secret Life of Pets,2016-07-29,595893,6495238.87,2016,7,Friday,False
390,The Secret Life of Pets,2016-07-30,695877,7585062.15,2016,7,Saturday,True
390,The Secret Life of Pets,2016-07-31,655353,7143342.52,2016,7,Sunday,True
390,The Secret Life of Pets,2016-08-01,398186,4340223.64,2016,8,Monday,False
390,The Secret Life of Pets,2016-08-02,374997,4087468.69,2016,8,Tuesday,False
390,The Secret Life of Pets,2016-08-03,353159,3849433.04,2016,8,Wednesday,False
390,The Secret Life of Pets,2016-08-04,332593,3625259.51,2016,8,Thursday,False
390,The Secret Life of Pets,2016-08-05,391530,4267676.04,2016,8,Friday,False
390,The Secret Life of Pets,2016-08-06,457224,4983740.96,2016,8,Saturday,True
390,The Secret Life of Pets,2016-08-07,430597,4693510.49,2016,8,Sunday,True
390,The Secret Life of Pets,2016-08-08,261627,2851730.14,2016,8,Monday,False
390,The Secret Life of Pets,2016-08-09,246391,2685658.3,2016,8,Tuesday,False
390,The Secret Life of Pets,2016-08-10,232042,2529257.74,2016,8,Wednesday,False
390,The Secret Life of Pets,2016-08-11,218529,2381965.23,2016,8,Thursday,False
390,The Secret Life of Pets,2016-08-12,257253,2804062.97,2016,8,Friday,False
390,The Secret Life of Pets,2016-08-13,300418,3274551.15,2016,8,Saturday,True
390,The Secret Life of Pets,2016-08-14,282923,3083856.14,2016,8,Sunday,True
390,The Secret Life of Pets,2016-08-15,171901,1873720.22,2016,8,Monday,False
390,The Secret Life of Pets,2016-08-16,161890,1764603.25,2016,8,Tuesday,False
390,The Secret Life of Pets,2016-08-17,152462,1661840.75,2016,8,Wednesday,False
390,The Secret Life of Pets,2016-08-18,143584,1565062.68,2016,8,Thursday,False
390,The Secret Life of Pets,2016-08-19,169028,1842400.66,2016,8,Friday,False
390,The Secret Life of Pets,2016-08-20,197388,2151533.42,2016,8,Saturday,True
390,The Secret Life of Pets,2016-08-21,185893,2026237.87,2016,8,Sunday,True
390,The Secret Life of Pets,2016-08-22,112947,1231121.91,2016,8,Monday,False
390,The Secret Life of Pets,2016-08-23,106369,1159426.95,2016,8,Tuesday,False
390,The Secret Life of Pets,2016-08-24,100175,1091907.18,2016,8,Wednesday,False
390,The Secret Life of Pets,2016-08-25,94341,1028319.46,2016,8,Thursday,False
390,The Secret Life of Pets,2016-08-26,111059,1210543.49,2016,8,Friday,False
390,The Secret Life of Pets,2016-08-27,129693,1413658.19,2016,8,Saturday,True
390,The Secret Life of Pets,2016-08-28,122141,1331333.15,2016,8,Sunday,True
390,The Secret Life of Pets,2016-08-29,74211,808904.74,2016,8,Monday,False
390,The Secret Life of Pets,2016-08-30,69890,761797.79,2016,8,Tuesday,False
390,The Secret Life of Pets,2016-08-31,65820,717434.14,2016,8,Wednesday,False
390,The Secret Life of Pets,2016-09-01,61987,675654.03,2016,9,Thursday,False
388,Despicable Me 2,2013-07-03,1848916,18674046.76,2013,7,Wednesday,False
388,Despicable Me 2,2013-07-04,1741243,17586554.94,2013,7,Thursday,False
388,Despicable Me 2,2013-07-05,2049801,20702992.14,2013,7,Friday,False
388,Despicable Me 2,2013-07-06,2393733,24176706.23,2013,7,Saturday,True
388,Despicable Me 2,2013-07-07,2254333,22768764.46,2013,7,Sunday,True
388,Despicable Me 2,2013-07-08,1369710,13834074.09,2013,7,Monday,False
388,Despicable Me 2,2013-07-09,1289945,13028440.34,2013,7,Tuesday,False
388,Despicable Me 2,2013-07-10,1214824,12269723.04,2013,7,Wednesday,False
388,Despicable Me 2,2013-07-11,1144078,11555189.99,2013,7,Thursday,False
388,Despicable Me 2,2013-07-12,1346815,13602835.14,2013,7,Friday,False
388,Despicable Me 2,2013-07-13,1572795,15885227.94,2013,7,Saturday,True
388,Despicable Me 2,2013-07-14,1481202,14960144.28,2013,7,Sunday,True
388,Despicable Me 2,2013-07-15,899964,9089634.39,2013,7,Monday,False
388,Despicable Me 2,2013-07-16,847554,8560295.29,2013,7,Tuesday,False
388,Despicable Me 2,2013-07-17,798196,8061782.5,2013,7,Wednesday,False
388,Despicable Me 2,2013-07-18,751713,7592300.84,2013,7,Thursday,False
388,Despicable Me 2,2013-07-19,884921,8937699.57,2013,7,Friday,False
388,Despicable Me 2,2013-07-20,1033400,10437338.5,2013,7,Saturday,True
388,Despicable Me 2,2013-07-21,973219,9829515.22,2013,7,Sunday,True
388,Despicable Me 2,2013-07-22,591318,5972315.37,2013,7,Monday,False
388,Despicable Me 2,2013-07-23,556883,5624514.8,2013,7,Tuesday,False
388,Despicable Me 2,2013-07-24,524452,5296968.55,2013,7,Wednesday,False
388,Despicable Me 2,2013-07-25,493911,4988497.12,2013,7,Thursday,False
388,Despicable Me 2,2013-07-26,581434,5872487.08,2013,7,Friday,False
388,Despicable Me 2,2013-07-27,678992,6857820.07,2013,7,Saturday,True
388,Despicable Me 2,2013-07-28,639451,6458451.72,2013,7,Sunday,True
388,Despicable Me 2,2013-07-29,388524,3924090.82,2013,7,Monday,False
388,Despicable Me 2,2013-07-30,365898,3695569.56,2013,7,Tuesday,False
388,Despicable Me 2,2013-07-31,344590,3480356.34,2013,7,Wednesday,False
388,Despicable Me 2,2013-08-01,324522,3277676.17,2013,8,Thursday,False
388,Despicable Me 2,2013-08-02,382030,3858498.96,2013,8,Friday,False
388,Despicable Me 2,2013-08-03,446130,4505908.87,2013,8,Saturday,True
388,Despicable Me 2,2013-08-04,420149,4243505.16,2013,8,Sunday,True
388,Despicable Me 2,2013-08-05,255278,2578311.39,2013,8,Monday,False
388,Despicable Me 2,2013-08-06,240412,2428162.23,2013,8,Tuesday,False
388,Despicable Me 2,2013-08-07,226412,2286757.07,2013,8,Wednesday,False
388,Despicable Me 2,2013-08-08,213226,2153586.7,2013,8,Thursday,False
388,Despicable Me 2,2013-08-09,251011,2535214.47,2013,8,Friday,False
388,Despicable Me 2,2013-08-10,293128,2960593.09,2013,8,Saturday,True
388,Despicable Me 2,2013-08-11,276058,2788181.57,2013,8,Sunday,True
388,Despicable Me 2,2013-08-12,167730,1694071.3,2013,8,Monday,False
388,Despicable Me 2,2013-08-13,157962,1595416.27,2013,8,Tuesday,False
388,Despicable Me 2,2013-08-14,148763,1502506.46,2013,8,Wednesday,False
388,Despicable Me 2,2013-08-15,140100,1415007.29,2013,8,Thursday,False
388,Despicable Me 2,2013-08-16,164926,1665754.61,2013,8,Friday,False
388,Despicable Me 2,2013-08-17,192599,1945248.28,2013,8,Saturday,True
388,Despicable Me 2,2013-08-18,181383,1831965.84,2013,8,Sunday,True
388,Despicable Me 2,2013-08-19,110206,1113084.16,2013,8,Monday,False
388,Despicable Me 2,2013-08-20,103788,1048263.19,2013,8,Tuesday,False
388,Despicable Me 2,2013-08-21,97744,987217.09,2013,8,Wednesday,False
388,Despicable Me 2,2013-08-22,92052,929726.04,2013,8,Thursday,False
388,Despicable Me 2,2013-08-23,108364,1094478.77,2013,8,Friday,False
388,Despicable Me 2,2013-08-24,126546,1278119.19,2013,8,Saturday,True
388,Despicable Me 2,2013-08-25,119177,1203687.33,2013,8,Sunday,True
388,Despicable Me 2,2013-08-26,72411,731348.41,2013,8,Monday,False
388,Despicable Me 2,2013-08-27,68194,688757.99,2013,8,Tuesday,False
638,Deadpool,2016-02-12,2070474,22568164.55,2016,2,Friday,False
638,Deadpool,2016-02-13,2417875,26354832.23,2016,2,Saturday,True
638,Deadpool,2016-02-14,2277068,24820046.28,2016,2,Sunday,True
638,Deadpool,2016-02-15,1383524,15080412.46,2016,2,Monday,False
638,Deadpool,2016-02-16,1302954,14202197.6,2016,2,Tuesday,False
638,Deadpool,2016-02-17,1227076,13375126.0,2016,2,Wednesday,False
638,Deadpool,2016-02-18,1155616,12596219.3,2016,2,Thursday,False
638,Deadpool,2016-02-19,1360398,14828340.74,2016,2,Friday,False
638,Deadpool,2016-02-20,1588657,17316358.7,2016,2,Saturday,True
638,Deadpool,2016-02-21,1496141,16307932.48,2016,2,Sunday,True
638,Deadpool,2016-02-22,909040,9908537.05,2016,2,Monday,False
638,Deadpool,2016-02-23,856102,9331508.77,2016,2,Tuesday,False
638,Deadpool,2016-02-24,806246,8788084.01,2016,2,Wednesday,False
638,Deadpool,2016-02-25,759294,8276305.83,2016,2,Thursday,False
638,Deadpool,2016-02-26,893845,9742914.13,2016,2,Friday,False
638,Deadpool,2016-02-27,1043822,11377658.42,2016,2,Saturday,True
638,Deadpool,2016-02-28,983034,10715075.17,2016,2,Sunday,True
638,Deadpool,2016-02-29,597282,6510372.76,2016,2,Monday,False
638,Deadpool,2016-03-01,562499,6131238.16,2016,3,Tuesday,False
638,Deadpool,2016-03-02,529742,5774182.65,2016,3,Wednesday,False
638,Deadpool,2016-03-03,498892,5437920.43,2016,3,Thursday,False
638,Deadpool,2016-03-04,587298,6401550.74,2016,3,Friday,False
638,Deadpool,2016-03-05,685840,7475654.28,2016,3,Saturday,True
638,Deadpool,2016-03-06,645900,7040306.07,2016,3,Sunday,True
638,Deadpool,2016-03-07,392442,4277619.72,2016,3,Monday,False
638,Deadpool,2016-03-08,369588,4028510.54,2016,3,Tuesday,False
638,Deadpool,2016-03-09,348065,3793908.35,2016,3,Wednesday,False
638,Deadpool,2016-03-10,327795,3572968.32,2016,3,Thursday,False
638,Deadpool,2016-03-11,385882,4206118.56,2016,3,Friday,False
638,Deadpool,2016-03-12,450629,4911854.87,2016,3,Saturday,True
638,Deadpool,2016-03-13,424386,4625810.71,2016,3,Sunday,True
638,Deadpool,2016-03-14,257853,2810596.43,2016,3,Monday,False
638,Deadpool,2016-03-15,242837,2646920.04,2016,3,Tuesday,False
638,Deadpool,2016-03-16,228695,2492775.41,2016,3,Wednesday,False
638,Deadpool,2016-03-17,215377,2347607.47,2016,3,Thursday,False
638,Deadpool,2016-03-18,253543,2763616.82,2016,3,Friday,False
638,Deadpool,2016-03-19,296084,3227318.62,2016,3,Saturday,True
638,Deadpool,2016-03-20,278842,3039374.22,2016,3,Sunday,True
638,Deadpool,2016-03-21,169421,1846693.45,2016,3,Monday,False
638,Deadpool,2016-03-22,159555,1739150.39,2016,3,Tuesday,False
638,Deadpool,2016-03-23,150263,1637870.16,2016,3,Wednesday,False
638,Deadpool,2016-03-24,141513,1542488.03,2016,3,Thursday,False
638,Deadpool,2016-03-25,166590,1815825.64,2016,3,Friday,False
638,Deadpool,2016-03-26,194541,2120499.44,2016,3,Saturday,True
638,Deadpool,2016-03-27,183212,1997011.16,2016,3,Sunday,True
638,Deadpool,2016-03-28,111318,1213364.06,2016,3,Monday,False
638,Deadpool,2016-03-29,104835,1142703.23,2016,3,Tuesday,False
638,Deadpool,2016-03-30,98730,1076157.38,2016,3,Wednesday,False
638,Deadpool,2016-03-31,92980,1013486.85,2016,3,Thursday,False
638,Deadpool,2016-04-01,109457,1193082.47,2016,4,Friday,False
638,Deadpool,2016-04-02,127823,1393267.41,2016,4,Saturday,True
638,Deadpool,2016-04-03,120379,1312129.83,2016,4,Sunday,True
638,Deadpool,2016-04-04,73141,797236.99,2016,4,Monday,False
638,Deadpool,2016-04-05,68882,750809.53,2016,4,Tuesday,False
638,Deadpool,2016-04-06,64870,707085.78,2016,4,Wednesday,False
638,Deadpool,2016-04-07,61093,665908.31,2016,4,Thursday,False
3452,Guardians of the Galaxy Vol. 3,2023-05-05,2209393,22314872.62,2023,5,Friday,False
3452,Guardians of the Galaxy Vol. 3,2023-05-06,2580103,26059040.95,2023,5,Saturday,True
3452,Guardians of the Galaxy Vol. 3,2023-05-07,2429850,24541480.55,2023,5,Sunday,True
3452,Guardians of the Galaxy Vol. 3,2023-05-08,1476352,14911158.7,2023,5,Monday,False
3452,Guardians of the Galaxy Vol. 3,2023-05-09,1390376,14042800.42,2023,5,Tuesday,False
3452,Guardians of the Galaxy Vol. 3,2023-05-10,1309407,13225011.39,2023,5,Wednesday,False
3452,Guardians of the Galaxy Vol. 3,2023-05-11,1233153,12454846.68,2023,5,Thursday,False
3452,Guardians of the Galaxy Vol. 3,2023-05-12,1451675,14661916.09,2023,5,Friday,False
3452,Guardians of the Galaxy Vol. 3,2023-05-13,1695249,17122009.99,2023,5,Saturday,True
3452,Guardians of the Galaxy Vol. 3,2023-05-14,1596525,16124901.75,2023,5,Sunday,True
3452,Guardians of the Galaxy Vol. 3,2023-05-15,970033,9797329.4,2023,5,Monday,False
3452,Guardians of the Galaxy Vol. 3,2023-05-16,913542,9226777.36,2023,5,Tuesday,False
3452,Guardians of the Galaxy Vol. 3,2023-05-17,860342,8689451.67,2023,5,Wednesday,False
3452,Guardians of the Galaxy Vol. 3,2023-05-18,810239,8183417.4,2023,5,Thursday,False
3452,Guardians of the Galaxy Vol. 3,2023-05-19,953818,9633565.34,2023,5,Friday,False
3452,Guardians of the Galaxy Vol. 3,2023-05-20,1113858,11249962.21,2023,5,Saturday,True
3452,Guardians of the Galaxy Vol. 3,2023-05-21,1048992,10594815.41,2023,5,Sunday,True
3452,Guardians of the Galaxy Vol. 3,2023-05-22,637357,6437304.13,2023,5,Monday,False
3452,Guardians of the Galaxy Vol. 3,2023-05-23,600240,6062424.72,2023,5,Tuesday,False
3452,Guardians of the Galaxy Vol. 3,2023-05-24,565285,5709376.59,2023,5,Wednesday,False
3452,Guardians of the Galaxy Vol. 3,2023-05-25,532365,5376888.38,2023,5,Thursday,False
3452,Guardians of the Galaxy Vol. 3,2023-05-26,626703,6329703.47,2023,5,Friday,False
3452,Guardians of the Galaxy Vol. 3,2023-05-27,731857,7391751.89,2023,5,Saturday,True
3452,Guardians of the Galaxy Vol. 3,2023-05-28,689237,6961289.77,2023,5,Sunday,True
3452,Guardians of the Galaxy Vol. 3,2023-05-29,418773,4229610.2,2023,5,Monday,False
3452,Guardians of the Galaxy Vol. 3,2023-05-30,394386,3983296.88,2023,5,Tuesday,False
3452,Guardians of the Galaxy Vol. 3,2023-05-31,371419,3751327.73,2023,5,Wednesday,False
3452,Guardians of the Galaxy Vol. 3,2023-06-01,349789,3532867.41,2023,6,Thursday,False
3452,Guardians of the Galaxy Vol. 3,2023-06-02,411773,4158911.54,2023,6,Friday,False
3452,Guardians of the Galaxy Vol. 3,2023-06-03,480864,4856727.07,2023,6,Saturday,True
3452,Guardians of the Galaxy Vol. 3,2023-06-04,452861,4573893.31,2023,6,Sunday,True
3452,Guardians of the Galaxy Vol. 3,2023-06-05,275154,2779051.93,2023,6,Monday,False
3452,Guardians of the Galaxy Vol. 3,2023-06-06,259130,2617212.55,2023,6,Tuesday,False
3452,Guardians of the Galaxy Vol. 3,2023-06-07,244039,2464797.96,2023,6,Wednesday,False
3452,Guardians of the Galaxy Vol. 3,2023-06-08,229828,2321259.3,2023,6,Thursday,False
3452,Guardians of the Galaxy Vol. 3,2023-06-09,270554,2732599.6,2023,6,Friday,False
3452,Guardians of the Galaxy Vol. 3,2023-06-10,315950,3191097.08,2023,6,Saturday,True
3452,Guardians of the Galaxy Vol. 3,2023-06-11,297551,3005262.05,2023,6,Sunday,True
3452,Guardians of the Galaxy Vol. 3,2023-06-12,180789,1825967.24,2023,6,Monday,False
3452,Guardians of the Galaxy Vol. 3,2023-06-13,170261,1719631.18,2023,6,Tuesday,False
3452,Guardians of the Galaxy Vol. 3,2023-06-14,160345,1619487.66,2023,6,Wednesday,False
3452,Guardians of the Galaxy Vol. 3,2023-06-15,151008,1525176.04,2023,6,Thursday,False
3452,Guardians of the Galaxy Vol. 3,2023-06-16,177767,1795445.88,2023,6,Friday,False
3452,Guardians of the Galaxy Vol. 3,2023-06-17,207594,2096700.19,2023,6,Saturday,True
3452,Guardians of the Galaxy Vol. 3,2023-06-18,195505,1974597.87,2023,6,Sunday,True
3452,Guardians of the Galaxy Vol. 3,2023-06-19,118787,1199745.97,2023,6,Monday,False
3452,Guardians of the Galaxy Vol. 3,2023-06-20,111869,1129878.2,2023,6,Tuesday,False
3452,Guardians of the Galaxy Vol. 3,2023-06-21,105354,1064079.22,2023,6,Wednesday,False
3452,Guardians of the Galaxy Vol. 3,2023-06-22,99219,1002112.07,2023,6,Thursday,False
3452,Guardians of the Galaxy Vol. 3,2023-06-23,116801,1179692.0,2023,6,Friday,False
3452,Guardians of the Galaxy Vol. 3,2023-06-24,136399,1377630.19,2023,6,Saturday,True
3452,Guardians of the Galaxy Vol. 3,2023-06-25,128456,1297403.25,2023,6,Sunday,True
3452,Guardians of the Galaxy Vol. 3,2023-06-26,78048,788289.27,2023,6,Monday,False
3452,Guardians of the Galaxy Vol. 3,2023-06-27,73503,742382.88,2023,6,Tuesday,False
3452,Guardians of the Galaxy Vol. 3,2023-06-28,69223,699149.86,2023,6,Wednesday,False
3452,Guardians of the Galaxy Vol. 3,2023-06-29,65192,658434.55,2023,6,Thursday,False
3444,Inside Out,2015-06-19,2193798,22157354.89,2015,6,Friday,False
3444,Inside Out,2015-06-20,2561890,25875093.63,2015,6,Saturday,True
3444,Inside Out,2015-06-21,2412698,24368245.48,2015,6,Sunday,True
3444,Inside Out,2015-06-22,1465931,14805902.8,2015,6,Monday,False
3444,Inside Out,2015-06-23,1380562,13943674.15,2015,6,Tuesday,False
3444,Inside Out,2015-06-24,1300164,13131657.78,2015,6,Wednesday,False
3444,Inside Out,2015-06-25,1224448,12366929.56,2015,6,Thursday,False
3444,Inside Out,2015-06-26,1441428,14558419.56,2015,6,Friday,False
3444,Inside Out,2015-06-27,1683282,17001147.98,2015,6,Saturday,True
3444,Inside Out,2015-06-28,1585255,16011078.2,2015,6,Sunday,True
3444,Inside Out,2015-06-29,963185,9728171.35,2015,6,Monday,False
3444,Inside Out,2015-06-30,907094,9161646.75,2015,6,Tuesday,False
3444,Inside Out,2015-07-01,854269,8628113.98,2015,7,Wednesday,False
3444,Inside Out,2015-07-02,804520,8125651.74,2015,7,Thursday,False
3444,Inside Out,2015-07-03,947085,9565563.28,2015,7,Friday,False
3444,Inside Out,2015-07-04,1105995,11170550.21,2015,7,Saturday,True
3444,Inside Out,2015-07-05,1041587,10520028.01,2015,7,Sunday,True
3444,Inside Out,2015-07-06,632858,6391864.05,2015,7,Monday,False
3444,Inside Out,2015-07-07,596003,6019630.86,2015,7,Tuesday,False
3444,Inside Out,2015-07-08,561295,5669074.85,2015,7,Wednesday,False
3444,Inside Out,2015-07-09,528607,5338933.63,2015,7,Thursday,False
3444,Inside Out,2015-07-10,622279,6285022.93,2015,7,Friday,False
3444,Inside Out,2015-07-11,726691,7339574.49,2015,7,Saturday,True
3444,Inside Out,2015-07-12,684371,6912150.95,2015,7,Sunday,True
3444,Inside Out,2015-07-13,415817,4199753.95,2015,7,Monday,False
3444,Inside Out,2015-07-14,391602,3955179.32,2015,7,Tuesday,False
3444,Inside Out,2015-07-15,368797,3724847.6,2015,7,Wednesday,False
3444,Inside Out,2015-07-16,347320,3507929.37,2015,7,Thursday,False
3444,Inside Out,2015-07-17,408867,4129554.33,2015,7,Friday,False
3444,Inside Out,2015-07-18,477470,4822444.08,2015,7,Saturday,True
3444,Inside Out,2015-07-19,449664,4541606.8,2015,7,Sunday,True
3444,Inside Out,2015-07-20,273211,2759434.97,2015,7,Monday,False
3444,Inside Out,2015-07-21,257301,2598737.99,2015,7,Tuesday,False
3444,Inside Out,2015-07-22,242317,2447399.27,2015,7,Wednesday,False
3444,Inside Out,2015-07-23,228205,2304873.83,2015,7,Thursday,False
3444,Inside Out,2015-07-24,268645,2713310.54,2015,7,Friday,False
3444,Inside Out,2015-07-25,313720,3168571.55,2015,7,Saturday,True
3444,Inside Out,2015-07-26,295450,2984048.3,2015,7,Sunday,True
3444,Inside Out,2015-07-27,179513,1813077.97,2015,7,Monday,False
3444,Inside Out,2015-07-28,169059,1707492.53,2015,7,Tuesday,False
3444,Inside Out,2015-07-29,159213,1608055.91,2015,7,Wednesday,False
3444,Inside Out,2015-07-30,149942,1514410.02,2015,7,Thursday,False
3444,Inside Out,2015-07-31,176512,1782772.06,2015,7,Friday,False
3444,Inside Out,2015-08-01,206129,2081899.86,2015,8,Saturday,True
3444,Inside Out,2015-08-02,194125,1960659.45,2015,8,Sunday,True
3444,Inside Out,2015-08-03,117948,1191277.12,2015,8,Monday,False
3444,Inside Out,2015-08-04,111079,1121902.54,2015,8,Tuesday,False
3444,Inside Out,2015-08-05,104611,1056568.02,2015,8,Wednesday,False
3444,Inside Out,2015-08-06,98519,995038.29,2015,8,Thursday,False
3444,Inside Out,2015-08-07,115977,1171364.71,2015,8,Friday,False
3444,Inside Out,2015-08-08,135436,1367905.68,2015,8,Saturday,True
3444,Inside Out,2015-08-09,127549,1288245.06,2015,8,Sunday,True
3444,Inside Out,2015-08-10,77498,782724.84,2015,8,Monday,False
3444,Inside Out,2015-08-11,72984,737142.5,2015,8,Tuesday,False
3444,Inside Out,2015-08-12,68734,694214.66,2015,8,Wednesday,False
3444,Inside Out,2015-08-13,64731,653786.74,2015,8,Thursday,False
3434,Aladdin (2019),2019-05-24,2376479,22101256.57,2019,5,Friday,False
3434,Aladdin (2019),2019-05-25,2775224,25809582.69,2019,5,Saturday,True
3434,Aladdin (2019),2019-05-26,2613607,24306549.6,2019,5,Sunday,True
3434,Aladdin (2019),2019-05-27,1588002,14768417.0,2019,5,Monday,False
3434,Aladdin (2019),2019-05-28,1495524,13908371.35,2019,5,Tuesday,False
3434,Aladdin (2019),2019-05-29,1408431,13098410.85,2019,5,Wednesday,False
3434,Aladdin (2019),2019-05-30,1326411,12335618.79,2019,5,Thursday,False
3434,Aladdin (2019),2019-05-31,1561458,14521560.34,2019,5,Friday,False
3434,Aladdin (2019),2019-06-01,1823452,16958104.23,2019,6,Saturday,True
3434,Aladdin (2019),2019-06-02,1717262,15970541.12,2019,6,Sunday,True
3434,Aladdin (2019),2019-06-03,1043392,9703541.42,2019,6,Monday,False
3434,Aladdin (2019),2019-06-04,982629,9138451.16,2019,6,Tuesday,False
3434,Aladdin (2019),2019-06-05,925405,8606269.2,2019,6,Wednesday,False
3434,Aladdin (2019),2019-06-06,871514,8105079.1,2019,6,Thursday,False
3434,Aladdin (2019),2019-06-07,1025951,9541345.04,2019,6,Friday,False
3434,Aladdin (2019),2019-06-08,1198093,11142268.45,2019,6,Saturday,True
3434,Aladdin (2019),2019-06-09,1128322,10493393.25,2019,6,Sunday,True
3434,Aladdin (2019),2019-06-10,685557,6375681.03,2019,6,Monday,False
3434,Aladdin (2019),2019-06-11,645633,6004390.27,2019,6,Tuesday,False
3434,Aladdin (2019),2019-06-12,608035,5654721.81,2019,6,Wednesday,False
3434,Aladdin (2019),2019-06-13,572625,5325416.44,2019,6,Thursday,False
3434,Aladdin (2019),2019-06-14,674098,6269110.42,2019,6,Friday,False
3434,Aladdin (2019),2019-06-15,787203,7320992.05,2019,6,Saturday,True
3434,Aladdin (2019),2019-06-16,741360,6894650.66,2019,6,Sunday,True
3434,Aladdin (2019),2019-06-17,450443,4189120.95,2019,6,Monday,False
3434,Aladdin (2019),2019-06-18,424211,3945165.53,2019,6,Tuesday,False
3434,Aladdin (2019),2019-06-19,399507,3715416.98,2019,6,Wednesday,False
3434,Aladdin (2019),2019-06-20,376242,3499047.94,2019,6,Thursday,False
3434,Aladdin (2019),2019-06-21,442914,4119099.06,2019,6,Friday,False
3434,Aladdin (2019),2019-06-22,517230,4810234.55,2019,6,Saturday,True
3434,Aladdin (2019),2019-06-23,487108,4530108.29,2019,6,Sunday,True
3434,Aladdin (2019),2019-06-24,295962,2752448.6,2019,6,Monday,False
3434,Aladdin (2019),2019-06-25,278727,2592158.47,2019,6,Tuesday,False
3434,Aladdin (2019),2019-06-26,262495,2441202.91,2019,6,Wednesday,False
3434,Aladdin (2019),2019-06-27,247208,2299038.32,2019,6,Thursday,False
3434,Aladdin (2019),2019-06-28,291015,2706440.94,2019,6,Friday,False
3434,Aladdin (2019),2019-06-29,339844,3160549.31,2019,6,Saturday,True
3434,Aladdin (2019),2019-06-30,320053,2976493.25,2019,6,Sunday,True
3434,Aladdin (2019),2019-07-01,194461,1808487.6,2019,7,Monday,False
3434,Aladdin (2019),2019-07-02,183137,1703169.48,2019,7,Tuesday,False
3434,Aladdin (2019),2019-07-03,172471,1603984.61,2019,7,Wednesday,False
3434,Aladdin (2019),2019-07-04,162428,1510575.82,2019,7,Thursday,False
3434,Aladdin (2019),2019-07-05,191211,1778258.41,2019,7,Friday,False
3434,Aladdin (2019),2019-07-06,223293,2076628.87,2019,7,Saturday,True
3434,Aladdin (2019),2019-07-07,210290,1955695.42,2019,7,Sunday,True
3434,Aladdin (2019),2019-07-08,127770,1188261.02,2019,7,Monday,False
3434,Aladdin (2019),2019-07-09,120329,1119062.09,2019,7,Tuesday,False
3434,Aladdin (2019),2019-07-10,113322,1053892.99,2019,7,Wednesday,False
3434,Aladdin (2019),2019-07-11,106722,992519.04,2019,7,Thursday,False
3434,Aladdin (2019),2019-07-12,125634,1168399.03,2019,7,Friday,False
3434,Aladdin (2019),2019-07-13,146714,1364442.4,2019,7,Saturday,True
3434,Aladdin (2019),2019-07-14,138170,1284983.46,2019,7,Sunday,True
3434,Aladdin (2019),2019-07-15,83951,780743.13,2019,7,Monday,False
3434,Aladdin (2019),2019-07-16,79062,735276.19,2019,7,Tuesday,False
3434,Aladdin (2019),2019-07-17,74458,692457.04,2019,7,Wednesday,False
3434,Aladdin (2019),2019-07-18,70122,652131.48,2019,7,Thursday,False
3411,Furious 7,2015-04-03,2262125,21942614.25,2015,4,Friday,False
3411,Furious 7,2015-04-04,2641683,25624322.09,2015,4,Saturday,True
3411,Furious 7,2015-04-05,2487843,24132077.74,2015,4,Sunday,True
3411,Furious 7,2015-04-06,1511589,14662409.64,2015,4,Monday,False
3411,Furious 7,2015-04-07,1423561,13808537.37,2015,4,Tuesday,False
3411,Furious 7,2015-04-08,1340659,13004390.76,2015,4,Wednesday,False
3411,Furious 7,2015-04-09,1262585,12247074.0,2015,4,Thursday,False
3411,Furious 7,2015-04-10,1486322,14417324.91,2015,4,Friday,False
3411,Furious 7,2015-04-11,1735709,16836379.34,2015,4,Saturday,True
3411,Furious 7,2015-04-12,1634629,15855904.93,2015,4,Sunday,True
3411,Furious 7,2015-04-13,993184,9633889.62,2015,4,Monday,False
3411,Furious 7,2015-04-14,935346,9072855.57,2015,4,Tuesday,False
3411,Furious 7,2015-04-15,880876,8544493.59,2015,4,Wednesday,False
3411,Furious 7,2015-04-16,829577,8046901.02,2015,4,Thursday,False
3411,Furious 7,2015-04-17,976583,9472857.48,2015,4,Friday,False
3411,Furious 7,2015-04-18,1140442,11062289.5,2015,4,Saturday,True
3411,Furious 7,2015-04-19,1074028,10418071.91,2015,4,Sunday,True
3411,Furious 7,2015-04-20,652569,6329916.54,2015,4,Monday,False
3411,Furious 7,2015-04-21,614566,5961290.9,2015,4,Tuesday,False
3411,Furious 7,2015-04-22,578777,5614132.34,2015,4,Wednesday,False
3411,Furious 7,2015-04-23,545071,5287190.73,2015,4,Thursday,False
3411,Furious 7,2015-04-24,641661,6224110.88,2015,4,Friday,False
3411,Furious 7,2015-04-25,749324,7268442.14,2015,4,Saturday,True
3411,Furious 7,2015-04-26,705687,6845161.02,2015,4,Sunday,True
3411,Furious 7,2015-04-27,428768,4159051.53,2015,4,Monday,False
3411,Furious 7,2015-04-28,403799,3916847.23,2015,4,Tuesday,False
3411,Furious 7,2015-04-29,380283,3688747.8,2015,4,Wednesday,False
3411,Furious 7,2015-04-30,358137,3473931.85,2015,4,Thursday,False
3411,Furious 7,2015-05-01,421601,4089532.26,2015,5,Friday,False
3411,Furious 7,2015-05-02,492341,4775706.79,2015,5,Saturday,True
3411,Furious 7,2015-05-03,463669,4497591.28,2015,5,Sunday,True
3411,Furious 7,2015-05-04,281721,2732691.58,2015,5,Monday,False
3411,Furious 7,2015-05-05,265315,2573552.01,2015,5,Tuesday,False
3411,Furious 7,2015-05-06,249864,2423680.01,2015,5,Wednesday,False
3411,Furious 7,2015-05-07,235313,2282535.88,2015,5,Thursday,False
3411,Furious 7,2015-05-08,277012,2687014.17,2015,5,Friday,False
3411,Furious 7,2015-05-09,323491,3137862.96,2015,5,Saturday,True
3411,Furious 7,2015-05-10,304652,2955128.05,2015,5,Sunday,True
3411,Furious 7,2015-05-11,185104,1795506.31,2015,5,Monday,False
3411,Furious 7,2015-05-12,174324,1690944.17,2015,5,Tuesday,False
3411,Furious 7,2015-05-13,164172,1592471.24,2015,5,Wednesday,False
3411,Furious 7,2015-05-14,154612,1499732.94,2015,5,Thursday,False
3411,Furious 7,2015-05-15,182010,1765494.11,2015,5,Friday,False
3411,Furious 7,2015-05-16,212549,2061722.88,2015,5,Saturday,True
3411,Furious 7,2015-05-17,200171,1941657.48,2015,5,Sunday,True
3411,Furious 7,2015-05-18,121622,1179731.71,2015,5,Monday,False
3411,Furious 7,2015-05-19,114539,1111029.49,2015,5,Tuesday,False
3411,Furious 7,2015-05-20,107869,1046328.17,2015,5,Wednesday,False
3411,Furious 7,2015-05-21,101587,985394.76,2015,5,Thursday,False
3411,Furious 7,2015-05-22,119589,1160012.29,2015,5,Friday,False
3411,Furious 7,2015-05-23,139654,1354648.46,2015,5,Saturday,True
3411,Furious 7,2015-05-24,131522,1275759.88,2015,5,Sunday,True
3411,Furious 7,2015-05-25,79911,775138.97,2015,5,Monday,False
3411,Furious 7,2015-05-26,75258,729998.39,2015,5,Tuesday,False
3411,Furious 7,2015-05-27,70875,687486.59,2015,5,Wednesday,False
3411,Furious 7,2015-05-28,66747,647450.49,2015,5,Thursday,False
639,American Sniper,2014-12-25,1556716,17590895.1,2014,12,Thursday,False
639,American Sniper,2014-12-26,1832575,20708101.4,2014,12,Friday,False
639,American Sniper,2014-12-27,2140060,24182672.77,2014,12,Saturday,True
639,American Sniper,2014-12-28,2015432,22774383.54,2014,12,Sunday,True
639,American Sniper,2014-12-29,1224556,13837488.19,2014,12,Monday,False
639,American Sniper,2014-12-30,1153244,13031655.61,2014,12,Tuesday,False
639,American Sniper,2014-12-31,1086084,12272751.07,2014,12,Wednesday,False
639,American Sniper,2015-01-01,1022836,11558041.68,2015,1,Thursday,False
639,American Sniper,2015-01-02,1204088,13606192.17,2015,1,Friday,False
639,American Sniper,2015-01-03,1406119,15889148.24,2015,1,Saturday,True
639,American Sniper,2015-01-04,1324233,14963836.28,2015,1,Sunday,True
639,American Sniper,2015-01-05,804591,9091877.61,2015,1,Monday,False
639,American Sniper,2015-01-06,757735,8562407.87,2015,1,Tuesday,False
639,American Sniper,2015-01-07,713608,8063772.06,2015,1,Wednesday,False
639,American Sniper,2015-01-08,672051,7594174.53,2015,1,Thursday,False
639,American Sniper,2015-01-09,791142,8939905.29,2015,1,Friday,False
639,American Sniper,2015-01-10,923886,10439914.32,2015,1,Saturday,True
639,American Sniper,2015-01-11,870083,9831941.04,2015,1,Sunday,True
639,American Sniper,2015-01-12,528654,5973789.27,2015,1,Monday,False
639,American Sniper,2015-01-13,497868,5625902.86,2015,1,Tuesday,False
639,American Sniper,2015-01-14,468874,5298275.79,2015,1,Wednesday,False
639,American Sniper,2015-01-15,441569,4989728.23,2015,1,Thursday,False
639,American Sniper,2015-01-16,519817,5873936.34,2015,1,Friday,False
639,American Sniper,2015-01-17,607037,6859512.5,2015,1,Saturday,True
639,American Sniper,2015-01-18,571685,6460045.59,2015,1,Sunday,True
639,American Sniper,2015-01-19,347350,3925059.24,2015,1,Monday,False
639,American Sniper,2015-01-20,327122,3696481.59,2015,1,Tuesday,False
639,American Sniper,2015-01-21,308072,3481215.26,2015,1,Wednesday,False
639,American Sniper,2015-01-22,290131,3278485.06,2015,1,Thursday,False
639,American Sniper,2015-01-23,341544,3859451.19,2015,1,Friday,False
639,American Sniper,2015-01-24,398851,4507020.87,2015,1,Saturday,True
639,American Sniper,2015-01-25,375624,4244552.41,2015,1,Sunday,True
639,American Sniper,2015-01-26,228225,2578947.69,2015,1,Monday,False
639,American Sniper,2015-01-27,214935,2428761.47,2015,1,Tuesday,False
639,American Sniper,2015-01-28,202418,2287321.41,2015,1,Wednesday,False
639,American Sniper,2015-01-29,190630,2154118.18,2015,1,Thursday,False
639,American Sniper,2015-01-30,224411,2535840.13,2015,1,Friday,False
639,American Sniper,2015-01-31,262064,2961323.73,2015,1,Saturday,True
639,American Sniper,2015-02-01,246803,2788869.66,2015,2,Sunday,True
639,American Sniper,2015-02-02,149955,1694489.38,2015,2,Monday,False
639,American Sniper,2015-02-03,141222,1595810.0,2015,2,Tuesday,False
639,American Sniper,2015-02-04,132998,1502877.26,2015,2,Wednesday,False
639,American Sniper,2015-02-05,125253,1415356.5,2015,2,Thursday,False
639,American Sniper,2015-02-06,147448,1666165.7,2015,2,Friday,False
639,American Sniper,2015-02-07,172188,1945728.34,2015,2,Saturday,True
639,American Sniper,2015-02-08,162161,1832417.94,2015,2,Sunday,True
639,American Sniper,2015-02-09,98527,1113358.86,2015,2,Monday,False
639,American Sniper,2015-02-10,92790,1048521.89,2015,2,Tuesday,False
639,American Sniper,2015-02-11,87386,987460.72,2015,2,Wednesday,False
639,American Sniper,2015-02-12,82297,929955.49,2015,2,Thursday,False
639,American Sniper,2015-02-13,96880,1094748.87,2015,2,Friday,False
639,American Sniper,2015-02-14,113136,1278434.62,2015,2,Saturday,True
639,American Sniper,2015-02-15,106547,1203984.38,2015,2,Sunday,True
639,American Sniper,2015-02-16,64737,731528.9,2015,2,Monday,False
639,American Sniper,2015-02-17,60967,688927.97,2015,2,Tuesday,False
639,American Sniper,2015-02-18,57417,648807.93,2015,2,Wednesday,False
3428,The Lord of the Rings: The Two Towers,2002-12-18,1720750,17379575.66,2002,12,Wednesday,False
3428,The Lord of the Rings: The Two Towers,2002-12-19,1620541,16367467.97,2002,12,Thursday,False
3428,The Lord of the Rings: The Two Towers,2002-12-20,1907710,19267876.05,2002,12,Friday,False
3428,The Lord of the Rings: The Two Towers,2002-12-21,2227801,22500794.85,2002,12,Saturday,True
3428,The Lord of the Rings: The Two Towers,2002-12-22,2098064,21190450.57,2002,12,Sunday,True
3428,The Lord of the Rings: The Two Towers,2002-12-23,1274763,12875106.32,2002,12,Monday,False
3428,The Lord of the Rings: The Two Towers,2002-12-24,1200527,12125318.5,2002,12,Tuesday,False
3428,The Lord of the Rings: The Two Towers,2002-12-25,1130613,11419194.92,2002,12,Wednesday,False
3428,The Lord of the Rings: The Two Towers,2002-12-26,1064772,10754192.78,2002,12,Thursday,False
3428,The Lord of the Rings: The Two Towers,2002-12-27,1253455,12659896.68,2002,12,Friday,False
3428,The Lord of the Rings: The Two Towers,2002-12-28,1463770,14784075.7,2002,12,Saturday,True
3428,The Lord of the Rings: The Two Towers,2002-12-29,1378527,13923118.16,2002,12,Sunday,True
3428,The Lord of the Rings: The Two Towers,2002-12-30,837579,8459547.66,2002,12,Monday,False
3428,The Lord of the Rings: The Two Towers,2002-12-31,788802,7966901.96,2002,12,Tuesday,False
3428,The Lord of the Rings: The Two Towers,2003-01-01,742866,7502945.71,2003,1,Wednesday,False
3428,The Lord of the Rings: The Two Towers,2003-01-02,699605,7066008.16,2003,1,Thursday,False
3428,The Lord of the Rings: The Two Towers,2003-01-03,823579,8318144.85,2003,1,Friday,False
3428,The Lord of the Rings: The Two Towers,2003-01-04,961765,9713829.92,2003,1,Saturday,True
3428,The Lord of the Rings: The Two Towers,2003-01-05,905756,9148140.51,2003,1,Sunday,True
3428,The Lord of the Rings: The Two Towers,2003-01-06,550329,5558318.89,2003,1,Monday,False
3428,The Lord of the Rings: The Two Towers,2003-01-07,518280,5234627.6,2003,1,Tuesday,False
3428,The Lord of the Rings: The Two Towers,2003-01-08,488098,4929786.62,2003,1,Wednesday,False
3428,The Lord of the Rings: The Two Towers,2003-01-09,459673,4642698.19,2003,1,Thursday,False
3428,The Lord of the Rings: The Two Towers,2003-01-10,541130,5465410.62,2003,1,Friday,False
3428,The Lord of the Rings: The Two Towers,2003-01-11,631925,6382441.06,2003,1,Saturday,True
3428,The Lord of the Rings: The Two Towers,2003-01-12,595124,6010756.63,2003,1,Sunday,True
3428,The Lord of the Rings: The Two Towers,2003-01-13,361592,3652075.75,2003,1,Monday,False
3428,The Lord of the Rings: The Two Towers,2003-01-14,340534,3439395.41,2003,1,Tuesday,False
3428,The Lord of the Rings: The Two Towers,2003-01-15,320703,3239100.62,2003,1,Wednesday,False
3428,The Lord of the Rings: The Two Towers,2003-01-16,302027,3050470.08,2003,1,Thursday,False
3428,The Lord of the Rings: The Two Towers,2003-01-17,355548,3591030.67,2003,1,Friday,False
3428,The Lord of the Rings: The Two Towers,2003-01-18,415204,4193562.6,2003,1,Saturday,True
3428,The Lord of the Rings: The Two Towers,2003-01-19,391025,3949348.53,2003,1,Sunday,True
3428,The Lord of the Rings: The Two Towers,2003-01-20,237583,2399584.76,2003,1,Monday,False
3428,The Lord of the Rings: The Two Towers,2003-01-21,223747,2259843.82,2003,1,Tuesday,False
3428,The Lord of the Rings: The Two Towers,2003-01-22,210717,2128240.76,2003,1,Wednesday,False
3428,The Lord of the Rings: The Two Towers,2003-01-23,198446,2004301.67,2003,1,Thursday,False
3428,The Lord of the Rings: The Two Towers,2003-01-24,233611,2359475.28,2003,1,Friday,False
3428,The Lord of the Rings: The Two Towers,2003-01-25,272809,2755366.97,2003,1,Saturday,True
3428,The Lord of the Rings: The Two Towers,2003-01-26,256921,2594906.89,2003,1,Sunday,True
3428,The Lord of the Rings: The Two Towers,2003-01-27,156103,1576639.53,2003,1,Monday,False
3428,The Lord of the Rings: The Two Towers,2003-01-28,147012,1484823.19,2003,1,Tuesday,False
3428,The Lord of the Rings: The Two Towers,2003-01-29,138451,1398353.82,2003,1,Wednesday,False
3428,The Lord of the Rings: The Two Towers,2003-01-30,130388,1316920.04,2003,1,Thursday,False
3428,The Lord of the Rings: The Two Towers,2003-01-31,153494,1550285.73,2003,1,Friday,False
3428,The Lord of the Rings: The Two Towers,2003-02-01,179248,1810405.11,2003,2,Saturday,True
3428,The Lord of the Rings: The Two Towers,2003-02-02,168809,1704975.32,2003,2,Sunday,True
3428,The Lord of the Rings: The Two Towers,2003-02-03,102567,1035925.99,2003,2,Monday,False
3428,The Lord of the Rings: The Two Towers,2003-02-04,96594,975598.36,2003,2,Tuesday,False
3428,The Lord of the Rings: The Two Towers,2003-02-05,90969,918783.93,2003,2,Wednesday,False
3428,The Lord of the Rings: The Two Towers,2003-02-06,85671,865278.12,2003,2,Thursday,False
3428,The Lord of the Rings: The Two Towers,2003-02-07,100853,1018610.31,2003,2,Friday,False
3428,The Lord of the Rings: The Two Towers,2003-02-08,117774,1189520.92,2003,2,Saturday,True
3428,The Lord of the Rings: The Two Towers,2003-02-09,110916,1120248.61,2003,2,Sunday,True
3428,The Lord of the Rings: The Two Towers,2003-02-10,67391,680651.88,2003,2,Monday,False
3428,The Lord of the Rings: The Two Towers,2003-02-11,63467,641013.8,2003,2,Tuesday,False
40,Zootopia,2016-03-04,2495640,21212942.23,2016,3,Friday,False
40,Zootopia,2016-03-05,2914379,24772219.84,2016,3,Saturday,True
40,Zootopia,2016-03-06,2744659,23329598.06,2016,3,Sunday,True
40,Zootopia,2016-03-07,1667627,14174830.99,2016,3,Monday,False
40,Zootopia,2016-03-08,1570512,13349353.1,2016,3,Tuesday,False
40,Zootopia,2016-03-09,1479053,12571947.3,2016,3,Wednesday,False
40,Zootopia,2016-03-10,1392919,11839814.08,2016,3,Thursday,False
40,Zootopia,2016-03-11,1639752,13937896.23,2016,3,Friday,False
40,Zootopia,2016-03-12,1914883,16276508.27,2016,3,Saturday,True
40,Zootopia,2016-03-13,1803369,15328638.22,2016,3,Sunday,True
40,Zootopia,2016-03-14,1095709,9313527.63,2016,3,Monday,False
40,Zootopia,2016-03-15,1031900,8771150.0,2016,3,Tuesday,False
40,Zootopia,2016-03-16,971807,8260357.99,2016,3,Wednesday,False
40,Zootopia,2016-03-17,915213,7779312.19,2016,3,Thursday,False
40,Zootopia,2016-03-18,1077394,9157850.39,2016,3,Friday,False
40,Zootopia,2016-03-19,1258168,10694427.99,2016,3,Saturday,True
40,Zootopia,2016-03-20,1184898,10071632.99,2016,3,Sunday,True
40,Zootopia,2016-03-21,719932,6119423.71,2016,3,Monday,False
40,Zootopia,2016-03-22,678007,5763056.21,2016,3,Tuesday,False
40,Zootopia,2016-03-23,638523,5427441.95,2016,3,Wednesday,False
40,Zootopia,2016-03-24,601338,5111372.33,2016,3,Thursday,False
40,Zootopia,2016-03-25,707898,6017136.48,2016,3,Friday,False
40,Zootopia,2016-03-26,826675,7026739.9,2016,3,Saturday,True
40,Zootopia,2016-03-27,778533,6617534.43,2016,3,Sunday,True
40,Zootopia,2016-03-28,473029,4020747.89,2016,3,Monday,False
40,Zootopia,2016-03-29,445482,3786597.76,2016,3,Tuesday,False
40,Zootopia,2016-03-30,419539,3566083.47,2016,3,Wednesday,False
40,Zootopia,2016-03-31,395107,3358410.94,2016,3,Thursday,False
40,Zootopia,2016-04-01,465122,3953540.39,2016,4,Friday,False
40,Zootopia,2016-04-02,543164,4616897.11,2016,4,Saturday,True
40,Zootopia,2016-04-03,511533,4348029.95,2016,4,Sunday,True
40,Zootopia,2016-04-04,310802,2641819.61,2016,4,Monday,False
40,Zootopia,2016-04-05,292703,2487972.01,2016,4,Tuesday,False
40,Zootopia,2016-04-06,275657,2343083.8,2016,4,Wednesday,False
40,Zootopia,2016-04-07,259604,2206633.23,2016,4,Thursday,False
40,Zootopia,2016-04-08,305607,2597661.14,2016,4,Friday,False
40,Zootopia,2016-04-09,356884,3033517.56,2016,4,Saturday,True
40,Zootopia,2016-04-10,336101,2856859.25,2016,4,Sunday,True
40,Zootopia,2016-04-11,204212,1735799.17,2016,4,Monday,False
40,Zootopia,2016-04-12,192319,1634714.1,2016,4,Tuesday,False
40,Zootopia,2016-04-13,181120,1539515.76,2016,4,Wednesday,False
40,Zootopia,2016-04-14,170572,1449861.34,2016,4,Thursday,False
40,Zootopia,2016-04-15,200798,1706784.99,2016,4,Friday,False
40,Zootopia,2016-04-16,234490,1993163.07,2016,4,Saturday,True
40,Zootopia,2016-04-17,220834,1877090.29,2016,4,Sunday,True
40,Zootopia,2016-04-18,134177,1140501.33,2016,4,Monday,False
40,Zootopia,2016-04-19,126363,1074083.7,2016,4,Tuesday,False
40,Zootopia,2016-04-20,119004,1011533.94,2016,4,Wednesday,False
40,Zootopia,2016-04-21,112074,952626.78,2016,4,Thursday,False
40,Zootopia,2016-04-22,131934,1121437.65,2016,4,Friday,False
40,Zootopia,2016-04-23,154071,1309601.45,2016,4,Saturday,True
40,Zootopia,2016-04-24,145098,1233336.2,2016,4,Sunday,True
40,Zootopia,2016-04-25,88160,749362.77,2016,4,Monday,False
40,Zootopia,2016-04-26,83026,705723.28,2016,4,Tuesday,False
40,Zootopia,2016-04-27,78191,664625.16,2016,4,Wednesday,False
40,Zootopia,2016-04-28,73638,625920.4,2016,4,Thursday,False
427,Minions,2015-07-10,2153435,20888317.47,2015,7,Friday,False
427,Minions,2015-07-11,2514755,24393126.93,2015,7,Saturday,True
427,Minions,2015-07-12,2368307,22972581.81,2015,7,Sunday,True
427,Minions,2015-07-13,1438960,13957911.48,2015,7,Monday,False
427,Minions,2015-07-14,1355161,13145065.99,2015,7,Tuesday,False
427,Minions,2015-07-15,1276243,12379556.94,2015,7,Wednesday,False
427,Minions,2015-07-16,1201920,11658627.67,2015,7,Thursday,False
427,Minions,2015-07-17,1414907,13724602.56,2015,7,Friday,False
427,Minions,2015-07-18,1652312,16027426.48,2015,7,Saturday,True
427,Minions,2015-07-19,1556089,15094061.82,2015,7,Sunday,True
427,Minions,2015-07-20,945464,9171001.35,2015,7,Monday,False
427,Minions,2015-07-21,890405,8636923.81,2015,7,Tuesday,False
427,Minions,2015-07-22,838551,8133948.52,2015,7,Wednesday,False
427,Minions,2015-07-23,789718,7660264.23,2015,7,Thursday,False
427,Minions,2015-07-24,929660,9017706.47,2015,7,Friday,False
427,Minions,2015-07-25,1085646,10530769.6,2015,7,Saturday,True
427,Minions,2015-07-26,1022423,9917505.32,2015,7,Sunday,True
427,Minions,2015-07-27,621214,6025777.27,2015,7,Monday,False
427,Minions,2015-07-28,585037,5674863.32,2015,7,Tuesday,False
427,Minions,2015-07-29,550968,5344385.01,2015,7,Wednesday,False
427,Minions,2015-07-30,518882,5033152.25,2015,7,Thursday,False
427,Minions,2015-07-31,610830,5925055.36,2015,7,Friday,False
427,Minions,2015-08-01,713320,6919208.67,2015,8,Saturday,True
427,Minions,2015-08-02,671780,6516265.33,2015,8,Sunday,True
427,Minions,2015-08-03,408167,3959217.79,2015,8,Monday,False
427,Minions,2015-08-04,384397,3728650.9,2015,8,Tuesday,False
427,Minions,2015-08-05,362011,3511511.17,2015,8,Wednesday,False
427,Minions,2015-08-06,340930,3307016.68,2015,8,Thursday,False
427,Minions,2015-08-07,401344,3893038.78,2015,8,Friday,False
427,Minions,2015-08-08,468685,4546244.05,2015,8,Saturday,True
427,Minions,2015-08-09,441391,4281491.41,2015,8,Sunday,True
427,Minions,2015-08-10,268185,2601391.46,2015,8,Monday,False
427,Minions,2015-08-11,252567,2449898.21,2015,8,Tuesday,False
427,Minions,2015-08-12,237858,2307227.25,2015,8,Wednesday,False
427,Minions,2015-08-13,224007,2172864.79,2015,8,Thursday,False
427,Minions,2015-08-14,263702,2557908.75,2015,8,Friday,False
427,Minions,2015-08-15,307948,2987095.2,2015,8,Saturday,True
427,Minions,2015-08-16,290014,2813140.32,2015,8,Sunday,True
427,Minions,2015-08-17,176210,1709235.99,2015,8,Monday,False
427,Minions,2015-08-18,165948,1609697.83,2015,8,Tuesday,False
427,Minions,2015-08-19,156284,1515956.33,2015,8,Wednesday,False
427,Minions,2015-08-20,147183,1427673.9,2015,8,Thursday,False
427,Minions,2015-08-21,173265,1680665.81,2015,8,Friday,False
427,Minions,2015-08-22,202336,1962661.4,2015,8,Saturday,True
427,Minions,2015-08-23,190553,1848364.9,2015,8,Sunday,True
427,Minions,2015-08-24,115778,1123048.07,2015,8,Monday,False
427,Minions,2015-08-25,109036,1057646.84,2015,8,Tuesday,False
427,Minions,2015-08-26,102686,996054.28,2015,8,Wednesday,False
427,Minions,2015-08-27,96706,938048.6,2015,8,Thursday,False
427,Minions,2015-08-28,113843,1104276.13,2015,8,Friday,False
427,Minions,2015-08-29,132944,1289560.43,2015,8,Saturday,True
427,Minions,2015-08-30,125202,1214462.28,2015,8,Sunday,True
427,Minions,2015-08-31,76072,737895.16,2015,8,Monday,False
427,Minions,2015-09-01,71642,694923.49,2015,9,Tuesday,False
427,Minions,2015-09-02,67470,654454.3,2015,9,Wednesday,False
427,Minions,2015-09-03,63540,616341.85,2015,9,Thursday,False
3435,Joker,2019-10-04,2149625,20851366.41,2019,10,Friday,False
3435,Joker,2019-10-05,2510307,24349975.92,2019,10,Saturday,True
3435,Joker,2019-10-06,2364118,22931943.72,2019,10,Sunday,True
3435,Joker,2019-10-07,1436414,13933220.18,2019,10,Monday,False
3435,Joker,2019-10-08,1352764,13121812.6,2019,10,Tuesday,False
3435,Joker,2019-10-09,1273985,12357657.73,2019,10,Wednesday,False
3435,Joker,2019-10-10,1199794,11638003.77,2019,10,Thursday,False
3435,Joker,2019-10-11,1412405,13700323.99,2019,10,Friday,False
3435,Joker,2019-10-12,1649389,15999074.24,2019,10,Saturday,True
3435,Joker,2019-10-13,1553336,15067360.69,2019,10,Sunday,True
3435,Joker,2019-10-14,943792,9154778.01,2019,10,Monday,False
3435,Joker,2019-10-15,888829,8621645.24,2019,10,Tuesday,False
3435,Joker,2019-10-16,837068,8119559.71,2019,10,Wednesday,False
3435,Joker,2019-10-17,788321,7646713.36,2019,10,Thursday,False
3435,Joker,2019-10-18,928016,9001754.3,2019,10,Friday,False
3435,Joker,2019-10-19,1083726,10512140.85,2019,10,Saturday,True
3435,Joker,2019-10-20,1020615,9899961.43,2019,10,Sunday,True
3435,Joker,2019-10-21,620115,6015117.78,2019,10,Monday,False
3435,Joker,2019-10-22,584003,5664824.59,2019,10,Tuesday,False
3435,Joker,2019-10-23,549993,5334930.89,2019,10,Wednesday,False
3435,Joker,2019-10-24,517964,5024248.7,2019,10,Thursday,False
3435,Joker,2019-10-25,609750,5914574.04,2019,10,Friday,False
3435,Joker,2019-10-26,712059,6906968.72,2019,10,Saturday,True
3435,Joker,2019-10-27,670592,6504738.17,2019,10,Sunday,True
3435,Joker,2019-10-28,407445,3952214.01,2019,10,Monday,False
3435,Joker,2019-10-29,383717,3722054.98,2019,10,Tuesday,False
3435,Joker,2019-10-30,361371,3505299.37,2019,10,Wednesday,False
3435,Joker,2019-10-31,340326,3301166.63,2019,10,Thursday,False
3435,Joker,2019-11-01,400634,3886152.06,2019,11,Friday,False
3435,Joker,2019-11-02,467856,4538201.83,2019,11,Saturday,True
3435,Joker,2019-11-03,440610,4273917.53,2019,11,Sunday,True
3435,Joker,2019-11-04,267710,2596789.64,2019,11,Monday,False
3435,Joker,2019-11-05,252120,2445564.39,2019,11,Tuesday,False
3435,Joker,2019-11-06,237438,2303145.81,2019,11,Wednesday,False
3435,Joker,2019-11-07,223610,2169021.03,2019,11,Thursday,False
3435,Joker,2019-11-08,263235,2553383.85,2019,11,Friday,False
3435,Joker,2019-11-09,307403,2981811.08,2019,11,Saturday,True
3435,Joker,2019-11-10,289501,2808163.92,2019,11,Sunday,True
3435,Joker,2019-11-11,175898,1706212.38,2019,11,Monday,False
3435,Joker,2019-11-12,165655,1606850.3,2019,11,Tuesday,False
3435,Joker,2019-11-13,156008,1513274.63,2019,11,Wednesday,False
3435,Joker,2019-11-14,146923,1425148.37,2019,11,Thursday,False
3435,Joker,2019-11-15,172958,1677692.74,2019,11,Friday,False
3435,Joker,2019-11-16,201978,1959189.49,2019,11,Saturday,True
3435,Joker,2019-11-17,190216,1845095.17,2019,11,Sunday,True
3435,Joker,2019-11-18,115573,1121061.42,2019,11,Monday,False
3435,Joker,2019-11-19,108843,1055775.88,2019,11,Tuesday,False
3435,Joker,2019-11-20,102504,994292.28,2019,11,Wednesday,False
3435,Joker,2019-11-21,96535,936389.21,2019,11,Thursday,False
3435,Joker,2019-11-22,113642,1102322.68,2019,11,Friday,False
3435,Joker,2019-11-23,132709,1287279.22,2019,11,Saturday,True
3435,Joker,2019-11-24,124981,1212313.92,2019,11,Sunday,True
3435,Joker,2019-11-25,75937,736589.84,2019,11,Monday,False
3435,Joker,2019-11-26,71515,693694.19,2019,11,Tuesday,False
3435,Joker,2019-11-27,67350,653296.58,2019,11,Wednesday,False
3435,Joker,2019-11-28,63428,615251.55,2019,11,Thursday,False
6,Guardians of the Galaxy,2014-08-01,1899972,20709693.35,2014,8,Friday,False
6,Guardians of the Galaxy,2014-08-02,2218764,24184531.82,2014,8,Saturday,True
6,Guardians of the Galaxy,2014-08-03,2089554,22776134.33,2014,8,Sunday,True
6,Guardians of the Galaxy,2014-08-04,1269592,13838551.95,2014,8,Monday,False
6,Guardians of the Galaxy,2014-08-05,1195657,13032657.42,2014,8,Tuesday,False
6,Guardians of the Galaxy,2014-08-06,1126027,12273694.54,2014,8,Wednesday,False
6,Guardians of the Galaxy,2014-08-07,1060452,11558930.21,2014,8,Thursday,False
6,Guardians of the Galaxy,2014-08-08,1248370,13607238.15,2014,8,Friday,False
6,Guardians of the Galaxy,2014-08-09,1457832,15890369.72,2014,8,Saturday,True
6,Guardians of the Galaxy,2014-08-10,1372935,14964986.63,2014,8,Sunday,True
6,Guardians of the Galaxy,2014-08-11,834181,9092576.55,2014,8,Monday,False
6,Guardians of the Galaxy,2014-08-12,785602,8563066.11,2014,8,Tuesday,False
6,Guardians of the Galaxy,2014-08-13,739852,8064391.97,2014,8,Wednesday,False
6,Guardians of the Galaxy,2014-08-14,696767,7594758.34,2014,8,Thursday,False
6,Guardians of the Galaxy,2014-08-15,820238,8940592.55,2014,8,Friday,False
6,Guardians of the Galaxy,2014-08-16,957864,10440716.89,2014,8,Saturday,True
6,Guardians of the Galaxy,2014-08-17,902082,9832696.87,2014,8,Sunday,True
6,Guardians of the Galaxy,2014-08-18,548096,5974248.51,2014,8,Monday,False
6,Guardians of the Galaxy,2014-08-19,516178,5626335.36,2014,8,Tuesday,False
6,Guardians of the Galaxy,2014-08-20,486118,5298683.09,2014,8,Wednesday,False
6,Guardians of the Galaxy,2014-08-21,457808,4990111.81,2014,8,Thursday,False
6,Guardians of the Galaxy,2014-08-22,538935,5874387.91,2014,8,Friday,False
6,Guardians of the Galaxy,2014-08-23,629361,6860039.83,2014,8,Saturday,True
6,Guardians of the Galaxy,2014-08-24,592710,6460542.21,2014,8,Sunday,True
6,Guardians of the Galaxy,2014-08-25,360125,3925360.98,2014,8,Monday,False
6,Guardians of the Galaxy,2014-08-26,339153,3696765.75,2014,8,Tuesday,False
6,Guardians of the Galaxy,2014-08-27,319402,3481482.88,2014,8,Wednesday,False
6,Guardians of the Galaxy,2014-08-28,300802,3278737.1,2014,8,Thursday,False
6,Guardians of the Galaxy,2014-08-29,354105,3859747.89,2014,8,Friday,False
6,Guardians of the Galaxy,2014-08-30,413520,4507367.35,2014,8,Saturday,True
6,Guardians of the Galaxy,2014-08-31,389438,4244878.71,2014,8,Sunday,True
6,Guardians of the Galaxy,2014-09-01,236619,2579145.95,2014,9,Monday,False
6,Guardians of the Galaxy,2014-09-02,222839,2428948.18,2014,9,Tuesday,False
6,Guardians of the Galaxy,2014-09-03,209862,2287497.25,2014,9,Wednesday,False
6,Guardians of the Galaxy,2014-09-04,197641,2154283.78,2014,9,Thursday,False
6,Guardians of the Galaxy,2014-09-05,232664,2536035.08,2014,9,Friday,False
6,Guardians of the Galaxy,2014-09-06,271702,2961551.39,2014,9,Saturday,True
6,Guardians of the Galaxy,2014-09-07,255879,2789084.06,2014,9,Sunday,True
6,Guardians of the Galaxy,2014-09-08,155470,1694619.64,2014,9,Monday,False
6,Guardians of the Galaxy,2014-09-09,146416,1595932.68,2014,9,Tuesday,False
6,Guardians of the Galaxy,2014-09-10,137889,1502992.79,2014,9,Wednesday,False
6,Guardians of the Galaxy,2014-09-11,129859,1415465.31,2014,9,Thursday,False
6,Guardians of the Galaxy,2014-09-12,152871,1666293.78,2014,9,Friday,False
6,Guardians of the Galaxy,2014-09-13,178521,1945877.92,2014,9,Saturday,True
6,Guardians of the Galaxy,2014-09-14,168125,1832558.81,2014,9,Sunday,True
6,Guardians of the Galaxy,2014-09-15,102151,1113444.45,2014,9,Monday,False
6,Guardians of the Galaxy,2014-09-16,96202,1048602.49,2014,9,Tuesday,False
6,Guardians of the Galaxy,2014-09-17,90600,987536.64,2014,9,Wednesday,False
6,Guardians of the Galaxy,2014-09-18,85324,930026.98,2014,9,Thursday,False
6,Guardians of the Galaxy,2014-09-19,100443,1094833.03,2014,9,Friday,False
6,Guardians of the Galaxy,2014-09-20,117297,1278532.9,2014,9,Saturday,True
6,Guardians of the Galaxy,2014-09-21,110466,1204076.94,2014,9,Sunday,True
6,Guardians of the Galaxy,2014-09-22,67118,731585.13,2014,9,Monday,False
6,Guardians of the Galaxy,2014-09-23,63209,688980.93,2014,9,Tuesday,False
6,Guardians of the Galaxy,2014-09-24,59528,648857.81,2014,9,Wednesday,False
6,Guardians of the Galaxy,2014-09-25,56062,611071.27,2014,9,Thursday,False
656,Forrest Gump,1994-07-06,1970640,16750441.74,1994,7,Wednesday,False
656,Forrest Gump,1994-07-07,1855879,15774971.96,1994,7,Thursday,False
656,Forrest Gump,1994-07-08,2184751,18570386.38,1994,7,Friday,False
656,Forrest Gump,1994-07-09,2551326,21686274.78,1994,7,Saturday,True
656,Forrest Gump,1994-07-10,2402749,20423364.45,1994,7,Sunday,True
656,Forrest Gump,1994-07-11,1459886,12409032.45,1994,7,Monday,False
656,Forrest Gump,1994-07-12,1374869,11686386.66,1994,7,Tuesday,False
656,Forrest Gump,1994-07-13,1294803,11005824.48,1994,7,Wednesday,False
656,Forrest Gump,1994-07-14,1219399,10364895.16,1994,7,Thursday,False
656,Forrest Gump,1994-07-15,1435484,12201613.32,1994,7,Friday,False
656,Forrest Gump,1994-07-16,1676341,14248897.87,1994,7,Saturday,True
656,Forrest Gump,1994-07-17,1578718,13419106.66,1994,7,Sunday,True
656,Forrest Gump,1994-07-18,959214,8153315.31,1994,7,Monday,False
656,Forrest Gump,1994-07-19,903353,7678503.19,1994,7,Tuesday,False
656,Forrest Gump,1994-07-20,850746,7231341.97,1994,7,Wednesday,False
656,Forrest Gump,1994-07-21,801203,6810221.4,1994,7,Thursday,False
656,Forrest Gump,1994-07-22,943180,8017031.23,1994,7,Friday,False
656,Forrest Gump,1994-07-23,1101434,9362193.03,1994,7,Saturday,True
656,Forrest Gump,1994-07-24,1037292,8816981.36,1994,7,Sunday,True
656,Forrest Gump,1994-07-25,630248,5357109.89,1994,7,Monday,False
656,Forrest Gump,1994-07-26,593545,5045136.1,1994,7,Tuesday,False
656,Forrest Gump,1994-07-27,558980,4751330.25,1994,7,Wednesday,False
656,Forrest Gump,1994-07-28,526428,4474634.31,1994,7,Thursday,False
656,Forrest Gump,1994-07-29,619714,5267564.87,1994,7,Friday,False
656,Forrest Gump,1994-07-30,723694,6151399.16,1994,7,Saturday,True
656,Forrest Gump,1994-07-31,681549,5793169.56,1994,7,Sunday,True
656,Forrest Gump,1994-08-01,414103,3519872.02,1994,8,Monday,False
656,Forrest Gump,1994-08-02,389987,3314890.63,1994,8,Tuesday,False
656,Forrest Gump,1994-08-03,367276,3121846.43,1994,8,Wednesday,False
656,Forrest Gump,1994-08-04,345888,2940044.25,1994,8,Thursday,False
656,Forrest Gump,1994-08-05,407181,3461036.75,1994,8,Friday,False
656,Forrest Gump,1994-08-06,475501,4041757.26,1994,8,Saturday,True
656,Forrest Gump,1994-08-07,447810,3806383.64,1994,8,Sunday,True
656,Forrest Gump,1994-08-08,272085,2312720.72,1994,8,Monday,False
656,Forrest Gump,1994-08-09,256240,2178038.35,1994,8,Tuesday,False
656,Forrest Gump,1994-08-10,241318,2051199.27,1994,8,Wednesday,False
656,Forrest Gump,1994-08-11,227264,1931746.72,1994,8,Thursday,False
656,Forrest Gump,1994-08-12,267537,2274063.19,1994,8,Friday,False
656,Forrest Gump,1994-08-13,312426,2655623.75,1994,8,Saturday,True
656,Forrest Gump,1994-08-14,294232,2500972.26,1994,8,Sunday,True
656,Forrest Gump,1994-08-15,178772,1519565.79,1994,8,Monday,False
656,Forrest Gump,1994-08-16,168362,1431073.17,1994,8,Tuesday,False
656,Forrest Gump,1994-08-17,158557,1347733.96,1994,8,Wednesday,False
656,Forrest Gump,1994-08-18,149323,1269248.04,1994,8,Thursday,False
656,Forrest Gump,1994-08-19,175784,1494165.99,1994,8,Friday,False
656,Forrest Gump,1994-08-20,205279,1744869.14,1994,8,Saturday,True
656,Forrest Gump,1994-08-21,193324,1643255.87,1994,8,Sunday,True
656,Forrest Gump,1994-08-22,117462,998425.87,1994,8,Monday,False
656,Forrest Gump,1994-08-23,110621,940282.07,1994,8,Tuesday,False
656,Forrest Gump,1994-08-24,104179,885524.31,1994,8,Wednesday,False
656,Forrest Gump,1994-08-25,98112,833955.39,1994,8,Thursday,False
656,Forrest Gump,1994-08-26,115498,981737.01,1994,8,Friday,False
656,Forrest Gump,1994-08-27,134878,1146460.72,1994,8,Saturday,True
656,Forrest Gump,1994-08-28,127023,1079696.04,1994,8,Sunday,True
656,Forrest Gump,1994-08-29,77178,656012.54,1994,8,Monday,False
656,Forrest Gump,1994-08-30,72683,617809.35,1994,8,Tuesday,False
3450,Oppenheimer,2023-07-21,2204728,20503973.18,2023,7,Friday,False
3450,Oppenheimer,2023-07-22,2574655,23944294.28,2023,7,Saturday,True
3450,Oppenheimer,2023-07-23,2424719,22549887.13,2023,7,Sunday,True
3450,Oppenheimer,2023-07-24,1473235,13701086.41,2023,7,Monday,False
3450,Oppenheimer,2023-07-25,1387441,12903197.25,2023,7,Tuesday,False
3450,Oppenheimer,2023-07-26,1306642,12151773.54,2023,7,Wednesday,False
3450,Oppenheimer,2023-07-27,1230549,11444109.34,2023,7,Thursday,False
3450,Oppenheimer,2023-07-28,1448610,13472070.37,2023,7,Friday,False
3450,Oppenheimer,2023-07-29,1691669,15732522.41,2023,7,Saturday,True
3450,Oppenheimer,2023-07-30,1593154,14816331.63,2023,7,Sunday,True
3450,Oppenheimer,2023-07-31,967984,9002255.26,2023,7,Monday,False
3450,Oppenheimer,2023-08-01,911613,8478004.72,2023,8,Tuesday,False
3450,Oppenheimer,2023-08-02,858525,7984284.16,2023,8,Wednesday,False
3450,Oppenheimer,2023-08-03,808529,7519315.65,2023,8,Thursday,False
3450,Oppenheimer,2023-08-04,951804,8851781.0,2023,8,Friday,False
3450,Oppenheimer,2023-08-05,1111506,10337003.82,2023,8,Saturday,True
3450,Oppenheimer,2023-08-06,1046777,9735023.58,2023,8,Sunday,True
3450,Oppenheimer,2023-08-07,636011,5914903.19,2023,8,Monday,False
3450,Oppenheimer,2023-08-08,598973,5570446.04,2023,8,Tuesday,False
3450,Oppenheimer,2023-08-09,564091,5246048.52,2023,8,Wednesday,False
3450,Oppenheimer,2023-08-10,531241,4940542.44,2023,8,Thursday,False
3450,Oppenheimer,2023-08-11,625380,5816034.55,2023,8,Friday,False
3450,Oppenheimer,2023-08-12,730311,6791895.48,2023,8,Saturday,True
3450,Oppenheimer,2023-08-13,687781,6396366.28,2023,8,Sunday,True
3450,Oppenheimer,2023-08-14,417889,3886368.33,2023,8,Monday,False
3450,Oppenheimer,2023-08-15,393553,3660043.86,2023,8,Tuesday,False
3450,Oppenheimer,2023-08-16,370634,3446899.49,2023,8,Wednesday,False
3450,Oppenheimer,2023-08-17,349050,3246167.7,2023,8,Thursday,False
3450,Oppenheimer,2023-08-18,410904,3821407.01,2023,8,Friday,False
3450,Oppenheimer,2023-08-19,479849,4462593.33,2023,8,Saturday,True
3450,Oppenheimer,2023-08-20,451905,4202712.12,2023,8,Sunday,True
3450,Oppenheimer,2023-08-21,274573,2553525.95,2023,8,Monday,False
3450,Oppenheimer,2023-08-22,258583,2404820.18,2023,8,Tuesday,False
3450,Oppenheimer,2023-08-23,243524,2264774.35,2023,8,Wednesday,False
3450,Oppenheimer,2023-08-24,229342,2132884.16,2023,8,Thursday,False
3450,Oppenheimer,2023-08-25,269983,2510843.32,2023,8,Friday,False
3450,Oppenheimer,2023-08-26,315283,2932132.75,2023,8,Saturday,True
3450,Oppenheimer,2023-08-27,296922,2761378.64,2023,8,Sunday,True
3450,Oppenheimer,2023-08-28,180407,1677786.11,2023,8,Monday,False
3450,Oppenheimer,2023-08-29,169901,1580079.45,2023,8,Tuesday,False
3450,Oppenheimer,2023-08-30,160007,1488062.79,2023,8,Wednesday,False
3450,Oppenheimer,2023-08-31,150689,1401404.75,2023,8,Thursday,False
3450,Oppenheimer,2023-09-01,177392,1649741.62,2023,9,Friday,False
3450,Oppenheimer,2023-09-02,207156,1926548.5,2023,9,Saturday,True
3450,Oppenheimer,2023-09-03,195092,1814355.05,2023,9,Sunday,True
3450,Oppenheimer,2023-09-04,118536,1102384.02,2023,9,Monday,False
3450,Oppenheimer,2023-09-05,111633,1038186.18,2023,9,Tuesday,False
3450,Oppenheimer,2023-09-06,105132,977726.92,2023,9,Wednesday,False
3450,Oppenheimer,2023-09-07,99010,920788.54,2023,9,Thursday,False
3450,Oppenheimer,2023-09-08,116555,1083957.48,2023,9,Friday,False
3450,Oppenheimer,2023-09-09,136111,1265832.57,2023,9,Saturday,True
3450,Oppenheimer,2023-09-10,128185,1192116.22,2023,9,Sunday,True
3450,Oppenheimer,2023-09-11,77884,724317.92,2023,9,Monday,False
3450,Oppenheimer,2023-09-12,73348,682136.93,2023,9,Tuesday,False
3450,Oppenheimer,2023-09-13,69077,642412.36,2023,9,Wednesday,False
3450,Oppenheimer,2023-09-14,65054,605001.18,2023,9,Thursday,False
1091,It,2017-09-08,2098555,20355985.19,2017,9,Friday,False
1091,It,2017-09-09,2450668,23771475.67,2017,9,Saturday,True
1091,It,2017-09-10,2307952,22387132.7,2017,9,Sunday,True
1091,It,2017-09-11,1402288,13602198.44,2017,9,Monday,False
1091,It,2017-09-12,1320626,12810068.07,2017,9,Tuesday,False
1091,It,2017-09-13,1243718,12064067.78,2017,9,Wednesday,False
1091,It,2017-09-14,1171290,11361511.17,2017,9,Thursday,False
1091,It,2017-09-15,1378849,13374835.33,2017,9,Friday,False
1091,It,2017-09-16,1610203,15618972.49,2017,9,Saturday,True
1091,It,2017-09-17,1516432,14709394.35,2017,9,Sunday,True
1091,It,2017-09-18,921369,8937281.23,2017,9,Monday,False
1091,It,2017-09-19,867713,8416814.49,2017,9,Tuesday,False
1091,It,2017-09-20,817181,7926657.37,2017,9,Wednesday,False
1091,It,2017-09-21,769592,7465044.78,2017,9,Thursday,False
1091,It,2017-09-22,905968,8787893.02,2017,9,Friday,False
1091,It,2017-09-23,1057979,10262396.21,2017,9,Saturday,True
1091,It,2017-09-24,996367,9664760.78,2017,9,Sunday,True
1091,It,2017-09-25,605383,5872212.21,2017,9,Monday,False
1091,It,2017-09-26,570128,5530241.19,2017,9,Tuesday,False
1091,It,2017-09-27,536926,5208185.02,2017,9,Wednesday,False
1091,It,2017-09-28,505658,4904883.93,2017,9,Thursday,False
1091,It,2017-09-29,595264,5774057.16,2017,9,Friday,False
1091,It,2017-09-30,695142,6742874.79,2017,9,Saturday,True
1091,It,2017-10-01,654660,6350200.33,2017,10,Sunday,True
1091,It,2017-10-02,397765,3858318.36,2017,10,Monday,False
1091,It,2017-10-03,374601,3633627.39,2017,10,Tuesday,False
1091,It,2017-10-04,352786,3422021.4,2017,10,Wednesday,False
1091,It,2017-10-05,332241,3222738.39,2017,10,Thursday,False
1091,It,2017-10-06,391116,3793825.9,2017,10,Friday,False
1091,It,2017-10-07,456741,4430384.44,2017,10,Saturday,True
1091,It,2017-10-08,430142,4172378.93,2017,10,Sunday,True
1091,It,2017-10-09,261350,2535095.81,2017,10,Monday,False
1091,It,2017-10-10,246130,2387463.32,2017,10,Tuesday,False
1091,It,2017-10-11,231797,2248428.28,2017,10,Wednesday,False
1091,It,2017-10-12,218298,2117490.01,2017,10,Thursday,False
1091,It,2017-10-13,256982,2492721.24,2017,10,Friday,False
1091,It,2017-10-14,300100,2910970.01,2017,10,Saturday,True
1091,It,2017-10-15,282624,2741448.31,2017,10,Sunday,True
1091,It,2017-10-16,171719,1665676.64,2017,10,Monday,False
1091,It,2017-10-17,161719,1568675.18,2017,10,Tuesday,False
1091,It,2017-10-18,152301,1477322.65,2017,10,Wednesday,False
1091,It,2017-10-19,143432,1391290.08,2017,10,Thursday,False
1091,It,2017-10-20,168849,1637834.56,2017,10,Friday,False
1091,It,2017-10-21,197180,1912643.58,2017,10,Saturday,True
1091,It,2017-10-22,185697,1801259.89,2017,10,Sunday,True
1091,It,2017-10-23,112828,1094427.54,2017,10,Monday,False
1091,It,2017-10-24,106257,1030693.04,2017,10,Tuesday,False
1091,It,2017-10-25,100069,970670.15,2017,10,Wednesday,False
1091,It,2017-10-26,94242,914142.72,2017,10,Thursday,False
1091,It,2017-10-27,110942,1076133.99,2017,10,Friday,False
1091,It,2017-10-28,129556,1256696.38,2017,10,Saturday,True
1091,It,2017-10-29,122012,1183512.08,2017,10,Sunday,True
1091,It,2017-10-30,74133,719090.13,2017,10,Monday,False
1091,It,2017-10-31,69816,677213.58,2017,10,Tuesday,False
1091,It,2017-11-01,65750,637775.73,2017,11,Wednesday,False
1091,It,2017-11-02,61921,600634.57,2017,11,Thursday,False
24,Shrek the Third,2007-05-17,1907524,16213953.41,2007,5,Thursday,False
24,Shrek the Third,2007-05-18,2245548,19087157.83,2007,5,Friday,False
24,Shrek the Third,2007-05-19,2622324,22289754.29,2007,5,Saturday,True
24,Shrek the Third,2007-05-20,2469612,20991700.05,2007,5,Sunday,True
24,Shrek the Third,2007-05-21,1500511,12754347.49,2007,5,Monday,False
24,Shrek the Third,2007-05-22,1413128,12011592.11,2007,5,Tuesday,False
24,Shrek the Third,2007-05-23,1330834,11312091.44,2007,5,Wednesday,False
24,Shrek the Third,2007-05-24,1253333,10653326.52,2007,5,Thursday,False
24,Shrek the Third,2007-05-25,1475430,12541156.35,2007,5,Friday,False
24,Shrek the Third,2007-05-26,1722990,14645412.17,2007,5,Saturday,True
24,Shrek the Third,2007-05-27,1622651,13792529.76,2007,5,Sunday,True
24,Shrek the Third,2007-05-28,985906,8380203.46,2007,5,Monday,False
24,Shrek the Third,2007-05-29,928492,7892178.4,2007,5,Tuesday,False
24,Shrek the Third,2007-05-30,874420,7432573.71,2007,5,Wednesday,False
24,Shrek the Third,2007-05-31,823498,6999734.31,2007,5,Thursday,False
24,Shrek the Third,2007-06-01,969427,8240126.9,2007,6,Friday,False
24,Shrek the Third,2007-06-02,1132085,9622721.49,2007,6,Saturday,True
24,Shrek the Third,2007-06-03,1066157,9062337.82,2007,6,Sunday,True
24,Shrek the Third,2007-06-04,647787,5506186.03,2007,6,Monday,False
24,Shrek the Third,2007-06-05,610062,5185530.72,2007,6,Tuesday,False
24,Shrek the Third,2007-06-06,574535,4883548.92,2007,6,Wednesday,False
24,Shrek the Third,2007-06-07,541077,4599153.17,2007,6,Thursday,False
24,Shrek the Third,2007-06-08,636959,5414149.17,2007,6,Friday,False
24,Shrek the Third,2007-06-09,743833,6322578.55,2007,6,Saturday,True
24,Shrek the Third,2007-06-10,700515,5954380.24,2007,6,Sunday,True
24,Shrek the Third,2007-06-11,425626,3617822.02,2007,6,Monday,False
24,Shrek the Third,2007-06-12,400840,3407136.47,2007,6,Tuesday,False
24,Shrek the Third,2007-06-13,377497,3208720.29,2007,6,Wednesday,False
24,Shrek the Third,2007-06-14,355513,3021858.96,2007,6,Thursday,False
24,Shrek the Third,2007-06-15,418512,3557349.5,2007,6,Friday,False
24,Shrek the Third,2007-06-16,488733,4154230.13,2007,6,Saturday,True
24,Shrek the Third,2007-06-17,460271,3912306.6,2007,6,Sunday,True
24,Shrek the Third,2007-06-18,279656,2377078.45,2007,6,Monday,False
24,Shrek the Third,2007-06-19,263370,2238648.18,2007,6,Tuesday,False
24,Shrek the Third,2007-06-20,248033,2108279.46,2007,6,Wednesday,False
24,Shrek the Third,2007-06-21,233589,1985502.82,2007,6,Thursday,False
24,Shrek the Third,2007-06-22,274982,2337345.17,2007,6,Friday,False
24,Shrek the Third,2007-06-23,321120,2729523.7,2007,6,Saturday,True
24,Shrek the Third,2007-06-24,302420,2570568.61,2007,6,Sunday,True
24,Shrek the Third,2007-06-25,183747,1561851.84,2007,6,Monday,False
24,Shrek the Third,2007-06-26,173047,1470896.67,2007,6,Tuesday,False
24,Shrek the Third,2007-06-27,162969,1385238.31,2007,6,Wednesday,False
24,Shrek the Third,2007-06-28,153479,1304568.31,2007,6,Thursday,False
24,Shrek the Third,2007-06-29,180676,1535745.21,2007,6,Friday,False
24,Shrek the Third,2007-06-30,210991,1793424.86,2007,6,Saturday,True
24,Shrek the Third,2007-07-01,198704,1688983.93,2007,7,Sunday,True
24,Shrek the Third,2007-07-02,120731,1026209.78,2007,7,Monday,False
24,Shrek the Third,2007-07-03,113700,966447.98,2007,7,Tuesday,False
24,Shrek the Third,2007-07-04,107078,910166.43,2007,7,Wednesday,False
24,Shrek the Third,2007-07-05,100843,857162.46,2007,7,Thursday,False
24,Shrek the Third,2007-07-06,118713,1009056.51,2007,7,Friday,False
24,Shrek the Third,2007-07-07,138631,1178364.1,2007,7,Saturday,True
24,Shrek the Third,2007-07-08,130558,1109741.52,2007,7,Sunday,True
24,Shrek the Third,2007-07-09,79326,674267.87,2007,7,Monday,False
24,Shrek the Third,2007-07-10,74706,635001.57,2007,7,Tuesday,False
24,Shrek the Third,2007-07-11,70356,598021.96,2007,7,Wednesday,False
38,Transformers,2007-07-02,1513194,16493810.31,2007,7,Monday,False
38,Transformers,2007-07-03,1425072,15533285.58,2007,7,Tuesday,False
38,Transformers,2007-07-04,1342082,14628697.44,2007,7,Wednesday,False
38,Transformers,2007-07-05,1263926,13776788.43,2007,7,Thursday,False
38,Transformers,2007-07-06,1487900,16218113.41,2007,7,Friday,False
38,Transformers,2007-07-07,1737552,18939318.57,2007,7,Saturday,True
38,Transformers,2007-07-08,1636365,17836378.52,2007,7,Sunday,True
38,Transformers,2007-07-09,994239,10837205.61,2007,7,Monday,False
38,Transformers,2007-07-10,936339,10206095.89,2007,7,Tuesday,False
38,Transformers,2007-07-11,881811,9611739.13,2007,7,Wednesday,False
38,Transformers,2007-07-12,830458,9051995.02,2007,7,Thursday,False
38,Transformers,2007-07-13,977620,10656059.84,2007,7,Friday,False
38,Transformers,2007-07-14,1141653,12444019.04,2007,7,Saturday,True
38,Transformers,2007-07-15,1075168,11719335.78,2007,7,Sunday,True
38,Transformers,2007-07-16,653262,7120551.48,2007,7,Monday,False
38,Transformers,2007-07-17,615219,6705882.85,2007,7,Tuesday,False
38,Transformers,2007-07-18,579391,6315362.63,2007,7,Wednesday,False
38,Transformers,2007-07-19,545650,5947584.54,2007,7,Thursday,False
38,Transformers,2007-07-20,642342,7001530.23,2007,7,Friday,False
38,Transformers,2007-07-21,750120,8176303.13,2007,7,Saturday,True
38,Transformers,2007-07-22,706436,7700152.31,2007,7,Sunday,True
38,Transformers,2007-07-23,429223,4678535.71,2007,7,Monday,False
38,Transformers,2007-07-24,404227,4406079.0,2007,7,Tuesday,False
38,Transformers,2007-07-25,380687,4149488.93,2007,7,Wednesday,False
38,Transformers,2007-07-26,358518,3907841.51,2007,7,Thursday,False
38,Transformers,2007-07-27,422049,4600333.17,2007,7,Friday,False
38,Transformers,2007-07-28,492864,5372213.97,2007,7,Saturday,True
38,Transformers,2007-07-29,464162,5059360.59,2007,7,Sunday,True
38,Transformers,2007-07-30,282020,3074017.01,2007,7,Monday,False
38,Transformers,2007-07-31,265596,2895000.19,2007,7,Tuesday,False
38,Transformers,2007-08-01,250129,2726408.51,2007,8,Wednesday,False
38,Transformers,2007-08-02,235563,2567634.84,2007,8,Thursday,False
38,Transformers,2007-08-03,277306,3022634.28,2007,8,Friday,False
38,Transformers,2007-08-04,323835,3529796.11,2007,8,Saturday,True
38,Transformers,2007-08-05,304976,3324236.78,2007,8,Sunday,True
38,Transformers,2007-08-06,185300,2019773.1,2007,8,Monday,False
38,Transformers,2007-08-07,174509,1902150.67,2007,8,Tuesday,False
38,Transformers,2007-08-08,164347,1791378.04,2007,8,Wednesday,False
38,Transformers,2007-08-09,154776,1687056.3,2007,8,Thursday,False
38,Transformers,2007-08-10,182203,1986012.24,2007,8,Friday,False
38,Transformers,2007-08-11,212774,2319241.31,2007,8,Saturday,True
38,Transformers,2007-08-12,200383,2184179.21,2007,8,Sunday,True
38,Transformers,2007-08-13,121751,1327085.49,2007,8,Monday,False
38,Transformers,2007-08-14,114661,1249802.05,2007,8,Tuesday,False
38,Transformers,2007-08-15,107983,1177019.24,2007,8,Wednesday,False
38,Transformers,2007-08-16,101695,1108474.98,2007,8,Thursday,False
38,Transformers,2007-08-17,119716,1304903.03,2007,8,Friday,False
38,Transformers,2007-08-18,139803,1523850.12,2007,8,Saturday,True
38,Transformers,2007-08-19,131661,1435108.0,2007,8,Sunday,True
38,Transformers,2007-08-20,79996,871957.3,2007,8,Monday,False
38,Transformers,2007-08-21,75337,821178.46,2007,8,Tuesday,False
38,Transformers,2007-08-22,70950,773356.75,2007,8,Wednesday,False
38,Transformers,2007-08-23,66818,728319.96,2007,8,Thursday,False
38,Transformers,2007-08-24,78659,857382.38,2007,8,Friday,False
38,Transformers,2007-08-25,91857,1001240.88,2007,8,Saturday,True
38,Transformers,2007-08-26,86508,942933.15,2007,8,Sunday,True
158,Deadpool 2,2018-05-18,1816253,19797154.47,2018,5,Friday,False
158,Deadpool 2,2018-05-19,2120998,23118879.85,2018,5,Saturday,True
158,Deadpool 2,2018-05-20,1997481,21772541.1,2018,5,Sunday,True
158,Deadpool 2,2018-05-21,1213649,13228778.72,2018,5,Monday,False
158,Deadpool 2,2018-05-22,1142972,12458394.62,2018,5,Tuesday,False
158,Deadpool 2,2018-05-23,1076410,11732874.2,2018,5,Wednesday,False
158,Deadpool 2,2018-05-24,1013725,11049604.8,2018,5,Thursday,False
158,Deadpool 2,2018-05-25,1193363,13007657.38,2018,5,Friday,False
158,Deadpool 2,2018-05-26,1393595,15190186.48,2018,5,Saturday,True
158,Deadpool 2,2018-05-27,1312438,14305578.89,2018,5,Sunday,True
158,Deadpool 2,2018-05-28,797424,8691926.99,2018,5,Monday,False
158,Deadpool 2,2018-05-29,750986,8185748.56,2018,5,Tuesday,False
158,Deadpool 2,2018-05-30,707252,7709047.68,2018,5,Wednesday,False
158,Deadpool 2,2018-05-31,666065,7260107.69,2018,5,Thursday,False
158,Deadpool 2,2018-06-01,784095,8546639.92,2018,6,Friday,False
158,Deadpool 2,2018-06-02,915657,9980663.72,2018,6,Saturday,True
158,Deadpool 2,2018-06-03,862333,9399435.11,2018,6,Sunday,True
158,Deadpool 2,2018-06-04,523945,5711002.98,2018,6,Monday,False
158,Deadpool 2,2018-06-05,493433,5378420.06,2018,6,Tuesday,False
158,Deadpool 2,2018-06-06,464698,5065205.26,2018,6,Wednesday,False
158,Deadpool 2,2018-06-07,437636,4770230.67,2018,6,Thursday,False
158,Deadpool 2,2018-06-08,515187,5615542.58,2018,6,Friday,False
158,Deadpool 2,2018-06-09,601630,6557763.36,2018,6,Saturday,True
158,Deadpool 2,2018-06-10,566593,6175868.95,2018,6,Sunday,True
158,Deadpool 2,2018-06-11,344257,3752396.35,2018,6,Monday,False
158,Deadpool 2,2018-06-12,324209,3533873.8,2018,6,Tuesday,False
158,Deadpool 2,2018-06-13,305328,3328077.01,2018,6,Wednesday,False
158,Deadpool 2,2018-06-14,287547,3134264.89,2018,6,Thursday,False
158,Deadpool 2,2018-06-15,338502,3689674.39,2018,6,Friday,False
158,Deadpool 2,2018-06-16,395299,4308757.56,2018,6,Saturday,True
158,Deadpool 2,2018-06-17,372278,4057835.05,2018,6,Sunday,True
158,Deadpool 2,2018-06-18,226193,2465500.09,2018,6,Monday,False
158,Deadpool 2,2018-06-19,213020,2321920.54,2018,6,Tuesday,False
158,Deadpool 2,2018-06-20,200615,2186702.41,2018,6,Wednesday,False
158,Deadpool 2,2018-06-21,188932,2059358.78,2018,6,Thursday,False
158,Deadpool 2,2018-06-22,222412,2424288.83,2018,6,Friday,False
158,Deadpool 2,2018-06-23,259730,2831055.45,2018,6,Saturday,True
158,Deadpool 2,2018-06-24,244604,2666187.62,2018,6,Sunday,True
158,Deadpool 2,2018-06-25,148619,1619948.99,2018,6,Monday,False
158,Deadpool 2,2018-06-26,139964,1525610.51,2018,6,Tuesday,False
158,Deadpool 2,2018-06-27,131813,1436765.87,2018,6,Wednesday,False
158,Deadpool 2,2018-06-28,124137,1353095.14,2018,6,Thursday,False
158,Deadpool 2,2018-06-29,146135,1592871.26,2018,6,Friday,False
158,Deadpool 2,2018-06-30,170655,1860135.98,2018,6,Saturday,True
158,Deadpool 2,2018-07-01,160717,1751810.09,2018,7,Sunday,True
158,Deadpool 2,2018-07-02,97650,1064382.33,2018,7,Monday,False
158,Deadpool 2,2018-07-03,91963,1002397.53,2018,7,Tuesday,False
158,Deadpool 2,2018-07-04,86608,944022.44,2018,7,Wednesday,False
158,Deadpool 2,2018-07-05,81564,889046.86,2018,7,Thursday,False
158,Deadpool 2,2018-07-06,96018,1046591.0,2018,7,Friday,False
158,Deadpool 2,2018-07-07,112128,1222196.43,2018,7,Saturday,True
158,Deadpool 2,2018-07-08,105598,1151021.25,2018,7,Sunday,True
158,Deadpool 2,2018-07-09,64160,699349.03,2018,7,Monday,False
158,Deadpool 2,2018-07-10,60424,658622.11,2018,7,Tuesday,False
158,Deadpool 2,2018-07-11,56905,620266.94,2018,7,Wednesday,False
158,Deadpool 2,2018-07-12,53591,584145.41,2018,7,Thursday,False
3437,Harry Potter and the Philosopher's Stone,2001-11-16,1880021,19740224.4,2001,11,Friday,False
3437,Harry Potter and the Philosopher's Stone,2001-11-17,2195466,23052397.6,2001,11,Saturday,True
3437,Harry Potter and the Philosopher's Stone,2001-11-18,2067612,21709930.47,2001,11,Sunday,True
3437,Harry Potter and the Philosopher's Stone,2001-11-19,1256261,13190737.13,2001,11,Monday,False
3437,Harry Potter and the Philosopher's Stone,2001-11-20,1183102,12422568.4,2001,11,Tuesday,False
3437,Harry Potter and the Philosopher's Stone,2001-11-21,1114203,11699134.33,2001,11,Wednesday,False
3437,Harry Potter and the Philosopher's Stone,2001-11-22,1049317,11017829.79,2001,11,Thursday,False
3437,Harry Potter and the Philosopher's Stone,2001-11-23,1235262,12970251.66,2001,11,Friday,False
3437,Harry Potter and the Philosopher's Stone,2001-11-24,1442524,15146504.53,2001,11,Saturday,True
3437,Harry Potter and the Philosopher's Stone,2001-11-25,1358518,14264440.78,2001,11,Sunday,True
3437,Harry Potter and the Philosopher's Stone,2001-11-26,825422,8666931.88,2001,11,Monday,False
3437,Harry Potter and the Philosopher's Stone,2001-11-27,777353,8162209.06,2001,11,Tuesday,False
3437,Harry Potter and the Philosopher's Stone,2001-11-28,732084,7686879.01,2001,11,Wednesday,False
3437,Harry Potter and the Philosopher's Stone,2001-11-29,689450,7239230.02,2001,11,Thursday,False
3437,Harry Potter and the Philosopher's Stone,2001-11-30,811625,8522062.61,2001,11,Friday,False
3437,Harry Potter and the Philosopher's Stone,2001-12-01,947806,9951962.63,2001,12,Saturday,True
3437,Harry Potter and the Philosopher's Stone,2001-12-02,892610,9372405.45,2001,12,Sunday,True
3437,Harry Potter and the Philosopher's Stone,2001-12-03,542341,5694580.03,2001,12,Monday,False
3437,Harry Potter and the Philosopher's Stone,2001-12-04,510757,5362953.51,2001,12,Tuesday,False
3437,Harry Potter and the Philosopher's Stone,2001-12-05,481013,5050639.41,2001,12,Wednesday,False
3437,Harry Potter and the Philosopher's Stone,2001-12-06,453001,4756513.06,2001,12,Thursday,False
3437,Harry Potter and the Philosopher's Stone,2001-12-07,533276,5599394.14,2001,12,Friday,False
3437,Harry Potter and the Philosopher's Stone,2001-12-08,622753,6538905.4,2001,12,Saturday,True
3437,Harry Potter and the Philosopher's Stone,2001-12-09,586487,6158109.19,2001,12,Sunday,True
3437,Harry Potter and the Philosopher's Stone,2001-12-10,356343,3741605.7,2001,12,Monday,False
3437,Harry Potter and the Philosopher's Stone,2001-12-11,335592,3523711.55,2001,12,Tuesday,False
3437,Harry Potter and the Philosopher's Stone,2001-12-12,316048,3318506.56,2001,12,Wednesday,False
3437,Harry Potter and the Philosopher's Stone,2001-12-13,297643,3125251.78,2001,12,Thursday,False
3437,Harry Potter and the Philosopher's Stone,2001-12-14,350387,3679064.11,2001,12,Friday,False
3437,Harry Potter and the Philosopher's Stone,2001-12-15,409178,4296367.0,2001,12,Saturday,True
3437,Harry Potter and the Philosopher's Stone,2001-12-16,385349,4046166.06,2001,12,Sunday,True
3437,Harry Potter and the Philosopher's Stone,2001-12-17,234134,2458410.13,2001,12,Monday,False
3437,Harry Potter and the Philosopher's Stone,2001-12-18,220499,2315243.46,2001,12,Tuesday,False
3437,Harry Potter and the Philosopher's Stone,2001-12-19,207658,2180414.18,2001,12,Wednesday,False
3437,Harry Potter and the Philosopher's Stone,2001-12-20,195565,2053436.74,2001,12,Thursday,False
3437,Harry Potter and the Philosopher's Stone,2001-12-21,230221,2417317.37,2001,12,Friday,False
3437,Harry Potter and the Philosopher's Stone,2001-12-22,268849,2822914.27,2001,12,Saturday,True
3437,Harry Potter and the Philosopher's Stone,2001-12-23,253192,2658520.54,2001,12,Sunday,True
3437,Harry Potter and the Philosopher's Stone,2001-12-24,153837,1615290.55,2001,12,Monday,False
3437,Harry Potter and the Philosopher's Stone,2001-12-25,144878,1521223.36,2001,12,Tuesday,False
3437,Harry Potter and the Philosopher's Stone,2001-12-26,136441,1432634.2,2001,12,Wednesday,False
3437,Harry Potter and the Philosopher's Stone,2001-12-27,128496,1349204.08,2001,12,Thursday,False
3437,Harry Potter and the Philosopher's Stone,2001-12-28,151266,1588290.69,2001,12,Friday,False
3437,Harry Potter and the Philosopher's Stone,2001-12-29,176646,1854786.85,2001,12,Saturday,True
3437,Harry Potter and the Philosopher's Stone,2001-12-30,166359,1746772.47,2001,12,Sunday,True
3437,Harry Potter and the Philosopher's Stone,2001-12-31,101078,1061321.52,2001,12,Monday,False
3437,Harry Potter and the Philosopher's Stone,2002-01-01,95192,999514.97,2002,1,Tuesday,False
3437,Harry Potter and the Philosopher's Stone,2002-01-02,89648,941307.75,2002,1,Wednesday,False
3437,Harry Potter and the Philosopher's Stone,2002-01-03,84428,886490.25,2002,1,Thursday,False
3437,Harry Potter and the Philosopher's Stone,2002-01-04,99389,1043581.35,2002,1,Friday,False
3437,Harry Potter and the Philosopher's Stone,2002-01-05,116065,1218681.8,2002,1,Saturday,True
3437,Harry Potter and the Philosopher's Stone,2002-01-06,109306,1147711.3,2002,1,Sunday,True
3437,Harry Potter and the Philosopher's Stone,2002-01-07,66413,697337.93,2002,1,Monday,False
3437,Harry Potter and the Philosopher's Stone,2002-01-08,62546,656728.13,2002,1,Tuesday,False
3437,Harry Potter and the Philosopher's Stone,2002-01-09,58903,618483.26,2002,1,Wednesday,False
3437,Harry Potter and the Philosopher's Stone,2002-01-10,55473,582465.6,2002,1,Thursday,False
3429,The Lord of the Rings: The Fellowship of the Ring,2001-12-19,1524703,16009376.75,2001,12,Wednesday,False
3429,The Lord of the Rings: The Fellowship of the Ring,2001-12-20,1435911,15077063.23,2001,12,Thursday,False
3429,The Lord of the Rings: The Fellowship of the Ring,2001-12-21,1690362,17748804.27,2001,12,Friday,False
3429,The Lord of the Rings: The Fellowship of the Ring,2001-12-22,1973985,20726841.03,2001,12,Saturday,True
3429,The Lord of the Rings: The Fellowship of the Ring,2001-12-23,1859029,19519803.77,2001,12,Sunday,True
3429,The Lord of the Rings: The Fellowship of the Ring,2001-12-24,1129527,11860038.0,2001,12,Monday,False
3429,The Lord of the Rings: The Fellowship of the Ring,2001-12-25,1063749,11169363.15,2001,12,Tuesday,False
3429,The Lord of the Rings: The Fellowship of the Ring,2001-12-26,1001801,10518910.08,2001,12,Wednesday,False
3429,The Lord of the Rings: The Fellowship of the Ring,2001-12-27,943461,9906336.45,2001,12,Thursday,False
3429,The Lord of the Rings: The Fellowship of the Ring,2001-12-28,1110647,11661795.4,2001,12,Friday,False
3429,The Lord of the Rings: The Fellowship of the Ring,2001-12-29,1297000,13618504.98,2001,12,Saturday,True
3429,The Lord of the Rings: The Fellowship of the Ring,2001-12-30,1221469,12825424.99,2001,12,Sunday,True
3429,The Lord of the Rings: The Fellowship of the Ring,2001-12-31,742152,7792600.25,2001,12,Monday,False
3429,The Lord of the Rings: The Fellowship of the Ring,2002-01-01,698933,7338794.54,2002,1,Tuesday,False
3429,The Lord of the Rings: The Fellowship of the Ring,2002-01-02,658230,6911416.42,2002,1,Wednesday,False
3429,The Lord of the Rings: The Fellowship of the Ring,2002-01-03,619898,6508926.86,2002,1,Thursday,False
3429,The Lord of the Rings: The Fellowship of the Ring,2002-01-04,729747,7662345.58,2002,1,Friday,False
3429,The Lord of the Rings: The Fellowship of the Ring,2002-01-05,852190,8947995.39,2002,1,Saturday,True
3429,The Lord of the Rings: The Fellowship of the Ring,2002-01-06,802562,8426904.7,2002,1,Sunday,True
3429,The Lord of the Rings: The Fellowship of the Ring,2002-01-07,487629,5120103.21,2002,1,Monday,False
3429,The Lord of the Rings: The Fellowship of the Ring,2002-01-08,459232,4821931.61,2002,1,Tuesday,False
3429,The Lord of the Rings: The Fellowship of the Ring,2002-01-09,432488,4541124.18,2002,1,Wednesday,False
3429,The Lord of the Rings: The Fellowship of the Ring,2002-01-10,407302,4276669.69,2002,1,Thursday,False
3429,The Lord of the Rings: The Fellowship of the Ring,2002-01-11,479478,5034519.8,2002,1,Friday,False
3429,The Lord of the Rings: The Fellowship of the Ring,2002-01-12,559929,5879251.91,2002,1,Saturday,True
3429,The Lord of the Rings: The Fellowship of the Ring,2002-01-13,527321,5536870.94,2002,1,Sunday,True
3429,The Lord of the Rings: The Fellowship of the Ring,2002-01-14,320395,3364147.53,2002,1,Monday,False
3429,The Lord of the Rings: The Fellowship of the Ring,2002-01-15,301737,3168234.83,2002,1,Tuesday,False
3429,The Lord of the Rings: The Fellowship of the Ring,2002-01-16,284165,2983731.2,2002,1,Wednesday,False
3429,The Lord of the Rings: The Fellowship of the Ring,2002-01-17,267616,2809972.22,2002,1,Thursday,False
3429,The Lord of the Rings: The Fellowship of the Ring,2002-01-18,315040,3307915.22,2002,1,Friday,False
3429,The Lord of the Rings: The Fellowship of the Ring,2002-01-19,367899,3862943.77,2002,1,Saturday,True
3429,The Lord of the Rings: The Fellowship of the Ring,2002-01-20,346475,3637983.44,2002,1,Sunday,True
3429,The Lord of the Rings: The Fellowship of the Ring,2002-01-21,210515,2210402.44,2002,1,Monday,False
3429,The Lord of the Rings: The Fellowship of the Ring,2002-01-22,198255,2081678.62,2002,1,Tuesday,False
3429,The Lord of the Rings: The Fellowship of the Ring,2002-01-23,186710,1960451.1,2002,1,Wednesday,False
3429,The Lord of the Rings: The Fellowship of the Ring,2002-01-24,175837,1846283.31,2002,1,Thursday,False
3429,The Lord of the Rings: The Fellowship of the Ring,2002-01-25,206996,2173455.18,2002,1,Friday,False
3429,The Lord of the Rings: The Fellowship of the Ring,2002-01-26,241727,2538134.92,2002,1,Saturday,True
3429,The Lord of the Rings: The Fellowship of the Ring,2002-01-27,227650,2390325.45,2002,1,Sunday,True
3429,The Lord of the Rings: The Fellowship of the Ring,2002-01-28,138318,1452337.89,2002,1,Monday,False
3429,The Lord of the Rings: The Fellowship of the Ring,2002-01-29,130263,1367760.32,2002,1,Tuesday,False
3429,The Lord of the Rings: The Fellowship of the Ring,2002-01-30,122677,1288108.16,2002,1,Wednesday,False
3429,The Lord of the Rings: The Fellowship of the Ring,2002-01-31,115533,1213094.58,2002,1,Thursday,False
3429,The Lord of the Rings: The Fellowship of the Ring,2002-02-01,136006,1428061.81,2002,2,Friday,False
3429,The Lord of the Rings: The Fellowship of the Ring,2002-02-02,158826,1667673.48,2002,2,Saturday,True
3429,The Lord of the Rings: The Fellowship of the Ring,2002-02-03,149577,1570555.74,2002,2,Sunday,True
3429,The Lord of the Rings: The Fellowship of the Ring,2002-02-04,90881,954253.99,2002,2,Monday,False
3429,The Lord of the Rings: The Fellowship of the Ring,2002-02-05,85589,898682.57,2002,2,Tuesday,False
3429,The Lord of the Rings: The Fellowship of the Ring,2002-02-06,80605,846347.37,2002,2,Wednesday,False
3429,The Lord of the Rings: The Fellowship of the Ring,2002-02-07,75910,797059.93,2002,2,Thursday,False
3429,The Lord of the Rings: The Fellowship of the Ring,2002-02-08,89362,938303.47,2002,2,Friday,False
3429,The Lord of the Rings: The Fellowship of the Ring,2002-02-09,104356,1095739.56,2002,2,Saturday,True
3429,The Lord of the Rings: The Fellowship of the Ring,2002-02-10,98279,1031928.65,2002,2,Sunday,True
3429,The Lord of the Rings: The Fellowship of the Ring,2002-02-11,59713,626989.55,2002,2,Monday,False
3429,The Lord of the Rings: The Fellowship of the Ring,2002-02-12,56236,590476.52,2002,2,Tuesday,False
7,Iron Man 2,2010-05-07,1718636,19420588.47,2010,5,Friday,False
7,Iron Man 2,2010-05-08,2007003,22679130.59,2010,5,Saturday,True
7,Iron Man 2,2010-05-09,1890124,21358400.84,2010,5,Sunday,True
7,Iron Man 2,2010-05-10,1148420,12977151.23,2010,5,Monday,False
7,Iron Man 2,2010-05-11,1081542,12221420.77,2010,5,Tuesday,False
7,Iron Man 2,2010-05-12,1018558,11509700.63,2010,5,Wednesday,False
7,Iron Man 2,2010-05-13,959241,10839427.85,2010,5,Thursday,False
7,Iron Man 2,2010-05-14,1129224,12760235.89,2010,5,Friday,False
7,Iron Man 2,2010-05-15,1318695,14901250.63,2010,5,Saturday,True
7,Iron Man 2,2010-05-16,1241900,14033469.35,2010,5,Sunday,True
7,Iron Man 2,2010-05-17,754566,8526595.94,2010,5,Monday,False
7,Iron Man 2,2010-05-18,710624,8030045.65,2010,5,Tuesday,False
7,Iron Man 2,2010-05-19,669240,7562412.2,2010,5,Wednesday,False
7,Iron Man 2,2010-05-20,630267,7122011.6,2010,5,Thursday,False
7,Iron Man 2,2010-05-21,741953,8384072.41,2010,5,Friday,False
7,Iron Man 2,2010-05-22,866444,9790819.34,2010,5,Saturday,True
7,Iron Man 2,2010-05-23,815986,9220646.41,2010,5,Sunday,True
7,Iron Man 2,2010-05-24,495785,5602372.75,2010,5,Monday,False
7,Iron Man 2,2010-05-25,466913,5276115.96,2010,5,Tuesday,False
7,Iron Man 2,2010-05-26,439722,4968858.89,2010,5,Wednesday,False
7,Iron Man 2,2010-05-27,414115,4679495.07,2010,5,Thursday,False
7,Iron Man 2,2010-05-28,487498,5508728.12,2010,5,Friday,False
7,Iron Man 2,2010-05-29,569294,6433026.71,2010,5,Saturday,True
7,Iron Man 2,2010-05-30,536141,6058396.4,2010,5,Sunday,True
7,Iron Man 2,2010-05-31,325754,3681021.2,2010,5,Monday,False
7,Iron Man 2,2010-06-01,306784,3466655.21,2010,6,Tuesday,False
7,Iron Man 2,2010-06-02,288918,3264772.93,2010,6,Wednesday,False
7,Iron Man 2,2010-06-03,272093,3074647.35,2010,6,Thursday,False
7,Iron Man 2,2010-06-04,320309,3619492.29,2010,6,Friday,False
7,Iron Man 2,2010-06-05,374053,4226799.74,2010,6,Saturday,True
7,Iron Man 2,2010-06-06,352270,3980650.09,2010,6,Sunday,True
7,Iron Man 2,2010-06-07,214036,2418603.27,2010,6,Monday,False
7,Iron Man 2,2010-06-08,201571,2277754.78,2010,6,Tuesday,False
7,Iron Man 2,2010-06-09,189833,2145108.67,2010,6,Wednesday,False
7,Iron Man 2,2010-06-10,178778,2020187.27,2010,6,Thursday,False
7,Iron Man 2,2010-06-11,210458,2378175.9,2010,6,Friday,False
7,Iron Man 2,2010-06-12,245770,2777205.33,2010,6,Saturday,True
7,Iron Man 2,2010-06-13,231458,2615473.48,2010,6,Sunday,True
7,Iron Man 2,2010-06-14,140631,1589135.59,2010,6,Monday,False
7,Iron Man 2,2010-06-15,132442,1496591.54,2010,6,Tuesday,False
7,Iron Man 2,2010-06-16,124729,1409436.83,2010,6,Wednesday,False
7,Iron Man 2,2010-06-17,117465,1327357.62,2010,6,Thursday,False
7,Iron Man 2,2010-06-18,138281,1562572.91,2010,6,Friday,False
7,Iron Man 2,2010-06-19,161483,1824753.93,2010,6,Saturday,True
7,Iron Man 2,2010-06-20,152079,1718488.53,2010,6,Sunday,True
7,Iron Man 2,2010-06-21,92401,1044136.48,2010,6,Monday,False
7,Iron Man 2,2010-06-22,87020,983330.71,2010,6,Tuesday,False
7,Iron Man 2,2010-06-23,81953,926065.99,2010,6,Wednesday,False
7,Iron Man 2,2010-06-24,77180,872136.1,2010,6,Thursday,False
7,Iron Man 2,2010-06-25,90857,1026683.56,2010,6,Friday,False
7,Iron Man 2,2010-06-26,106102,1198948.77,2010,6,Saturday,True
7,Iron Man 2,2010-06-27,99923,1129127.42,2010,6,Sunday,True
7,Iron Man 2,2010-06-28,60712,686046.56,2010,6,Monday,False
7,Iron Man 2,2010-06-29,57176,646094.32,2010,6,Tuesday,False
7,Iron Man 2,2010-06-30,53847,608468.71,2010,6,Wednesday,False
7,Iron Man 2,2010-07-01,50711,573034.25,2010,7,Thursday,False
391,Independence Day,1996-07-02,1387515,15678924.51,1996,7,Tuesday,False
391,Independence Day,1996-07-03,1306713,14765855.03,1996,7,Wednesday,False
391,Independence Day,1996-07-04,1230616,13905958.57,1996,7,Thursday,False
391,Independence Day,1996-07-05,1448688,16370173.24,1996,7,Friday,False
391,Independence Day,1996-07-06,1691760,19116892.22,1996,7,Saturday,True
391,Independence Day,1996-07-07,1593240,18003611.08,1996,7,Sunday,True
391,Independence Day,1996-07-08,968037,10938814.45,1996,7,Monday,False
391,Independence Day,1996-07-09,911663,10301787.49,1996,7,Tuesday,False
391,Independence Day,1996-07-10,858572,9701858.09,1996,7,Wednesday,False
391,Independence Day,1996-07-11,808572,9136865.86,1996,7,Thursday,False
391,Independence Day,1996-07-12,951856,10755970.27,1996,7,Friday,False
391,Independence Day,1996-07-13,1111566,12560693.24,1996,7,Saturday,True
391,Independence Day,1996-07-14,1046833,11829215.41,1996,7,Sunday,True
391,Independence Day,1996-07-15,636045,7187313.25,1996,7,Monday,False
391,Independence Day,1996-07-16,599005,6768756.71,1996,7,Tuesday,False
391,Independence Day,1996-07-17,564122,6374575.0,1996,7,Wednesday,False
391,Independence Day,1996-07-18,531270,6003348.65,1996,7,Thursday,False
391,Independence Day,1996-07-19,625414,7067176.06,1996,7,Friday,False
391,Independence Day,1996-07-20,730351,8252963.55,1996,7,Saturday,True
391,Independence Day,1996-07-21,687818,7772348.36,1996,7,Sunday,True
391,Independence Day,1996-07-22,417912,4722401.31,1996,7,Monday,False
391,Independence Day,1996-07-23,393574,4447390.07,1996,7,Tuesday,False
391,Independence Day,1996-07-24,370654,4188394.23,1996,7,Wednesday,False
391,Independence Day,1996-07-25,349069,3944481.14,1996,7,Thursday,False
391,Independence Day,1996-07-26,410926,4643465.55,1996,7,Friday,False
391,Independence Day,1996-07-27,479875,5422583.45,1996,7,Saturday,True
391,Independence Day,1996-07-28,451929,5106796.78,1996,7,Sunday,True
391,Independence Day,1996-07-29,274588,3102838.76,1996,7,Monday,False
391,Independence Day,1996-07-30,258597,2922143.5,1996,7,Tuesday,False
391,Independence Day,1996-07-31,243537,2751971.11,1996,7,Wednesday,False
391,Independence Day,1996-08-01,229355,2591708.79,1996,8,Thursday,False
391,Independence Day,1996-08-02,269998,3050974.27,1996,8,Friday,False
391,Independence Day,1996-08-03,315300,3562891.21,1996,8,Saturday,True
391,Independence Day,1996-08-04,296938,3355404.58,1996,8,Sunday,True
391,Independence Day,1996-08-05,180417,2038710.34,1996,8,Monday,False
391,Independence Day,1996-08-06,169910,1919985.09,1996,8,Tuesday,False
391,Independence Day,1996-08-07,160015,1808173.87,1996,8,Wednesday,False
391,Independence Day,1996-08-08,150697,1702874.02,1996,8,Thursday,False
391,Independence Day,1996-08-09,177401,2004632.94,1996,8,Friday,False
391,Independence Day,1996-08-10,207167,2340986.34,1996,8,Saturday,True
391,Independence Day,1996-08-11,195102,2204657.91,1996,8,Sunday,True
391,Independence Day,1996-08-12,118542,1339528.15,1996,8,Monday,False
391,Independence Day,1996-08-13,111639,1261520.1,1996,8,Tuesday,False
391,Independence Day,1996-08-14,105138,1188054.89,1996,8,Wednesday,False
391,Independence Day,1996-08-15,99015,1118867.96,1996,8,Thursday,False
391,Independence Day,1996-08-16,116561,1317137.7,1996,8,Friday,False
391,Independence Day,1996-08-17,136118,1538137.63,1996,8,Saturday,True
391,Independence Day,1996-08-18,128191,1448563.47,1996,8,Sunday,True
391,Independence Day,1996-08-19,77888,880132.71,1996,8,Monday,False
391,Independence Day,1996-08-20,73352,828877.77,1996,8,Tuesday,False
391,Independence Day,1996-08-21,69080,780607.69,1996,8,Wednesday,False
391,Independence Day,1996-08-22,65057,735148.63,1996,8,Thursday,False
391,Independence Day,1996-08-23,76586,865421.14,1996,8,Friday,False
391,Independence Day,1996-08-24,89436,1010628.44,1996,8,Saturday,True
391,Independence Day,1996-08-25,84228,951774.02,1996,8,Sunday,True
391,Independence Day,1996-08-26,51176,578288.4,1996,8,Monday,False
3430,Skyfall,2012-11-09,1735667,18918774.34,2012,11,Friday,False
3430,Skyfall,2012-11-10,2026892,22093118.06,2012,11,Saturday,True
3430,Skyfall,2012-11-11,1908855,20806515.02,2012,11,Sunday,True
3430,Skyfall,2012-11-12,1159801,12641830.91,2012,11,Monday,False
3430,Skyfall,2012-11-13,1092259,11905627.99,2012,11,Tuesday,False
3430,Skyfall,2012-11-14,1028651,11212298.2,2012,11,Wednesday,False
3430,Skyfall,2012-11-15,968747,10559344.78,2012,11,Thursday,False
3430,Skyfall,2012-11-16,1140415,12430520.51,2012,11,Friday,False
3430,Skyfall,2012-11-17,1331763,14516212.96,2012,11,Saturday,True
3430,Skyfall,2012-11-18,1254207,13670854.53,2012,11,Sunday,True
3430,Skyfall,2012-11-19,762044,8306274.8,2012,11,Monday,False
3430,Skyfall,2012-11-20,717666,7822555.01,2012,11,Tuesday,False
3430,Skyfall,2012-11-21,675872,7367004.87,2012,11,Wednesday,False
3430,Skyfall,2012-11-22,636512,6937983.91,2012,11,Thursday,False
3430,Skyfall,2012-11-23,749306,8167433.97,2012,11,Friday,False
3430,Skyfall,2012-11-24,875030,9537831.56,2012,11,Saturday,True
3430,Skyfall,2012-11-25,824073,8982391.49,2012,11,Sunday,True
3430,Skyfall,2012-11-26,500698,5457611.44,2012,11,Monday,False
3430,Skyfall,2012-11-27,471540,5139784.89,2012,11,Tuesday,False
3430,Skyfall,2012-11-28,444080,4840467.12,2012,11,Wednesday,False
3430,Skyfall,2012-11-29,418218,4558580.26,2012,11,Thursday,False
3430,Skyfall,2012-11-30,492329,5366386.52,2012,11,Friday,False
3430,Skyfall,2012-12-01,574936,6266801.9,2012,12,Saturday,True
3430,Skyfall,2012-12-02,541454,5901851.76,2012,12,Sunday,True
3430,Skyfall,2012-12-03,328982,3585906.24,2012,12,Monday,False
3430,Skyfall,2012-12-04,309824,3377079.32,2012,12,Tuesday,False
3430,Skyfall,2012-12-05,291781,3180413.53,2012,12,Wednesday,False
3430,Skyfall,2012-12-06,274789,2995200.66,2012,12,Thursday,False
3430,Skyfall,2012-12-07,323483,3525967.2,2012,12,Friday,False
3430,Skyfall,2012-12-08,377760,4117582.26,2012,12,Saturday,True
3430,Skyfall,2012-12-09,355761,3877792.93,2012,12,Sunday,True
3430,Skyfall,2012-12-10,216157,2356108.29,2012,12,Monday,False
3430,Skyfall,2012-12-11,203569,2218899.23,2012,12,Tuesday,False
3430,Skyfall,2012-12-12,191714,2089680.6,2012,12,Wednesday,False
3430,Skyfall,2012-12-13,180549,1967987.07,2012,12,Thursday,False
3430,Skyfall,2012-12-14,212544,2316725.53,2012,12,Friday,False
3430,Skyfall,2012-12-15,248206,2705444.33,2012,12,Saturday,True
3430,Skyfall,2012-12-16,233752,2547891.51,2012,12,Sunday,True
3430,Skyfall,2012-12-17,142025,1548073.46,2012,12,Monday,False
3430,Skyfall,2012-12-18,133754,1457920.68,2012,12,Tuesday,False
3430,Skyfall,2012-12-19,125965,1373017.99,2012,12,Wednesday,False
3430,Skyfall,2012-12-20,118629,1293059.65,2012,12,Thursday,False
3430,Skyfall,2012-12-21,139651,1522197.14,2012,12,Friday,False
3430,Skyfall,2012-12-22,163083,1777603.59,2012,12,Saturday,True
3430,Skyfall,2012-12-23,153586,1674084.02,2012,12,Sunday,True
3430,Skyfall,2012-12-24,93317,1017156.74,2012,12,Monday,False
3430,Skyfall,2012-12-25,87883,957922.15,2012,12,Tuesday,False
3430,Skyfall,2012-12-26,82765,902137.1,2012,12,Wednesday,False
3430,Skyfall,2012-12-27,77945,849600.73,2012,12,Thursday,False
3430,Skyfall,2012-12-28,91757,1000154.79,2012,12,Friday,False
3430,Skyfall,2012-12-29,107153,1167968.79,2012,12,Saturday,True
3430,Skyfall,2012-12-30,100913,1099951.58,2012,12,Sunday,True
3430,Skyfall,2012-12-31,61314,668319.6,2012,12,Monday,False
3430,Skyfall,2013-01-01,57743,629399.7,2013,1,Tuesday,False
3430,Skyfall,2013-01-02,54380,592746.31,2013,1,Wednesday,False
3430,Skyfall,2013-01-03,51214,558227.46,2013,1,Thursday,False
3441,Harry Potter and the Half-Blood Prince,2009-07-15,1722102,15326704.26,2009,7,Wednesday,False
3441,Harry Potter and the Half-Blood Prince,2009-07-16,1621814,14434146.49,2009,7,Thursday,False
3441,Harry Potter and the Half-Blood Prince,2009-07-17,1909209,16991959.04,2009,7,Friday,False
3441,Harry Potter and the Half-Blood Prince,2009-07-18,2229551,19843006.23,2009,7,Saturday,True
3441,Harry Potter and the Half-Blood Prince,2009-07-19,2099712,18687439.51,2009,7,Sunday,True
3441,Harry Potter and the Half-Blood Prince,2009-07-20,1275764,11354301.78,2009,7,Monday,False
3441,Harry Potter and the Half-Blood Prince,2009-07-21,1201470,10693078.72,2009,7,Tuesday,False
3441,Harry Potter and the Half-Blood Prince,2009-07-22,1131501,10070362.29,2009,7,Wednesday,False
3441,Harry Potter and the Half-Blood Prince,2009-07-23,1065608,9483910.05,2009,7,Thursday,False
3441,Harry Potter and the Half-Blood Prince,2009-07-24,1254440,11164512.65,2009,7,Friday,False
3441,Harry Potter and the Half-Blood Prince,2009-07-25,1464920,13037784.14,2009,7,Saturday,True
3441,Harry Potter and the Half-Blood Prince,2009-07-26,1379609,12278522.7,2009,7,Sunday,True
3441,Harry Potter and the Half-Blood Prince,2009-07-27,838237,7460307.87,2009,7,Monday,False
3441,Harry Potter and the Half-Blood Prince,2009-07-28,789422,7025853.37,2009,7,Tuesday,False
3441,Harry Potter and the Half-Blood Prince,2009-07-29,743449,6616699.52,2009,7,Wednesday,False
3441,Harry Potter and the Half-Blood Prince,2009-07-30,700154,6231372.93,2009,7,Thursday,False
3441,Harry Potter and the Half-Blood Prince,2009-07-31,824226,7335607.53,2009,7,Friday,False
3441,Harry Potter and the Half-Blood Prince,2009-08-01,962521,8566434.61,2009,8,Saturday,True
3441,Harry Potter and the Half-Blood Prince,2009-08-02,906468,8067564.29,2009,8,Sunday,True
3441,Harry Potter and the Half-Blood Prince,2009-08-03,550761,4901771.56,2009,8,Monday,False
3441,Harry Potter and the Half-Blood Prince,2009-08-04,518687,4616314.61,2009,8,Tuesday,False
3441,Harry Potter and the Half-Blood Prince,2009-08-05,488481,4347481.38,2009,8,Wednesday,False
3441,Harry Potter and the Half-Blood Prince,2009-08-06,460034,4094303.77,2009,8,Thursday,False
3441,Harry Potter and the Half-Blood Prince,2009-08-07,541555,4819837.6,2009,8,Friday,False
3441,Harry Potter and the Half-Blood Prince,2009-08-08,632421,5628548.62,2009,8,Saturday,True
3441,Harry Potter and the Half-Blood Prince,2009-08-09,595592,5300767.46,2009,8,Sunday,True
3441,Harry Potter and the Half-Blood Prince,2009-08-10,361876,3220693.42,2009,8,Monday,False
3441,Harry Potter and the Half-Blood Prince,2009-08-11,340802,3033134.83,2009,8,Tuesday,False
3441,Harry Potter and the Half-Blood Prince,2009-08-12,320955,2856498.81,2009,8,Wednesday,False
3441,Harry Potter and the Half-Blood Prince,2009-08-13,302264,2690149.27,2009,8,Thursday,False
3441,Harry Potter and the Half-Blood Prince,2009-08-14,355827,3166858.97,2009,8,Friday,False
3441,Harry Potter and the Half-Blood Prince,2009-08-15,415530,3698219.97,2009,8,Saturday,True
3441,Harry Potter and the Half-Blood Prince,2009-08-16,391332,3482852.4,2009,8,Sunday,True
3441,Harry Potter and the Half-Blood Prince,2009-08-17,237769,2116146.37,2009,8,Monday,False
3441,Harry Potter and the Half-Blood Prince,2009-08-18,223923,1992911.6,2009,8,Tuesday,False
3441,Harry Potter and the Half-Blood Prince,2009-08-19,210882,1876853.46,2009,8,Wednesday,False
3441,Harry Potter and the Half-Blood Prince,2009-08-20,198602,1767554.02,2009,8,Thursday,False
3441,Harry Potter and the Half-Blood Prince,2009-08-21,233795,2080774.61,2009,8,Friday,False
3441,Harry Potter and the Half-Blood Prince,2009-08-22,273023,2429903.67,2009,8,Saturday,True
3441,Harry Potter and the Half-Blood Prince,2009-08-23,257123,2288397.1,2009,8,Sunday,True
3441,Harry Potter and the Half-Blood Prince,2009-08-24,156226,1390407.24,2009,8,Monday,False
3441,Harry Potter and the Half-Blood Prince,2009-08-25,147128,1309436.23,2009,8,Tuesday,False
3441,Harry Potter and the Half-Blood Prince,2009-08-26,138560,1233180.6,2009,8,Wednesday,False
3441,Harry Potter and the Half-Blood Prince,2009-08-27,130491,1161365.75,2009,8,Thursday,False
3441,Harry Potter and the Half-Blood Prince,2009-08-28,153614,1367166.34,2009,8,Friday,False
3441,Harry Potter and the Half-Blood Prince,2009-08-29,179389,1596560.48,2009,8,Saturday,True
3441,Harry Potter and the Half-Blood Prince,2009-08-30,168942,1503584.03,2009,8,Sunday,True
3441,Harry Potter and the Half-Blood Prince,2009-08-31,102647,913562.66,2009,8,Monday,False
3441,Harry Potter and the Half-Blood Prince,2009-09-01,96670,860360.91,2009,9,Tuesday,False
3441,Harry Potter and the Half-Blood Prince,2009-09-02,91040,810257.39,2009,9,Wednesday,False
3441,Harry Potter and the Half-Blood Prince,2009-09-03,85738,763071.67,2009,9,Thursday,False
3441,Harry Potter and the Half-Blood Prince,2009-09-04,100932,898292.3,2009,9,Friday,False
3441,Harry Potter and the Half-Blood Prince,2009-09-05,117867,1049014.98,2009,9,Saturday,True
3441,Harry Potter and the Half-Blood Prince,2009-09-06,111003,987925.11,2009,9,Sunday,True
3441,Harry Potter and the Half-Blood Prince,2009-09-07,67444,600253.44,2009,9,Monday,False
3441,Harry Potter and the Half-Blood Prince,2009-09-08,63517,565297.4,2009,9,Tuesday,False
487,The Twilight Saga: Eclipse,2010-06-30,1349352,15247682.07,2010,6,Wednesday,False
487,The Twilight Saga: Eclipse,2010-07-01,1270772,14359726.19,2010,7,Thursday,False
487,The Twilight Saga: Eclipse,2010-07-02,1495960,16904351.05,2010,7,Friday,False
487,The Twilight Saga: Eclipse,2010-07-03,1746964,19740698.67,2010,7,Saturday,True
487,The Twilight Saga: Eclipse,2010-07-04,1645229,18591089.88,2010,7,Sunday,True
487,The Twilight Saga: Eclipse,2010-07-05,999625,11295760.7,2010,7,Monday,False
487,The Twilight Saga: Eclipse,2010-07-06,941411,10637946.81,2010,7,Tuesday,False
487,The Twilight Saga: Eclipse,2010-07-07,886588,10018441.01,2010,7,Wednesday,False
487,The Twilight Saga: Eclipse,2010-07-08,834957,9435012.43,2010,7,Thursday,False
487,The Twilight Saga: Eclipse,2010-07-09,982916,11106950.1,2010,7,Friday,False
487,The Twilight Saga: Eclipse,2010-07-10,1147837,12970563.28,2010,7,Saturday,True
487,The Twilight Saga: Eclipse,2010-07-11,1080993,12215216.48,2010,7,Sunday,True
487,The Twilight Saga: Eclipse,2010-07-12,656800,7421843.65,2010,7,Monday,False
487,The Twilight Saga: Eclipse,2010-07-13,618551,6989629.12,2010,7,Tuesday,False
487,The Twilight Saga: Eclipse,2010-07-14,582530,6582584.81,2010,7,Wednesday,False
487,The Twilight Saga: Eclipse,2010-07-15,548606,6199244.91,2010,7,Thursday,False
487,The Twilight Saga: Eclipse,2010-07-16,645822,7297786.24,2010,7,Friday,False
487,The Twilight Saga: Eclipse,2010-07-17,754183,8522267.36,2010,7,Saturday,True
487,The Twilight Saga: Eclipse,2010-07-18,710263,8025969.14,2010,7,Sunday,True
487,The Twilight Saga: Eclipse,2010-07-19,431549,4876498.76,2010,7,Monday,False
487,The Twilight Saga: Eclipse,2010-07-20,406417,4592513.58,2010,7,Tuesday,False
487,The Twilight Saga: Eclipse,2010-07-21,382749,4325066.41,2010,7,Wednesday,False
487,The Twilight Saga: Eclipse,2010-07-22,360460,4073194.15,2010,7,Thursday,False
487,The Twilight Saga: Eclipse,2010-07-23,424335,4794987.24,2010,7,Friday,False
487,The Twilight Saga: Eclipse,2010-07-24,495534,5599528.66,2010,7,Saturday,True
487,The Twilight Saga: Eclipse,2010-07-25,466676,5273437.5,2010,7,Sunday,True
487,The Twilight Saga: Eclipse,2010-07-26,283548,3204088.01,2010,7,Monday,False
487,The Twilight Saga: Eclipse,2010-07-27,267035,3017496.45,2010,7,Tuesday,False
487,The Twilight Saga: Eclipse,2010-07-28,251484,2841771.13,2010,7,Wednesday,False
487,The Twilight Saga: Eclipse,2010-07-29,236839,2676279.27,2010,7,Thursday,False
487,The Twilight Saga: Eclipse,2010-07-30,278808,3150531.12,2010,7,Friday,False
487,The Twilight Saga: Eclipse,2010-07-31,325589,3679152.5,2010,7,Saturday,True
487,The Twilight Saga: Eclipse,2010-08-01,306628,3464895.34,2010,8,Sunday,True
487,The Twilight Saga: Eclipse,2010-08-02,186304,2105235.83,2010,8,Monday,False
487,The Twilight Saga: Eclipse,2010-08-03,175455,1982636.44,2010,8,Tuesday,False
487,The Twilight Saga: Eclipse,2010-08-04,165237,1867176.69,2010,8,Wednesday,False
487,The Twilight Saga: Eclipse,2010-08-05,155614,1758440.78,2010,8,Thursday,False
487,The Twilight Saga: Eclipse,2010-08-06,183190,2070046.45,2010,8,Friday,False
487,The Twilight Saga: Eclipse,2010-08-07,213927,2417375.45,2010,8,Saturday,True
487,The Twilight Saga: Eclipse,2010-08-08,201469,2276598.46,2010,8,Sunday,True
487,The Twilight Saga: Eclipse,2010-08-09,122410,1383238.51,2010,8,Monday,False
487,The Twilight Saga: Eclipse,2010-08-10,115282,1302684.97,2010,8,Tuesday,False
487,The Twilight Saga: Eclipse,2010-08-11,108568,1226822.5,2010,8,Wednesday,False
487,The Twilight Saga: Eclipse,2010-08-12,102246,1155377.92,2010,8,Thursday,False
487,The Twilight Saga: Eclipse,2010-08-13,120364,1360117.44,2010,8,Friday,False
487,The Twilight Saga: Eclipse,2010-08-14,140560,1588328.85,2010,8,Saturday,True
487,The Twilight Saga: Eclipse,2010-08-15,132374,1495831.78,2010,8,Sunday,True
487,The Twilight Saga: Eclipse,2010-08-16,80429,908852.46,2010,8,Monday,False
487,The Twilight Saga: Eclipse,2010-08-17,75746,855925.02,2010,8,Tuesday,False
487,The Twilight Saga: Eclipse,2010-08-18,71334,806079.82,2010,8,Wednesday,False
487,The Twilight Saga: Eclipse,2010-08-19,67180,759137.39,2010,8,Thursday,False
487,The Twilight Saga: Eclipse,2010-08-20,79085,893660.84,2010,8,Friday,False
487,The Twilight Saga: Eclipse,2010-08-21,92355,1043606.42,2010,8,Saturday,True
487,The Twilight Saga: Eclipse,2010-08-22,86976,982831.51,2010,8,Sunday,True
487,The Twilight Saga: Eclipse,2010-08-23,52846,597158.62,2010,8,Monday,False
487,The Twilight Saga: Eclipse,2010-08-24,49768,562382.81,2010,8,Tuesday,False
727,The Twilight Saga: New Moon,2009-11-20,1631670,18437871.23,2009,11,Friday,False
727,The Twilight Saga: New Moon,2009-11-21,1905445,21531525.17,2009,11,Saturday,True
727,The Twilight Saga: New Moon,2009-11-22,1794480,20277626.76,2009,11,Sunday,True
727,The Twilight Saga: New Moon,2009-11-23,1090308,12320483.68,2009,11,Monday,False
727,The Twilight Saga: New Moon,2009-11-24,1026814,11602994.57,2009,11,Tuesday,False
727,The Twilight Saga: New Moon,2009-11-25,967017,10927288.77,2009,11,Wednesday,False
727,The Twilight Saga: New Moon,2009-11-26,910702,10290933.01,2009,11,Thursday,False
727,The Twilight Saga: New Moon,2009-11-27,1072084,12114544.66,2009,11,Friday,False
727,The Twilight Saga: New Moon,2009-11-28,1251966,14147220.14,2009,11,Saturday,True
727,The Twilight Saga: New Moon,2009-11-29,1179058,13323350.18,2009,11,Sunday,True
727,The Twilight Saga: New Moon,2009-11-30,716384,8095134.62,2009,11,Monday,False
727,The Twilight Saga: New Moon,2009-12-01,674665,7623710.68,2009,12,Tuesday,False
727,The Twilight Saga: New Moon,2009-12-02,635375,7179740.33,2009,12,Wednesday,False
727,The Twilight Saga: New Moon,2009-12-03,598374,6761624.81,2009,12,Thursday,False
727,The Twilight Saga: New Moon,2009-12-04,704409,7959823.04,2009,12,Friday,False
727,The Twilight Saga: New Moon,2009-12-05,822601,9295386.0,2009,12,Saturday,True
727,The Twilight Saga: New Moon,2009-12-06,774696,8754064.86,2009,12,Sunday,True
727,The Twilight Saga: New Moon,2009-12-07,470698,5318882.46,2009,12,Monday,False
727,The Twilight Saga: New Moon,2009-12-08,443286,5009134.86,2009,12,Tuesday,False
727,The Twilight Saga: New Moon,2009-12-09,417471,4717425.55,2009,12,Wednesday,False
727,The Twilight Saga: New Moon,2009-12-10,393160,4442704.08,2009,12,Thursday,False
727,The Twilight Saga: New Moon,2009-12-11,462830,5229976.42,2009,12,Friday,False
727,The Twilight Saga: New Moon,2009-12-12,540487,6107503.81,2009,12,Saturday,True
727,The Twilight Saga: New Moon,2009-12-13,509012,5751830.48,2009,12,Sunday,True
727,The Twilight Saga: New Moon,2009-12-14,309270,3494754.8,2009,12,Monday,False
727,The Twilight Saga: New Moon,2009-12-15,291260,3291236.13,2009,12,Tuesday,False
727,The Twilight Saga: New Moon,2009-12-16,274298,3099569.46,2009,12,Wednesday,False
727,The Twilight Saga: New Moon,2009-12-17,258324,2919064.58,2009,12,Thursday,False
727,The Twilight Saga: New Moon,2009-12-18,304101,3436339.37,2009,12,Friday,False
727,The Twilight Saga: New Moon,2009-12-19,355125,4012915.96,2009,12,Saturday,True
727,The Twilight Saga: New Moon,2009-12-20,334444,3779221.92,2009,12,Sunday,True
727,The Twilight Saga: New Moon,2009-12-21,203205,2296217.53,2009,12,Monday,False
727,The Twilight Saga: New Moon,2009-12-22,191371,2162496.23,2009,12,Tuesday,False
727,The Twilight Saga: New Moon,2009-12-23,180227,2036562.25,2009,12,Wednesday,False
727,The Twilight Saga: New Moon,2009-12-24,169731,1917962.1,2009,12,Thursday,False
727,The Twilight Saga: New Moon,2009-12-25,199808,2257835.86,2009,12,Friday,False
727,The Twilight Saga: New Moon,2009-12-26,233334,2636673.67,2009,12,Saturday,True
727,The Twilight Saga: New Moon,2009-12-27,219746,2483125.75,2009,12,Sunday,True
727,The Twilight Saga: New Moon,2009-12-28,133515,1508722.43,2009,12,Monday,False
727,The Twilight Saga: New Moon,2009-12-29,125740,1420861.27,2009,12,Tuesday,False
727,The Twilight Saga: New Moon,2009-12-30,118417,1338116.75,2009,12,Wednesday,False
727,The Twilight Saga: New Moon,2009-12-31,111521,1260190.9,2009,12,Thursday,False
727,The Twilight Saga: New Moon,2010-01-01,131284,1483503.87,2010,1,Friday,False
727,The Twilight Saga: New Moon,2010-01-02,153311,1732418.05,2010,1,Saturday,True
727,The Twilight Saga: New Moon,2010-01-03,144383,1631529.87,2010,1,Sunday,True
727,The Twilight Saga: New Moon,2010-01-04,87726,991301.27,2010,1,Monday,False
727,The Twilight Saga: New Moon,2010-01-05,82617,933572.38,2010,1,Tuesday,False
727,The Twilight Saga: New Moon,2010-01-06,77806,879205.36,2010,1,Wednesday,False
727,The Twilight Saga: New Moon,2010-01-07,73275,828004.42,2010,1,Thursday,False
727,The Twilight Saga: New Moon,2010-01-08,86259,974731.5,2010,1,Friday,False
727,The Twilight Saga: New Moon,2010-01-09,100733,1138279.77,2010,1,Saturday,True
727,The Twilight Saga: New Moon,2010-01-10,94867,1071991.52,2010,1,Sunday,True
727,The Twilight Saga: New Moon,2010-01-11,57640,651331.35,2010,1,Monday,False
727,The Twilight Saga: New Moon,2010-01-12,54283,613400.76,2010,1,Tuesday,False
727,The Twilight Saga: New Moon,2010-01-13,51122,577679.08,2010,1,Wednesday,False
727,The Twilight Saga: New Moon,2010-01-14,48145,544037.67,2010,1,Thursday,False
3442,Harry Potter and the Deathly Hallows – Part 1,2010-11-19,1979278,18407284.83,2010,11,Friday,False
3442,Harry Potter and the Deathly Hallows – Part 1,2010-11-20,2311377,21495806.74,2010,11,Saturday,True
3442,Harry Potter and the Deathly Hallows – Part 1,2010-11-21,2176773,20243988.41,2010,11,Sunday,True
3442,Harry Potter and the Deathly Hallows – Part 1,2010-11-22,1322586,12300045.35,2010,11,Monday,False
3442,Harry Potter and the Deathly Hallows – Part 1,2010-11-23,1245564,11583746.48,2010,11,Tuesday,False
3442,Harry Potter and the Deathly Hallows – Part 1,2010-11-24,1173028,10909161.6,2010,11,Wednesday,False
3442,Harry Potter and the Deathly Hallows – Part 1,2010-11-25,1104716,10273861.48,2010,11,Thursday,False
3442,Harry Potter and the Deathly Hallows – Part 1,2010-11-26,1300478,12094447.96,2010,11,Friday,False
3442,Harry Potter and the Deathly Hallows – Part 1,2010-11-27,1518683,14123751.46,2010,11,Saturday,True
3442,Harry Potter and the Deathly Hallows – Part 1,2010-11-28,1430242,13301248.2,2010,11,Sunday,True
3442,Harry Potter and the Deathly Hallows – Part 1,2010-11-29,869001,8081705.68,2010,11,Monday,False
3442,Harry Potter and the Deathly Hallows – Part 1,2010-11-30,818394,7611063.78,2010,11,Tuesday,False
3442,Harry Potter and the Deathly Hallows – Part 1,2010-12-01,770734,7167829.93,2010,12,Wednesday,False
3442,Harry Potter and the Deathly Hallows – Part 1,2010-12-02,725850,6750408.01,2010,12,Thursday,False
3442,Harry Potter and the Deathly Hallows – Part 1,2010-12-03,854475,7946618.57,2010,12,Friday,False
3442,Harry Potter and the Deathly Hallows – Part 1,2010-12-04,997846,9279965.98,2010,12,Saturday,True
3442,Harry Potter and the Deathly Hallows – Part 1,2010-12-05,939736,8739542.83,2010,12,Sunday,True
3442,Harry Potter and the Deathly Hallows – Part 1,2010-12-06,570974,5310059.02,2010,12,Monday,False
3442,Harry Potter and the Deathly Hallows – Part 1,2010-12-07,537723,5000825.25,2010,12,Tuesday,False
3442,Harry Potter and the Deathly Hallows – Part 1,2010-12-08,506409,4709599.86,2010,12,Wednesday,False
3442,Harry Potter and the Deathly Hallows – Part 1,2010-12-09,476918,4435334.12,2010,12,Thursday,False
3442,Harry Potter and the Deathly Hallows – Part 1,2010-12-10,561430,5221300.46,2010,12,Friday,False
3442,Harry Potter and the Deathly Hallows – Part 1,2010-12-11,655631,6097372.13,2010,12,Saturday,True
3442,Harry Potter and the Deathly Hallows – Part 1,2010-12-12,617450,5742288.82,2010,12,Sunday,True
3442,Harry Potter and the Deathly Hallows – Part 1,2010-12-13,375157,3488957.39,2010,12,Monday,False
3442,Harry Potter and the Deathly Hallows – Part 1,2010-12-14,353309,3285776.33,2010,12,Tuesday,False
3442,Harry Potter and the Deathly Hallows – Part 1,2010-12-15,332734,3094427.61,2010,12,Wednesday,False
3442,Harry Potter and the Deathly Hallows – Part 1,2010-12-16,313357,2914222.18,2010,12,Thursday,False
3442,Harry Potter and the Deathly Hallows – Part 1,2010-12-17,368886,3430638.86,2010,12,Friday,False
3442,Harry Potter and the Deathly Hallows – Part 1,2010-12-18,430781,4006258.97,2010,12,Saturday,True
3442,Harry Potter and the Deathly Hallows – Part 1,2010-12-19,405694,3772952.61,2010,12,Sunday,True
3442,Harry Potter and the Deathly Hallows – Part 1,2010-12-20,246496,2292408.36,2010,12,Monday,False
3442,Harry Potter and the Deathly Hallows – Part 1,2010-12-21,232141,2158908.89,2010,12,Tuesday,False
3442,Harry Potter and the Deathly Hallows – Part 1,2010-12-22,218622,2033183.82,2010,12,Wednesday,False
3442,Harry Potter and the Deathly Hallows – Part 1,2010-12-23,205890,1914780.41,2010,12,Thursday,False
3442,Harry Potter and the Deathly Hallows – Part 1,2010-12-24,242375,2254090.35,2010,12,Friday,False
3442,Harry Potter and the Deathly Hallows – Part 1,2010-12-25,283043,2632299.72,2010,12,Saturday,True
3442,Harry Potter and the Deathly Hallows – Part 1,2010-12-26,266560,2479006.51,2010,12,Sunday,True
3442,Harry Potter and the Deathly Hallows – Part 1,2010-12-27,161959,1506219.62,2010,12,Monday,False
3442,Harry Potter and the Deathly Hallows – Part 1,2010-12-28,152527,1418504.22,2010,12,Tuesday,False
3442,Harry Potter and the Deathly Hallows – Part 1,2010-12-29,143645,1335896.96,2010,12,Wednesday,False
3442,Harry Potter and the Deathly Hallows – Part 1,2010-12-30,135280,1258100.38,2010,12,Thursday,False
3442,Harry Potter and the Deathly Hallows – Part 1,2010-12-31,159252,1481042.9,2010,12,Friday,False
3442,Harry Potter and the Deathly Hallows – Part 1,2011-01-01,185972,1729544.16,2011,1,Saturday,True
3442,Harry Potter and the Deathly Hallows – Part 1,2011-01-02,175142,1628823.35,2011,1,Sunday,True
3442,Harry Potter and the Deathly Hallows – Part 1,2011-01-03,106415,989656.81,2011,1,Monday,False
3442,Harry Potter and the Deathly Hallows – Part 1,2011-01-04,100218,932023.69,2011,1,Tuesday,False
3442,Harry Potter and the Deathly Hallows – Part 1,2011-01-05,94381,877746.85,2011,1,Wednesday,False
3442,Harry Potter and the Deathly Hallows – Part 1,2011-01-06,88885,826630.85,2011,1,Thursday,False
3442,Harry Potter and the Deathly Hallows – Part 1,2011-01-07,104636,973114.53,2011,1,Friday,False
3442,Harry Potter and the Deathly Hallows – Part 1,2011-01-08,122193,1136391.49,2011,1,Saturday,True
3442,Harry Potter and the Deathly Hallows – Part 1,2011-01-09,115077,1070213.2,2011,1,Sunday,True
3442,Harry Potter and the Deathly Hallows – Part 1,2011-01-10,69919,650250.86,2011,1,Monday,False
3442,Harry Potter and the Deathly Hallows – Part 1,2011-01-11,65848,612383.2,2011,1,Tuesday,False
3442,Harry Potter and the Deathly Hallows – Part 1,2011-01-12,62013,576720.78,2011,1,Wednesday,False
3442,Harry Potter and the Deathly Hallows – Part 1,2011-01-13,58402,543135.17,2011,1,Thursday,False
3443,Inception,2010-07-16,1874875,18186285.89,2010,7,Friday,False
3443,Inception,2010-07-17,2189456,21237726.82,2010,7,Saturday,True
3443,Inception,2010-07-18,2061952,20000937.89,2010,7,Sunday,True
3443,Inception,2010-07-19,1252822,12152370.29,2010,7,Monday,False
3443,Inception,2010-07-20,1179863,11444671.34,2010,7,Tuesday,False
3443,Inception,2010-07-21,1111153,10778185.56,2010,7,Wednesday,False
3443,Inception,2010-07-22,1046445,10150512.9,2010,7,Thursday,False
3443,Inception,2010-07-23,1231881,11949241.31,2010,7,Friday,False
3443,Inception,2010-07-24,1438575,13954180.87,2010,7,Saturday,True
3443,Inception,2010-07-25,1354799,13141552.63,2010,7,Sunday,True
3443,Inception,2010-07-26,823163,7984676.25,2010,7,Monday,False
3443,Inception,2010-07-27,775225,7519684.9,2010,7,Tuesday,False
3443,Inception,2010-07-28,730080,7081772.55,2010,7,Wednesday,False
3443,Inception,2010-07-29,687563,6669362.22,2010,7,Thursday,False
3443,Inception,2010-07-30,809403,7851211.0,2010,7,Friday,False
3443,Inception,2010-07-31,945211,9168550.16,2010,7,Saturday,True
3443,Inception,2010-08-01,890167,8634615.37,2010,8,Sunday,True
3443,Inception,2010-08-02,540856,5246306.14,2010,8,Monday,False
3443,Inception,2010-08-03,509359,4940785.05,2010,8,Tuesday,False
3443,Inception,2010-08-04,479697,4653056.13,2010,8,Wednesday,False
3443,Inception,2010-08-05,451761,4382083.24,2010,8,Thursday,False
3443,Inception,2010-08-06,531816,5158613.22,2010,8,Friday,False
3443,Inception,2010-08-07,621048,6024166.73,2010,8,Saturday,True
3443,Inception,2010-08-08,584881,5673346.57,2010,8,Sunday,True
3443,Inception,2010-08-09,355368,3447068.76,2010,8,Monday,False
3443,Inception,2010-08-10,334673,3246327.11,2010,8,Tuesday,False
3443,Inception,2010-08-11,315183,3057275.73,2010,8,Wednesday,False
3443,Inception,2010-08-12,296828,2879233.85,2010,8,Thursday,False
3443,Inception,2010-08-13,349428,3389450.41,2010,8,Friday,False
3443,Inception,2010-08-14,408058,3958159.59,2010,8,Saturday,True
3443,Inception,2010-08-15,384294,3727654.32,2010,8,Sunday,True
3443,Inception,2010-08-16,233493,2264885.57,2010,8,Monday,False
3443,Inception,2010-08-17,219896,2132988.9,2010,8,Tuesday,False
3443,Inception,2010-08-18,207090,2008773.3,2010,8,Wednesday,False
3443,Inception,2010-08-19,195030,1891791.45,2010,8,Thursday,False
3443,Inception,2010-08-20,229590,2227027.61,2010,8,Friday,False
3443,Inception,2010-08-21,268113,2600696.17,2010,8,Saturday,True
3443,Inception,2010-08-22,252499,2449243.42,2010,8,Sunday,True
3443,Inception,2010-08-23,153416,1488135.86,2010,8,Monday,False
3443,Inception,2010-08-24,144482,1401473.57,2010,8,Tuesday,False
3443,Inception,2010-08-25,136068,1319858.11,2010,8,Wednesday,False
3443,Inception,2010-08-26,128144,1242995.55,2010,8,Thursday,False
3443,Inception,2010-08-27,150852,1463261.41,2010,8,Friday,False
3443,Inception,2010-08-28,176163,1708779.15,2010,8,Saturday,True
3443,Inception,2010-08-29,165904,1609267.6,2010,8,Sunday,True
3443,Inception,2010-08-30,100802,977774.93,2010,8,Monday,False
3443,Inception,2010-08-31,94931,920833.75,2010,8,Tuesday,False
3443,Inception,2010-09-01,89403,867208.57,2010,9,Wednesday,False
3443,Inception,2010-09-02,84197,816706.28,2010,9,Thursday,False
3443,Inception,2010-09-03,99117,961431.26,2010,9,Friday,False
3443,Inception,2010-09-04,115747,1122747.9,2010,9,Saturday,True
3443,Inception,2010-09-05,109007,1057364.16,2010,9,Sunday,True
3443,Inception,2010-09-06,66231,642443.91,2010,9,Monday,False
3443,Inception,2010-09-07,62374,605030.89,2010,9,Tuesday,False
3443,Inception,2010-09-08,58742,569796.63,2010,9,Wednesday,False
3443,Inception,2010-09-09,55321,536614.26,2010,9,Thursday,False
3440,Harry Potter and the Order of the Phoenix,2007-07-11,1743739,14821781.88,2007,7,Wednesday,False
3440,Harry Potter and the Order of the Phoenix,2007-07-12,1642192,13958628.5,2007,7,Thursday,False
3440,Harry Potter and the Order of the Phoenix,2007-07-13,1933197,16432176.57,2007,7,Friday,False
3440,Harry Potter and the Order of the Phoenix,2007-07-14,2257565,19189298.97,2007,7,Saturday,True
3440,Harry Potter and the Order of the Phoenix,2007-07-15,2126094,18071801.19,2007,7,Sunday,True
3440,Harry Potter and the Order of the Phoenix,2007-07-16,1291794,10980246.08,2007,7,Monday,False
3440,Harry Potter and the Order of the Phoenix,2007-07-17,1216565,10340806.33,2007,7,Tuesday,False
3440,Harry Potter and the Order of the Phoenix,2007-07-18,1145718,9738604.65,2007,7,Wednesday,False
3440,Harry Potter and the Order of the Phoenix,2007-07-19,1078997,9171472.46,2007,7,Thursday,False
3440,Harry Potter and the Order of the Phoenix,2007-07-20,1270201,10796709.36,2007,7,Friday,False
3440,Harry Potter and the Order of the Phoenix,2007-07-21,1483326,12608267.86,2007,7,Saturday,True
3440,Harry Potter and the Order of the Phoenix,2007-07-22,1396943,11874019.5,2007,7,Sunday,True
3440,Harry Potter and the Order of the Phoenix,2007-07-23,848769,7214535.77,2007,7,Monday,False
3440,Harry Potter and the Order of the Phoenix,2007-07-24,799340,6794393.91,2007,7,Tuesday,False
3440,Harry Potter and the Order of the Phoenix,2007-07-25,752790,6398719.21,2007,7,Wednesday,False
3440,Harry Potter and the Order of the Phoenix,2007-07-26,708951,6026086.82,2007,7,Thursday,False
3440,Harry Potter and the Order of the Phoenix,2007-07-27,834582,7093943.55,2007,7,Friday,False
3440,Harry Potter and the Order of the Phoenix,2007-07-28,974614,8284222.3,2007,7,Saturday,True
3440,Harry Potter and the Order of the Phoenix,2007-07-29,917857,7801786.75,2007,7,Sunday,True
3440,Harry Potter and the Order of the Phoenix,2007-07-30,557681,4740287.78,2007,7,Monday,False
3440,Harry Potter and the Order of the Phoenix,2007-07-31,525204,4464234.91,2007,7,Tuesday,False
3440,Harry Potter and the Order of the Phoenix,2007-08-01,494619,4204258.11,2007,8,Wednesday,False
3440,Harry Potter and the Order of the Phoenix,2007-08-02,465814,3959421.18,2007,8,Thursday,False
3440,Harry Potter and the Order of the Phoenix,2007-08-03,548359,4661053.05,2007,8,Friday,False
3440,Harry Potter and the Order of the Phoenix,2007-08-04,640367,5443121.92,2007,8,Saturday,True
3440,Harry Potter and the Order of the Phoenix,2007-08-05,603075,5126139.17,2007,8,Sunday,True
3440,Harry Potter and the Order of the Phoenix,2007-08-06,366422,3114591.01,2007,8,Monday,False
3440,Harry Potter and the Order of the Phoenix,2007-08-07,345084,2933211.35,2007,8,Tuesday,False
3440,Harry Potter and the Order of the Phoenix,2007-08-08,324988,2762394.42,2007,8,Wednesday,False
3440,Harry Potter and the Order of the Phoenix,2007-08-09,306062,2601525.09,2007,8,Thursday,False
3440,Harry Potter and the Order of the Phoenix,2007-08-10,360298,3062530.08,2007,8,Friday,False
3440,Harry Potter and the Order of the Phoenix,2007-08-11,420751,3576385.95,2007,8,Saturday,True
3440,Harry Potter and the Order of the Phoenix,2007-08-12,396249,3368113.44,2007,8,Sunday,True
3440,Harry Potter and the Order of the Phoenix,2007-08-13,240757,2046432.12,2007,8,Monday,False
3440,Harry Potter and the Order of the Phoenix,2007-08-14,226736,1927257.19,2007,8,Tuesday,False
3440,Harry Potter and the Order of the Phoenix,2007-08-15,213532,1815022.47,2007,8,Wednesday,False
3440,Harry Potter and the Order of the Phoenix,2007-08-16,201097,1709323.79,2007,8,Thursday,False
3440,Harry Potter and the Order of the Phoenix,2007-08-17,236732,2012225.65,2007,8,Friday,False
3440,Harry Potter and the Order of the Phoenix,2007-08-18,276453,2349853.01,2007,8,Saturday,True
3440,Harry Potter and the Order of the Phoenix,2007-08-19,260354,2213008.23,2007,8,Sunday,True
3440,Harry Potter and the Order of the Phoenix,2007-08-20,158188,1344601.72,2007,8,Monday,False
3440,Harry Potter and the Order of the Phoenix,2007-08-21,148976,1266298.21,2007,8,Tuesday,False
3440,Harry Potter and the Order of the Phoenix,2007-08-22,140301,1192554.74,2007,8,Wednesday,False
3440,Harry Potter and the Order of the Phoenix,2007-08-23,132130,1123105.76,2007,8,Thursday,False
3440,Harry Potter and the Order of the Phoenix,2007-08-24,155544,1322126.47,2007,8,Friday,False
3440,Harry Potter and the Order of the Phoenix,2007-08-25,181643,1543963.45,2007,8,Saturday,True
3440,Harry Potter and the Order of the Phoenix,2007-08-26,171065,1454050.02,2007,8,Sunday,True
3440,Harry Potter and the Order of the Phoenix,2007-08-27,103937,883466.28,2007,8,Monday,False
3440,Harry Potter and the Order of the Phoenix,2007-08-28,97884,832017.21,2007,8,Tuesday,False
3440,Harry Potter and the Order of the Phoenix,2007-08-29,92184,783564.3,2007,8,Wednesday,False
3440,Harry Potter and the Order of the Phoenix,2007-08-30,86816,737933.07,2007,8,Thursday,False
3440,Harry Potter and the Order of the Phoenix,2007-08-31,102200,868698.99,2007,8,Friday,False
3440,Harry Potter and the Order of the Phoenix,2007-09-01,119348,1014456.27,2007,9,Saturday,True
3440,Harry Potter and the Order of the Phoenix,2007-09-02,112398,955378.94,2007,9,Sunday,True
3440,Harry Potter and the Order of the Phoenix,2007-09-03,68292,580478.71,2007,9,Monday,False
3440,Harry Potter and the Order of the Phoenix,2007-09-04,64315,546674.26,2007,9,Tuesday,False
41,Harry Potter and the Goblet of Fire,2005-11-18,2025501,18026962.12,2005,11,Friday,False
41,Harry Potter and the Goblet of Fire,2005-11-19,2365356,21051670.43,2005,11,Saturday,True
41,Harry Potter and the Goblet of Fire,2005-11-20,2227609,19825716.58,2005,11,Sunday,True
41,Harry Potter and the Goblet of Fire,2005-11-21,1353473,12045907.57,2005,11,Monday,False
41,Harry Potter and the Goblet of Fire,2005-11-22,1274653,11344408.52,2005,11,Tuesday,False
41,Harry Potter and the Goblet of Fire,2005-11-23,1200423,10683761.6,2005,11,Wednesday,False
41,Harry Potter and the Goblet of Fire,2005-11-24,1130515,10061587.76,2005,11,Thursday,False
41,Harry Potter and the Goblet of Fire,2005-11-25,1330849,11844558.13,2005,11,Friday,False
41,Harry Potter and the Goblet of Fire,2005-11-26,1554150,13831933.11,2005,11,Saturday,True
41,Harry Potter and the Goblet of Fire,2005-11-27,1463643,13026424.03,2005,11,Sunday,True
41,Harry Potter and the Goblet of Fire,2005-11-28,889295,7914725.26,2005,11,Monday,False
41,Harry Potter and the Goblet of Fire,2005-11-29,837506,7453807.54,2005,11,Tuesday,False
41,Harry Potter and the Goblet of Fire,2005-11-30,788734,7019731.58,2005,11,Wednesday,False
41,Harry Potter and the Goblet of Fire,2005-12-01,742802,6610934.24,2005,12,Thursday,False
41,Harry Potter and the Goblet of Fire,2005-12-02,874430,7782429.25,2005,12,Friday,False
41,Harry Potter and the Goblet of Fire,2005-12-03,1021149,9088227.66,2005,12,Saturday,True
41,Harry Potter and the Goblet of Fire,2005-12-04,961682,8558970.48,2005,12,Sunday,True
41,Harry Potter and the Goblet of Fire,2005-12-05,584308,5200345.06,2005,12,Monday,False
41,Harry Potter and the Goblet of Fire,2005-12-06,550281,4897500.54,2005,12,Tuesday,False
41,Harry Potter and the Goblet of Fire,2005-12-07,518235,4612292.31,2005,12,Wednesday,False
41,Harry Potter and the Goblet of Fire,2005-12-08,488055,4343693.32,2005,12,Thursday,False
41,Harry Potter and the Goblet of Fire,2005-12-09,574542,5113420.39,2005,12,Friday,False
41,Harry Potter and the Goblet of Fire,2005-12-10,670943,5971391.08,2005,12,Saturday,True
41,Harry Potter and the Goblet of Fire,2005-12-11,631870,5623644.34,2005,12,Sunday,True
41,Harry Potter and the Goblet of Fire,2005-12-12,383918,3416870.18,2005,12,Monday,False
41,Harry Potter and the Goblet of Fire,2005-12-13,361560,3217887.16,2005,12,Tuesday,False
41,Harry Potter and the Goblet of Fire,2005-12-14,340505,3030492.0,2005,12,Wednesday,False
41,Harry Potter and the Goblet of Fire,2005-12-15,320675,2854009.88,2005,12,Thursday,False
41,Harry Potter and the Goblet of Fire,2005-12-16,377501,3359756.61,2005,12,Friday,False
41,Harry Potter and the Goblet of Fire,2005-12-17,440841,3923483.52,2005,12,Saturday,True
41,Harry Potter and the Goblet of Fire,2005-12-18,415168,3694997.63,2005,12,Sunday,True
41,Harry Potter and the Goblet of Fire,2005-12-19,252252,2245043.69,2005,12,Monday,False
41,Harry Potter and the Goblet of Fire,2005-12-20,237562,2114302.52,2005,12,Tuesday,False
41,Harry Potter and the Goblet of Fire,2005-12-21,223728,1991175.13,2005,12,Wednesday,False
41,Harry Potter and the Goblet of Fire,2005-12-22,210699,1875218.12,2005,12,Thursday,False
41,Harry Potter and the Goblet of Fire,2005-12-23,248036,2207517.39,2005,12,Friday,False
41,Harry Potter and the Goblet of Fire,2005-12-24,289653,2577912.37,2005,12,Saturday,True
41,Harry Potter and the Goblet of Fire,2005-12-25,272785,2427786.44,2005,12,Sunday,True
41,Harry Potter and the Goblet of Fire,2005-12-26,165741,1475098.82,2005,12,Monday,False
41,Harry Potter and the Goblet of Fire,2005-12-27,156089,1389195.75,2005,12,Tuesday,False
41,Harry Potter and the Goblet of Fire,2005-12-28,146999,1308295.29,2005,12,Wednesday,False
41,Harry Potter and the Goblet of Fire,2005-12-29,138439,1232106.1,2005,12,Thursday,False
41,Harry Potter and the Goblet of Fire,2005-12-30,162971,1450442.28,2005,12,Friday,False
41,Harry Potter and the Goblet of Fire,2005-12-31,190316,1693809.12,2005,12,Saturday,True
41,Harry Potter and the Goblet of Fire,2006-01-01,179233,1595169.36,2006,1,Sunday,True
41,Harry Potter and the Goblet of Fire,2006-01-02,108900,969208.99,2006,1,Monday,False
41,Harry Potter and the Goblet of Fire,2006-01-03,102558,912766.65,2006,1,Tuesday,False
41,Harry Potter and the Goblet of Fire,2006-01-04,96586,859611.26,2006,1,Wednesday,False
41,Harry Potter and the Goblet of Fire,2006-01-05,90961,809551.39,2006,1,Thursday,False
41,Harry Potter and the Goblet of Fire,2006-01-06,107080,953008.49,2006,1,Friday,False
41,Harry Potter and the Goblet of Fire,2006-01-07,125046,1112911.9,2006,1,Saturday,True
41,Harry Potter and the Goblet of Fire,2006-01-08,117764,1048100.95,2006,1,Sunday,True
41,Harry Potter and the Goblet of Fire,2006-01-09,71552,636815.68,2006,1,Monday,False
41,Harry Potter and the Goblet of Fire,2006-01-10,67385,599730.42,2006,1,Tuesday,False
41,Harry Potter and the Goblet of Fire,2006-01-11,63461,564804.84,2006,1,Wednesday,False
41,Harry Potter and the Goblet of Fire,2006-01-12,59766,531913.17,2006,1,Thursday,False
151,"Monsters, Inc.",2001-11-02,1592063,17990312.4,2001,11,Friday,False
151,"Monsters, Inc.",2001-11-03,1859192,21008871.33,2001,11,Saturday,True
151,"Monsters, Inc.",2001-11-04,1750921,19785409.91,2001,11,Sunday,True
151,"Monsters, Inc.",2001-11-05,1063842,12021417.64,2001,11,Monday,False
151,"Monsters, Inc.",2001-11-06,1001889,11321344.77,2001,11,Tuesday,False
151,"Monsters, Inc.",2001-11-07,943543,10662040.98,2001,11,Wednesday,False
151,"Monsters, Inc.",2001-11-08,888596,10041132.05,2001,11,Thursday,False
151,"Monsters, Inc.",2001-11-09,1046060,11820477.55,2001,11,Friday,False
151,"Monsters, Inc.",2001-11-10,1221576,13803812.1,2001,11,Saturday,True
151,"Monsters, Inc.",2001-11-11,1150437,12999940.66,2001,11,Sunday,True
151,"Monsters, Inc.",2001-11-12,698994,7898634.23,2001,11,Monday,False
151,"Monsters, Inc.",2001-11-13,658288,7438653.58,2001,11,Tuesday,False
151,"Monsters, Inc.",2001-11-14,619952,7005460.12,2001,11,Wednesday,False
151,"Monsters, Inc.",2001-11-15,583849,6597493.88,2001,11,Thursday,False
151,"Monsters, Inc.",2001-11-16,687310,7766607.18,2001,11,Friday,False
151,"Monsters, Inc.",2001-11-17,802633,9069750.84,2001,11,Saturday,True
151,"Monsters, Inc.",2001-11-18,755891,8541569.67,2001,11,Sunday,True
151,"Monsters, Inc.",2001-11-19,459272,5189772.5,2001,11,Monday,False
151,"Monsters, Inc.",2001-11-20,432526,4887543.68,2001,11,Tuesday,False
151,"Monsters, Inc.",2001-11-21,407338,4602915.29,2001,11,Wednesday,False
151,"Monsters, Inc.",2001-11-22,383616,4334862.37,2001,11,Thursday,False
151,"Monsters, Inc.",2001-11-23,451595,5103024.55,2001,11,Friday,False
151,"Monsters, Inc.",2001-11-24,527367,5959250.94,2001,11,Saturday,True
151,"Monsters, Inc.",2001-11-25,496656,5612211.19,2001,11,Sunday,True
151,"Monsters, Inc.",2001-11-26,301763,3409923.52,2001,11,Monday,False
151,"Monsters, Inc.",2001-11-27,284190,3211345.03,2001,11,Tuesday,False
151,"Monsters, Inc.",2001-11-28,267640,3024330.85,2001,11,Wednesday,False
151,"Monsters, Inc.",2001-11-29,252054,2848207.54,2001,11,Thursday,False
151,"Monsters, Inc.",2001-11-30,296719,3352926.05,2001,11,Friday,False
151,"Monsters, Inc.",2001-12-01,346505,3915506.88,2001,12,Saturday,True
151,"Monsters, Inc.",2001-12-02,326326,3687485.51,2001,12,Sunday,True
151,"Monsters, Inc.",2001-12-03,198273,2240479.4,2001,12,Monday,False
151,"Monsters, Inc.",2001-12-04,186726,2110004.04,2001,12,Tuesday,False
151,"Monsters, Inc.",2001-12-05,175852,1987126.97,2001,12,Wednesday,False
151,"Monsters, Inc.",2001-12-06,165611,1871405.7,2001,12,Thursday,False
151,"Monsters, Inc.",2001-12-07,194958,2203029.4,2001,12,Friday,False
151,"Monsters, Inc.",2001-12-08,227670,2572671.34,2001,12,Saturday,True
151,"Monsters, Inc.",2001-12-09,214412,2422850.63,2001,12,Sunday,True
151,"Monsters, Inc.",2001-12-10,130274,1472099.87,2001,12,Monday,False
151,"Monsters, Inc.",2001-12-11,122688,1386371.44,2001,12,Tuesday,False
151,"Monsters, Inc.",2001-12-12,115543,1305635.46,2001,12,Wednesday,False
151,"Monsters, Inc.",2001-12-13,108814,1229601.17,2001,12,Thursday,False
151,"Monsters, Inc.",2001-12-14,128097,1447493.46,2001,12,Friday,False
151,"Monsters, Inc.",2001-12-15,149590,1690365.53,2001,12,Saturday,True
151,"Monsters, Inc.",2001-12-16,140878,1591926.3,2001,12,Sunday,True
151,"Monsters, Inc.",2001-12-17,85596,967238.54,2001,12,Monday,False
151,"Monsters, Inc.",2001-12-18,80612,910910.95,2001,12,Tuesday,False
151,"Monsters, Inc.",2001-12-19,75917,857863.62,2001,12,Wednesday,False
151,"Monsters, Inc.",2001-12-20,71496,807905.54,2001,12,Thursday,False
151,"Monsters, Inc.",2001-12-21,84166,951070.98,2001,12,Friday,False
151,"Monsters, Inc.",2001-12-22,98288,1110649.29,2001,12,Saturday,True
151,"Monsters, Inc.",2001-12-23,92564,1045970.11,2001,12,Sunday,True
151,"Monsters, Inc.",2001-12-24,56241,635521.0,2001,12,Monday,False
151,"Monsters, Inc.",2001-12-25,52966,598511.14,2001,12,Tuesday,False
151,"Monsters, Inc.",2001-12-26,49881,563656.57,2001,12,Wednesday,False
151,"Monsters, Inc.",2001-12-27,46976,530831.76,2001,12,Thursday,False
2016,Home Alone,1990-11-16,2089726,17762674.3,1990,11,Friday,False
2016,Home Alone,1990-11-17,2440357,20743038.28,1990,11,Saturday,True
2016,Home Alone,1990-11-18,2298242,19535057.78,1990,11,Sunday,True
2016,Home Alone,1990-11-19,1396389,11869306.18,1990,11,Monday,False
2016,Home Alone,1990-11-20,1315070,11178091.6,1990,11,Tuesday,False
2016,Home Alone,1990-11-21,1238486,10527130.22,1990,11,Wednesday,False
2016,Home Alone,1990-11-22,1166362,9914077.88,1990,11,Thursday,False
2016,Home Alone,1990-11-23,1373048,11670908.66,1990,11,Friday,False
2016,Home Alone,1990-11-24,1603429,13629147.34,1990,11,Saturday,True
2016,Home Alone,1990-11-25,1510053,12835447.59,1990,11,Sunday,True
2016,Home Alone,1990-11-26,917493,7798689.88,1990,11,Monday,False
2016,Home Alone,1990-11-27,864062,7344529.53,1990,11,Tuesday,False
2016,Home Alone,1990-11-28,813743,6916817.43,1990,11,Wednesday,False
2016,Home Alone,1990-11-29,766355,6514013.34,1990,11,Thursday,False
2016,Home Alone,1990-11-30,902157,7668333.42,1990,11,Friday,False
2016,Home Alone,1990-12-01,1053528,8954987.92,1990,12,Saturday,True
2016,Home Alone,1990-12-02,992175,8433490.02,1990,12,Sunday,True
2016,Home Alone,1990-12-03,602836,5124104.38,1990,12,Monday,False
2016,Home Alone,1990-12-04,567729,4825699.77,1990,12,Tuesday,False
2016,Home Alone,1990-12-05,534667,4544672.9,1990,12,Wednesday,False
2016,Home Alone,1990-12-06,503531,4280011.75,1990,12,Thursday,False
2016,Home Alone,1990-12-07,592759,5038454.09,1990,12,Friday,False
2016,Home Alone,1990-12-08,692217,5883846.33,1990,12,Saturday,True
2016,Home Alone,1990-12-09,651906,5541197.8,1990,12,Sunday,True
2016,Home Alone,1990-12-10,396091,3366776.49,1990,12,Monday,False
2016,Home Alone,1990-12-11,373025,3170710.69,1990,12,Tuesday,False
2016,Home Alone,1990-12-12,351302,2986062.87,1990,12,Wednesday,False
2016,Home Alone,1990-12-13,330843,2812168.11,1990,12,Thursday,False
2016,Home Alone,1990-12-14,389471,3310500.24,1990,12,Friday,False
2016,Home Alone,1990-12-15,454819,3865962.52,1990,12,Saturday,True
2016,Home Alone,1990-12-16,428333,3640826.39,1990,12,Sunday,True
2016,Home Alone,1990-12-17,260251,2212129.79,1990,12,Monday,False
2016,Home Alone,1990-12-18,245095,2083305.38,1990,12,Tuesday,False
2016,Home Alone,1990-12-19,230822,1961983.12,1990,12,Wednesday,False
2016,Home Alone,1990-12-20,217380,1847726.11,1990,12,Thursday,False
2016,Home Alone,1990-12-21,255900,2175153.65,1990,12,Friday,False
2016,Home Alone,1990-12-22,298837,2540118.38,1990,12,Saturday,True
2016,Home Alone,1990-12-23,281435,2392193.4,1990,12,Sunday,True
2016,Home Alone,1990-12-24,170997,1453472.84,1990,12,Monday,False
2016,Home Alone,1990-12-25,161039,1368829.17,1990,12,Tuesday,False
2016,Home Alone,1990-12-26,151661,1289114.77,1990,12,Wednesday,False
2016,Home Alone,1990-12-27,142829,1214042.57,1990,12,Thursday,False
2016,Home Alone,1990-12-28,168139,1429177.79,1990,12,Friday,False
2016,Home Alone,1990-12-29,196350,1668976.7,1990,12,Saturday,True
2016,Home Alone,1990-12-30,184916,1571783.07,1990,12,Sunday,True
2016,Home Alone,1990-12-31,112353,954999.71,1990,12,Monday,False
2016,Home Alone,1991-01-01,105810,899384.85,1991,1,Tuesday,False
2016,Home Alone,1991-01-02,99648,847008.76,1991,1,Wednesday,False
2016,Home Alone,1991-01-03,93845,797682.81,1991,1,Thursday,False
2016,Home Alone,1991-01-04,110475,939036.72,1991,1,Friday,False
2016,Home Alone,1991-01-05,129011,1096595.84,1991,1,Saturday,True
2016,Home Alone,1991-01-06,121498,1032735.07,1991,1,Sunday,True
2016,Home Alone,1991-01-07,73821,627479.52,1991,1,Monday,False
2016,Home Alone,1991-01-08,69522,590937.96,1991,1,Tuesday,False
2016,Home Alone,1991-01-09,65473,556524.41,1991,1,Wednesday,False
2016,Home Alone,1991-01-10,61661,524114.95,1991,1,Thursday,False
3451,Dune: Part Two,2024-03-01,1811650,17573000.65,2024,3,Friday,False
3451,Dune: Part Two,2024-03-02,2115623,20521539.66,2024,3,Saturday,True
3451,Dune: Part Two,2024-03-03,1992418,19326458.23,2024,3,Sunday,True
3451,Dune: Part Two,2024-03-04,1210574,11742563.17,2024,3,Monday,False
3451,Dune: Part Two,2024-03-05,1140075,11058729.53,2024,3,Tuesday,False
3451,Dune: Part Two,2024-03-06,1073682,10414719.26,2024,3,Wednesday,False
3451,Dune: Part Two,2024-03-07,1011156,9808213.22,2024,3,Thursday,False
3451,Dune: Part Two,2024-03-08,1190339,11546284.19,2024,3,Friday,False
3451,Dune: Part Two,2024-03-09,1390063,13483612.37,2024,3,Saturday,True
3451,Dune: Part Two,2024-03-10,1309112,12698387.92,2024,3,Sunday,True
3451,Dune: Part Two,2024-03-11,795403,7715413.79,2024,3,Monday,False
3451,Dune: Part Two,2024-03-12,749083,7266103.07,2024,3,Tuesday,False
3451,Dune: Part Two,2024-03-13,705460,6842958.17,2024,3,Wednesday,False
3451,Dune: Part Two,2024-03-14,664377,6444455.31,2024,3,Thursday,False
3451,Dune: Part Two,2024-03-15,782108,7586449.31,2024,3,Friday,False
3451,Dune: Part Two,2024-03-16,913337,8859364.63,2024,3,Saturday,True
3451,Dune: Part Two,2024-03-17,860148,8343435.4,2024,3,Sunday,True
3451,Dune: Part Two,2024-03-18,522617,5069388.09,2024,3,Monday,False
3451,Dune: Part Two,2024-03-19,492182,4774169.91,2024,3,Tuesday,False
3451,Dune: Part Two,2024-03-20,463520,4496143.9,2024,3,Wednesday,False
3451,Dune: Part Two,2024-03-21,436527,4234308.86,2024,3,Thursday,False
3451,Dune: Part Two,2024-03-22,513882,4984652.39,2024,3,Friday,False
3451,Dune: Part Two,2024-03-23,600105,5821017.35,2024,3,Saturday,True
3451,Dune: Part Two,2024-03-24,565157,5482027.69,2024,3,Sunday,True
3451,Dune: Part Two,2024-03-25,343384,3330825.33,2024,3,Monday,False
3451,Dune: Part Two,2024-03-26,323387,3136853.16,2024,3,Tuesday,False
3451,Dune: Part Two,2024-03-27,304554,2954177.05,2024,3,Wednesday,False
3451,Dune: Part Two,2024-03-28,286818,2782139.17,2024,3,Thursday,False
3451,Dune: Part Two,2024-03-29,337644,3275150.0,2024,3,Friday,False
3451,Dune: Part Two,2024-03-30,394297,3824680.94,2024,3,Saturday,True
3451,Dune: Part Two,2024-03-31,371335,3601948.86,2024,3,Sunday,True
3451,Dune: Part Two,2024-04-01,225619,2188508.19,2024,4,Monday,False
3451,Dune: Part Two,2024-04-02,212480,2061059.39,2024,4,Tuesday,False
3451,Dune: Part Two,2024-04-03,200106,1941032.64,2024,4,Wednesday,False
3451,Dune: Part Two,2024-04-04,188453,1827995.7,2024,4,Thursday,False
3451,Dune: Part Two,2024-04-05,221848,2151926.89,2024,4,Friday,False
3451,Dune: Part Two,2024-04-06,259072,2512994.45,2024,4,Saturday,True
3451,Dune: Part Two,2024-04-07,243984,2366649.05,2024,4,Sunday,True
3451,Dune: Part Two,2024-04-08,148243,1437952.34,2024,4,Monday,False
3451,Dune: Part Two,2024-04-09,139610,1354212.52,2024,4,Tuesday,False
3451,Dune: Part Two,2024-04-10,131479,1275349.32,2024,4,Wednesday,False
3451,Dune: Part Two,2024-04-11,123823,1201078.76,2024,4,Thursday,False
3451,Dune: Part Two,2024-04-12,145765,1413916.72,2024,4,Friday,False
3451,Dune: Part Two,2024-04-13,170222,1651155.01,2024,4,Saturday,True
3451,Dune: Part Two,2024-04-14,160309,1554999.23,2024,4,Sunday,True
3451,Dune: Part Two,2024-04-15,97402,944802.02,2024,4,Monday,False
3451,Dune: Part Two,2024-04-16,91730,889781.03,2024,4,Tuesday,False
3451,Dune: Part Two,2024-04-17,86388,837964.22,2024,4,Wednesday,False
3451,Dune: Part Two,2024-04-18,81357,789164.98,2024,4,Thursday,False
3451,Dune: Part Two,2024-04-19,95774,929009.49,2024,4,Friday,False
3451,Dune: Part Two,2024-04-20,111844,1084886.15,2024,4,Saturday,True
3451,Dune: Part Two,2024-04-21,105331,1021707.3,2024,4,Sunday,True
3451,Dune: Part Two,2024-04-22,63998,620779.16,2024,4,Monday,False
3451,Dune: Part Two,2024-04-23,60271,584627.8,2024,4,Tuesday,False
3451,Dune: Part Two,2024-04-24,56761,550581.72,2024,4,Wednesday,False
3451,Dune: Part Two,2024-04-25,53455,518518.34,2024,4,Thursday,False
42,The Matrix Reloaded,2003-05-15,1521043,14145696.54,2003,5,Thursday,False
42,The Matrix Reloaded,2003-05-16,1790580,16652394.13,2003,5,Friday,False
42,The Matrix Reloaded,2003-05-17,2091018,19446466.4,2003,5,Saturday,True
42,The Matrix Reloaded,2003-05-18,1969246,18313992.35,2003,5,Sunday,True
42,The Matrix Reloaded,2003-05-19,1196495,11127399.01,2003,5,Monday,False
42,The Matrix Reloaded,2003-05-20,1126816,10479389.74,2003,5,Tuesday,False
42,The Matrix Reloaded,2003-05-21,1061195,9869117.59,2003,5,Wednesday,False
42,The Matrix Reloaded,2003-05-22,999396,9294384.92,2003,5,Thursday,False
42,The Matrix Reloaded,2003-05-23,1176495,10941402.6,2003,5,Friday,False
42,The Matrix Reloaded,2003-05-24,1373897,12777238.9,2003,5,Saturday,True
42,The Matrix Reloaded,2003-05-25,1293887,12033150.43,2003,5,Sunday,True
42,The Matrix Reloaded,2003-05-26,786153,7311222.13,2003,5,Monday,False
42,The Matrix Reloaded,2003-05-27,740371,6885449.7,2003,5,Tuesday,False
42,The Matrix Reloaded,2003-05-28,697255,6484472.33,2003,5,Wednesday,False
42,The Matrix Reloaded,2003-05-29,656650,6106846.06,2003,5,Thursday,False
42,The Matrix Reloaded,2003-05-30,773012,7189013.79,2003,5,Friday,False
42,The Matrix Reloaded,2003-05-31,902714,8395244.19,2003,5,Saturday,True
42,The Matrix Reloaded,2003-06-01,850144,7906343.23,2003,6,Sunday,True
42,The Matrix Reloaded,2003-06-02,516539,4803815.25,2003,6,Monday,False
42,The Matrix Reloaded,2003-06-03,486458,4524062.83,2003,6,Tuesday,False
42,The Matrix Reloaded,2003-06-04,458129,4260601.92,2003,6,Wednesday,False
42,The Matrix Reloaded,2003-06-05,431450,4012483.78,2003,6,Thursday,False
42,The Matrix Reloaded,2003-06-06,507905,4723518.65,2003,6,Friday,False
42,The Matrix Reloaded,2003-06-07,593126,5516068.49,2003,6,Saturday,True
42,The Matrix Reloaded,2003-06-08,558585,5194837.67,2003,6,Sunday,True
42,The Matrix Reloaded,2003-06-09,339390,3156331.53,2003,6,Monday,False
42,The Matrix Reloaded,2003-06-10,319626,2972521.1,2003,6,Tuesday,False
42,The Matrix Reloaded,2003-06-11,301012,2799414.94,2003,6,Wednesday,False
42,The Matrix Reloaded,2003-06-12,283483,2636389.71,2003,6,Thursday,False
42,The Matrix Reloaded,2003-06-13,333718,3103572.9,2003,6,Friday,False
42,The Matrix Reloaded,2003-06-14,389711,3624315.26,2003,6,Saturday,True
42,The Matrix Reloaded,2003-06-15,367016,3413251.57,2003,6,Sunday,True
42,The Matrix Reloaded,2003-06-16,222995,2073857.6,2003,6,Monday,False
42,The Matrix Reloaded,2003-06-17,210009,1953085.53,2003,6,Tuesday,False
42,The Matrix Reloaded,2003-06-18,197779,1839346.69,2003,6,Wednesday,False
42,The Matrix Reloaded,2003-06-19,186261,1732231.47,2003,6,Thursday,False
42,The Matrix Reloaded,2003-06-20,219268,2039192.71,2003,6,Friday,False
42,The Matrix Reloaded,2003-06-21,256059,2381344.82,2003,6,Saturday,True
42,The Matrix Reloaded,2003-06-22,241147,2242666.09,2003,6,Sunday,True
42,The Matrix Reloaded,2003-06-23,146518,1362621.54,2003,6,Monday,False
42,The Matrix Reloaded,2003-06-24,137986,1283268.64,2003,6,Tuesday,False
42,The Matrix Reloaded,2003-06-25,129950,1208536.89,2003,6,Wednesday,False
42,The Matrix Reloaded,2003-06-26,122382,1138157.18,2003,6,Thursday,False
42,The Matrix Reloaded,2003-06-27,144069,1339845.08,2003,6,Friday,False
42,The Matrix Reloaded,2003-06-28,168242,1564655.04,2003,6,Saturday,True
42,The Matrix Reloaded,2003-06-29,158445,1473536.62,2003,6,Sunday,True
42,The Matrix Reloaded,2003-06-30,96269,895306.15,2003,6,Monday,False
42,The Matrix Reloaded,2003-07-01,90663,843167.58,2003,7,Tuesday,False
42,The Matrix Reloaded,2003-07-02,85383,794065.32,2003,7,Wednesday,False
42,The Matrix Reloaded,2003-07-03,80411,747822.56,2003,7,Thursday,False
42,The Matrix Reloaded,2003-07-04,94660,880340.95,2003,7,Friday,False
42,The Matrix Reloaded,2003-07-05,110543,1028051.62,2003,7,Saturday,True
42,The Matrix Reloaded,2003-07-06,104106,968182.55,2003,7,Sunday,True
42,The Matrix Reloaded,2003-07-07,63254,588258.06,2003,7,Monday,False
42,The Matrix Reloaded,2003-07-08,59570,554000.58,2003,7,Tuesday,False
42,The Matrix Reloaded,2003-07-09,56101,521738.09,2003,7,Wednesday,False
555,Meet the Fockers,2004-12-22,1460181,14163756.12,2004,12,Wednesday,False
555,Meet the Fockers,2004-12-23,1375147,13338923.18,2004,12,Thursday,False
555,Meet the Fockers,2004-12-24,1618831,15702655.96,2004,12,Friday,False
555,Meet the Fockers,2004-12-25,1890451,18337373.53,2004,12,Saturday,True
555,Meet the Fockers,2004-12-26,1780360,17269488.03,2004,12,Sunday,True
555,Meet the Fockers,2004-12-27,1081729,10492768.61,2004,12,Monday,False
555,Meet the Fockers,2004-12-28,1018734,9881717.33,2004,12,Tuesday,False
555,Meet the Fockers,2004-12-29,959407,9306250.92,2004,12,Wednesday,False
555,Meet the Fockers,2004-12-30,903536,8764297.05,2004,12,Thursday,False
555,Meet the Fockers,2004-12-31,1063647,10317380.16,2004,12,Friday,False
555,Meet the Fockers,2005-01-01,1242115,12048512.96,2005,1,Saturday,True
555,Meet the Fockers,2005-01-02,1169780,11346862.19,2005,1,Sunday,True
555,Meet the Fockers,2005-01-03,710746,6894240.24,2005,1,Monday,False
555,Meet the Fockers,2005-01-04,669356,6492750.95,2005,1,Tuesday,False
555,Meet the Fockers,2005-01-05,630376,6114642.57,2005,1,Wednesday,False
555,Meet the Fockers,2005-01-06,593665,5758553.51,2005,1,Thursday,False
555,Meet the Fockers,2005-01-07,698866,6779001.82,2005,1,Friday,False
555,Meet the Fockers,2005-01-08,816128,7916437.13,2005,1,Saturday,True
555,Meet the Fockers,2005-01-09,768600,7455419.72,2005,1,Sunday,True
555,Meet the Fockers,2005-01-10,466994,4529838.63,2005,1,Monday,False
555,Meet the Fockers,2005-01-11,439798,4266041.36,2005,1,Tuesday,False
555,Meet the Fockers,2005-01-12,414186,4017606.45,2005,1,Wednesday,False
555,Meet the Fockers,2005-01-13,390066,3783639.27,2005,1,Thursday,False
555,Meet the Fockers,2005-01-14,459188,4454121.59,2005,1,Friday,False
555,Meet the Fockers,2005-01-15,536234,5201469.84,2005,1,Saturday,True
555,Meet the Fockers,2005-01-16,505006,4898559.82,2005,1,Sunday,True
555,Meet the Fockers,2005-01-17,306837,2976316.06,2005,1,Monday,False
555,Meet the Fockers,2005-01-18,288968,2802988.91,2005,1,Tuesday,False
555,Meet the Fockers,2005-01-19,272140,2639755.54,2005,1,Wednesday,False
555,Meet the Fockers,2005-01-20,256292,2486028.15,2005,1,Thursday,False
555,Meet the Fockers,2005-01-21,301708,2926566.42,2005,1,Friday,False
555,Meet the Fockers,2005-01-22,352331,3417609.22,2005,1,Saturday,True
555,Meet the Fockers,2005-01-23,331813,3218583.15,2005,1,Sunday,True
555,Meet the Fockers,2005-01-24,201606,1955579.01,2005,1,Monday,False
555,Meet the Fockers,2005-01-25,189865,1841694.95,2005,1,Tuesday,False
555,Meet the Fockers,2005-01-26,178809,1734442.99,2005,1,Wednesday,False
555,Meet the Fockers,2005-01-27,168396,1633436.89,2005,1,Thursday,False
555,Meet the Fockers,2005-01-28,198236,1922891.16,2005,1,Friday,False
555,Meet the Fockers,2005-01-29,231498,2245529.27,2005,1,Saturday,True
555,Meet the Fockers,2005-01-30,218016,2114759.82,2005,1,Sunday,True
555,Meet the Fockers,2005-01-31,132465,1284906.97,2005,1,Monday,False
555,Meet the Fockers,2005-02-01,124750,1210079.81,2005,2,Tuesday,False
555,Meet the Fockers,2005-02-02,117486,1139610.25,2005,2,Wednesday,False
555,Meet the Fockers,2005-02-03,110644,1073244.51,2005,2,Thursday,False
555,Meet the Fockers,2005-02-04,130250,1263429.52,2005,2,Friday,False
555,Meet the Fockers,2005-02-05,152105,1475417.86,2005,2,Saturday,True
555,Meet the Fockers,2005-02-06,143247,1389496.22,2005,2,Sunday,True
555,Meet the Fockers,2005-02-07,87035,844244.04,2005,2,Monday,False
555,Meet the Fockers,2005-02-08,81967,795079.09,2005,2,Tuesday,False
555,Meet the Fockers,2005-02-09,77194,748777.29,2005,2,Wednesday,False
555,Meet the Fockers,2005-02-10,72698,705171.89,2005,2,Thursday,False
555,Meet the Fockers,2005-02-11,85581,830132.35,2005,2,Friday,False
555,Meet the Fockers,2005-02-12,99940,969418.61,2005,2,Saturday,True
555,Meet the Fockers,2005-02-13,94120,912964.07,2005,2,Sunday,True
555,Meet the Fockers,2005-02-14,57186,554707.86,2005,2,Monday,False
555,Meet the Fockers,2005-02-15,53856,522404.19,2005,2,Tuesday,False
1092,The Hangover,2009-06-05,1706745,17238129.45,2009,6,Friday,False
1092,The Hangover,2009-06-06,1993117,20130481.08,2009,6,Saturday,True
1092,The Hangover,2009-06-07,1877047,18958173.13,2009,6,Sunday,True
1092,The Hangover,2009-06-08,1140475,11518796.82,2009,6,Monday,False
1092,The Hangover,2009-06-09,1074059,10847994.32,2009,6,Tuesday,False
1092,The Hangover,2009-06-10,1011511,10216256.31,2009,6,Wednesday,False
1092,The Hangover,2009-06-11,952605,9621307.86,2009,6,Thursday,False
1092,The Hangover,2009-06-12,1121412,11326258.13,2009,6,Friday,False
1092,The Hangover,2009-06-13,1309571,13226668.58,2009,6,Saturday,True
1092,The Hangover,2009-06-14,1233308,12456407.36,2009,6,Sunday,True
1092,The Hangover,2009-06-15,749345,7568388.82,2009,6,Monday,False
1092,The Hangover,2009-06-16,705707,7127640.17,2009,6,Tuesday,False
1092,The Hangover,2009-06-17,664610,6712558.72,2009,6,Wednesday,False
1092,The Hangover,2009-06-18,625906,6321649.73,2009,6,Thursday,False
1092,The Hangover,2009-06-19,736820,7441881.89,2009,6,Friday,False
1092,The Hangover,2009-06-20,860450,8690540.53,2009,6,Saturday,True
1092,The Hangover,2009-06-21,810341,8184442.84,2009,6,Sunday,True
1092,The Hangover,2009-06-22,492355,4972785.81,2009,6,Monday,False
1092,The Hangover,2009-06-23,463683,4683193.3,2009,6,Tuesday,False
1092,The Hangover,2009-06-24,436680,4410465.36,2009,6,Wednesday,False
1092,The Hangover,2009-06-25,411249,4153619.85,2009,6,Thursday,False
1092,The Hangover,2009-06-26,484125,4889664.83,2009,6,Friday,False
1092,The Hangover,2009-06-27,565356,5710092.02,2009,6,Saturday,True
1092,The Hangover,2009-06-28,532432,5377562.14,2009,6,Sunday,True
1092,The Hangover,2009-06-29,323500,3267353.1,2009,6,Monday,False
1092,The Hangover,2009-06-30,304661,3077077.27,2009,6,Tuesday,False
1092,The Hangover,2009-07-01,286919,2897882.24,2009,7,Wednesday,False
1092,The Hangover,2009-07-02,270210,2729122.71,2009,7,Thursday,False
1092,The Hangover,2009-07-03,318093,3212738.72,2009,7,Friday,False
1092,The Hangover,2009-07-04,371465,3751797.8,2009,7,Saturday,True
1092,The Hangover,2009-07-05,349833,3533310.1,2009,7,Sunday,True
1092,The Hangover,2009-07-06,212555,2146803.96,2009,7,Monday,False
1092,The Hangover,2009-07-07,200177,2021783.83,2009,7,Tuesday,False
1092,The Hangover,2009-07-08,188519,1904044.31,2009,7,Wednesday,False
1092,The Hangover,2009-07-09,177541,1793161.4,2009,7,Thursday,False
1092,The Hangover,2009-07-10,209002,2110919.76,2009,7,Friday,False
1092,The Hangover,2009-07-11,244070,2465106.81,2009,7,Saturday,True
1092,The Hangover,2009-07-12,229856,2321550.17,2009,7,Sunday,True
1092,The Hangover,2009-07-13,139658,1410550.72,2009,7,Monday,False
1092,The Hangover,2009-07-14,131525,1328406.64,2009,7,Tuesday,False
1092,The Hangover,2009-07-15,123866,1251046.26,2009,7,Wednesday,False
1092,The Hangover,2009-07-16,116653,1178191.0,2009,7,Thursday,False
1092,The Hangover,2009-07-17,137324,1386973.12,2009,7,Friday,False
1092,The Hangover,2009-07-18,160365,1619690.59,2009,7,Saturday,True
1092,The Hangover,2009-07-19,151026,1525367.15,2009,7,Sunday,True
1092,The Hangover,2009-07-20,91762,926797.86,2009,7,Monday,False
1092,The Hangover,2009-07-21,86418,872825.36,2009,7,Tuesday,False
1092,The Hangover,2009-07-22,81386,821995.97,2009,7,Wednesday,False
1092,The Hangover,2009-07-23,76646,774126.65,2009,7,Thursday,False
1092,The Hangover,2009-07-24,90228,911306.28,2009,7,Friday,False
1092,The Hangover,2009-07-25,105368,1064212.55,2009,7,Saturday,True
1092,The Hangover,2009-07-26,99231,1002237.64,2009,7,Sunday,True
1092,The Hangover,2009-07-27,60292,608949.59,2009,7,Monday,False
1092,The Hangover,2009-07-28,56781,573487.12,2009,7,Tuesday,False
1092,The Hangover,2009-07-29,53474,540089.83,2009,7,Wednesday,False
1092,The Hangover,2009-07-30,50360,508637.45,2009,7,Thursday,False
392,Sing,2016-12-21,1613568,13715327.31,2016,12,Wednesday,False
392,Sing,2016-12-22,1519601,12916608.83,2016,12,Thursday,False
392,Sing,2016-12-23,1788883,15205505.11,2016,12,Friday,False
392,Sing,2016-12-24,2089036,17756806.73,2016,12,Saturday,True
392,Sing,2016-12-25,1967380,16722730.81,2016,12,Sunday,True
392,Sing,2016-12-26,1195361,10160564.37,2016,12,Monday,False
392,Sing,2016-12-27,1125748,9568859.17,2016,12,Tuesday,False
392,Sing,2016-12-28,1060190,9011612.19,2016,12,Wednesday,False
392,Sing,2016-12-29,998449,8486816.75,2016,12,Thursday,False
392,Sing,2016-12-30,1175380,9990728.78,2016,12,Friday,False
392,Sing,2016-12-31,1372595,11667053.39,2016,12,Saturday,True
392,Sing,2017-01-01,1292661,10987617.1,2017,1,Sunday,True
392,Sing,2017-01-02,785408,6675966.51,2017,1,Monday,False
392,Sing,2017-01-03,739669,6287188.49,2017,1,Tuesday,False
392,Sing,2017-01-04,696594,5921051.13,2017,1,Wednesday,False
392,Sing,2017-01-05,656028,5576235.96,2017,1,Thursday,False
392,Sing,2017-01-06,772280,6564376.57,2017,1,Friday,False
392,Sing,2017-01-07,901859,7665800.33,2017,1,Saturday,True
392,Sing,2017-01-08,849339,7219378.87,2017,1,Sunday,True
392,Sing,2017-01-09,516050,4386422.56,2017,1,Monday,False
392,Sing,2017-01-10,485997,4130977.2,2017,1,Tuesday,False
392,Sing,2017-01-11,457695,3890407.82,2017,1,Wednesday,False
392,Sing,2017-01-12,431041,3663848.1,2017,1,Thursday,False
392,Sing,2017-01-13,507424,4313102.75,2017,1,Friday,False
392,Sing,2017-01-14,592563,5036789.73,2017,1,Saturday,True
392,Sing,2017-01-15,558055,4743469.93,2017,1,Sunday,True
392,Sing,2017-01-16,339069,2882085.0,2017,1,Monday,False
392,Sing,2017-01-17,319323,2714245.43,2017,1,Tuesday,False
392,Sing,2017-01-18,300727,2556180.08,2017,1,Wednesday,False
392,Sing,2017-01-19,283214,2407319.74,2017,1,Thursday,False
392,Sing,2017-01-20,333401,2833910.45,2017,1,Friday,False
392,Sing,2017-01-21,389342,3309406.67,2017,1,Saturday,True
392,Sing,2017-01-22,366668,3116681.83,2017,1,Sunday,True
392,Sing,2017-01-23,222784,1893664.78,2017,1,Monday,False
392,Sing,2017-01-24,209810,1783386.33,2017,1,Tuesday,False
392,Sing,2017-01-25,197592,1679529.99,2017,1,Wednesday,False
392,Sing,2017-01-26,186085,1581721.78,2017,1,Thursday,False
392,Sing,2017-01-27,219060,1862011.85,2017,1,Friday,False
392,Sing,2017-01-28,255816,2174435.13,2017,1,Saturday,True
392,Sing,2017-01-29,240918,2047805.89,2017,1,Sunday,True
392,Sing,2017-01-30,146380,1244226.42,2017,1,Monday,False
392,Sing,2017-01-31,137855,1171768.32,2017,1,Tuesday,False
392,Sing,2017-02-01,129827,1103529.84,2017,2,Wednesday,False
392,Sing,2017-02-02,122267,1039265.27,2017,2,Thursday,False
392,Sing,2017-02-03,143933,1223428.96,2017,2,Friday,False
392,Sing,2017-02-04,168083,1428705.69,2017,2,Saturday,True
392,Sing,2017-02-05,158295,1345504.34,2017,2,Sunday,True
392,Sing,2017-02-06,96178,817515.01,2017,2,Monday,False
392,Sing,2017-02-07,90577,769906.65,2017,2,Tuesday,False
392,Sing,2017-02-08,85302,725070.77,2017,2,Wednesday,False
392,Sing,2017-02-09,80335,682845.94,2017,2,Thursday,False
392,Sing,2017-02-10,94571,803850.11,2017,2,Friday,False
392,Sing,2017-02-11,110438,938726.53,2017,2,Saturday,True
392,Sing,2017-02-12,104007,884059.35,2017,2,Sunday,True
392,Sing,2017-02-13,63194,537145.64,2017,2,Monday,False
392,Sing,2017-02-14,59513,505864.71,2017,2,Tuesday,False
728,Shrek,2001-05-18,1957318,16637206.42,2001,5,Friday,False
728,Shrek,2001-05-19,2285733,19428730.37,2001,5,Saturday,True
728,Shrek,2001-05-20,2152622,18297289.19,2001,5,Sunday,True
728,Shrek,2001-05-21,1307912,11117250.34,2001,5,Monday,False
728,Shrek,2001-05-22,1231745,10469832.08,2001,5,Tuesday,False
728,Shrek,2001-05-23,1160014,9860116.52,2001,5,Wednesday,False
728,Shrek,2001-05-24,1092460,9285908.04,2001,5,Thursday,False
728,Shrek,2001-05-25,1286050,10931423.57,2001,5,Friday,False
728,Shrek,2001-05-26,1501834,12765585.5,2001,5,Saturday,True
728,Shrek,2001-05-27,1414374,12022175.68,2001,5,Sunday,True
728,Shrek,2001-05-28,859359,7304553.98,2001,5,Monday,False
728,Shrek,2001-05-29,809314,6879169.87,2001,5,Tuesday,False
728,Shrek,2001-05-30,762183,6478558.21,2001,5,Wednesday,False
728,Shrek,2001-05-31,717797,6101276.35,2001,5,Thursday,False
728,Shrek,2001-06-01,844995,7182457.09,2001,6,Friday,False
728,Shrek,2001-06-02,986775,8387587.36,2001,6,Saturday,True
728,Shrek,2001-06-03,929310,7899132.3,2001,6,Sunday,True
728,Shrek,2001-06-04,564639,4799433.96,2001,6,Monday,False
728,Shrek,2001-06-05,531757,4519936.69,2001,6,Tuesday,False
728,Shrek,2001-06-06,500790,4256716.07,2001,6,Wednesday,False
728,Shrek,2001-06-07,471626,4008824.22,2001,6,Thursday,False
728,Shrek,2001-06-08,555201,4719210.59,2001,6,Friday,False
728,Shrek,2001-06-09,648357,5511037.6,2001,6,Saturday,True
728,Shrek,2001-06-10,610600,5190099.75,2001,6,Sunday,True
728,Shrek,2001-06-11,370994,3153452.82,2001,6,Monday,False
728,Shrek,2001-06-12,349389,2969810.03,2001,6,Tuesday,False
728,Shrek,2001-06-13,329043,2796861.75,2001,6,Wednesday,False
728,Shrek,2001-06-14,309881,2633985.21,2001,6,Thursday,False
728,Shrek,2001-06-15,364793,3100742.31,2001,6,Friday,False
728,Shrek,2001-06-16,426001,3621009.73,2001,6,Saturday,True
728,Shrek,2001-06-17,401193,3410138.54,2001,6,Sunday,True
728,Shrek,2001-06-18,243761,2071966.15,2001,6,Monday,False
728,Shrek,2001-06-19,229565,1951304.23,2001,6,Tuesday,False
728,Shrek,2001-06-20,216196,1837669.12,2001,6,Wednesday,False
728,Shrek,2001-06-21,203606,1730651.6,2001,6,Thursday,False
728,Shrek,2001-06-22,239686,2037332.87,2001,6,Friday,False
728,Shrek,2001-06-23,279903,2379172.93,2001,6,Saturday,True
728,Shrek,2001-06-24,263602,2240620.68,2001,6,Sunday,True
728,Shrek,2001-06-25,160162,1361378.77,2001,6,Monday,False
728,Shrek,2001-06-26,150835,1282098.24,2001,6,Tuesday,False
728,Shrek,2001-06-27,142051,1207434.65,2001,6,Wednesday,False
728,Shrek,2001-06-28,133779,1137119.13,2001,6,Thursday,False
728,Shrek,2001-06-29,157485,1338623.09,2001,6,Friday,False
728,Shrek,2001-06-30,183909,1563228.01,2001,6,Saturday,True
728,Shrek,2001-07-01,173199,1472192.69,2001,7,Sunday,True
728,Shrek,2001-07-02,105234,894489.59,2001,7,Monday,False
728,Shrek,2001-07-03,99106,842398.57,2001,7,Tuesday,False
728,Shrek,2001-07-04,93334,793341.1,2001,7,Wednesday,False
728,Shrek,2001-07-05,87899,747140.51,2001,7,Thursday,False
728,Shrek,2001-07-06,103475,879538.04,2001,7,Friday,False
728,Shrek,2001-07-07,120837,1027113.99,2001,7,Saturday,True
728,Shrek,2001-07-08,113800,967299.53,2001,7,Sunday,True
728,Shrek,2001-07-09,69144,587721.54,2001,7,Monday,False
728,Shrek,2001-07-10,65117,553495.3,2001,7,Tuesday,False
728,Shrek,2001-07-11,61325,521262.25,2001,7,Wednesday,False
728,Shrek,2001-07-12,57754,490906.3,2001,7,Thursday,False
393,Despicable Me 3,2017-06-30,1848182,16448820.02,2017,6,Friday,False
393,Despicable Me 3,2017-07-01,2158285,19208734.99,2017,7,Saturday,True
393,Despicable Me 3,2017-07-02,2032596,18090105.34,2017,7,Sunday,True
393,Despicable Me 3,2017-07-03,1234985,10991367.5,2017,7,Monday,False
393,Despicable Me 3,2017-07-04,1163065,10351280.09,2017,7,Tuesday,False
393,Despicable Me 3,2017-07-05,1095334,9748468.46,2017,7,Wednesday,False
393,Despicable Me 3,2017-07-06,1031546,9180761.85,2017,7,Thursday,False
393,Despicable Me 3,2017-07-07,1214342,10807644.88,2017,7,Friday,False
393,Despicable Me 3,2017-07-08,1418094,12621038.23,2017,7,Saturday,True
393,Despicable Me 3,2017-07-09,1335511,11886046.19,2017,7,Sunday,True
393,Despicable Me 3,2017-07-10,811443,7221843.06,2017,7,Monday,False
393,Despicable Me 3,2017-07-11,764188,6801275.66,2017,7,Tuesday,False
393,Despicable Me 3,2017-07-12,719685,6405200.2,2017,7,Wednesday,False
393,Despicable Me 3,2017-07-13,677774,6032190.38,2017,7,Thursday,False
393,Despicable Me 3,2017-07-14,797880,7101128.7,2017,7,Friday,False
393,Despicable Me 3,2017-07-15,931754,8292613.04,2017,7,Saturday,True
393,Despicable Me 3,2017-07-16,877493,7809688.85,2017,7,Sunday,True
393,Despicable Me 3,2017-07-17,533156,4745089.02,2017,7,Monday,False
393,Despicable Me 3,2017-07-18,502107,4468756.54,2017,7,Tuesday,False
393,Despicable Me 3,2017-07-19,472867,4208516.42,2017,7,Wednesday,False
393,Despicable Me 3,2017-07-20,445329,3963431.51,2017,7,Thursday,False
393,Despicable Me 3,2017-07-21,524244,4665774.03,2017,7,Friday,False
393,Despicable Me 3,2017-07-22,612206,5448635.02,2017,7,Saturday,True
393,Despicable Me 3,2017-07-23,576554,5131331.22,2017,7,Sunday,True
393,Despicable Me 3,2017-07-24,350308,3117745.65,2017,7,Monday,False
393,Despicable Me 3,2017-07-25,329908,2936182.28,2017,7,Tuesday,False
393,Despicable Me 3,2017-07-26,310696,2765192.33,2017,7,Wednesday,False
393,Despicable Me 3,2017-07-27,292602,2604160.07,2017,7,Thursday,False
393,Despicable Me 3,2017-07-28,344453,3065631.99,2017,7,Friday,False
393,Despicable Me 3,2017-07-29,402248,3580008.31,2017,7,Saturday,True
393,Despicable Me 3,2017-07-30,378823,3371524.86,2017,7,Sunday,True
393,Despicable Me 3,2017-07-31,230169,2048504.86,2017,7,Monday,False
393,Despicable Me 3,2017-08-01,216765,1929209.23,2017,8,Tuesday,False
393,Despicable Me 3,2017-08-02,204142,1816860.83,2017,8,Wednesday,False
393,Despicable Me 3,2017-08-03,192253,1711055.09,2017,8,Thursday,False
393,Despicable Me 3,2017-08-04,226322,2014263.75,2017,8,Friday,False
393,Despicable Me 3,2017-08-05,264296,2352233.08,2017,8,Saturday,True
393,Despicable Me 3,2017-08-06,248904,2215249.69,2017,8,Sunday,True
393,Despicable Me 3,2017-08-07,151232,1345963.61,2017,8,Monday,False
393,Despicable Me 3,2017-08-08,142425,1267580.79,2017,8,Tuesday,False
393,Despicable Me 3,2017-08-09,134131,1193762.63,2017,8,Wednesday,False
393,Despicable Me 3,2017-08-10,126319,1124243.31,2017,8,Thursday,False
393,Despicable Me 3,2017-08-11,148704,1323465.59,2017,8,Friday,False
393,Despicable Me 3,2017-08-12,173655,1545527.26,2017,8,Saturday,True
393,Despicable Me 3,2017-08-13,163542,1455522.76,2017,8,Sunday,True
393,Despicable Me 3,2017-08-14,99366,884361.11,2017,8,Monday,False
393,Despicable Me 3,2017-08-15,93580,832859.93,2017,8,Tuesday,False
393,Despicable Me 3,2017-08-16,88130,784357.94,2017,8,Wednesday,False
393,Despicable Me 3,2017-08-17,82998,738680.49,2017,8,Thursday,False
393,Despicable Me 3,2017-08-18,97705,869578.86,2017,8,Friday,False
393,Despicable Me 3,2017-08-19,114099,1015483.77,2017,8,Saturday,True
393,Despicable Me 3,2017-08-20,107455,956346.6,2017,8,Sunday,True
393,Despicable Me 3,2017-08-21,65288,581066.65,2017,8,Monday,False
393,Despicable Me 3,2017-08-22,61486,547227.97,2017,8,Tuesday,False
393,Despicable Me 3,2017-08-23,57906,515359.89,2017,8,Wednesday,False
393,Despicable Me 3,2017-08-24,54533,485347.67,2017,8,Thursday,False
3438,Harry Potter and the Chamber of Secrets,2002-11-15,1495431,16300202.54,2002,11,Friday,False
3438,Harry Potter and the Chamber of Secrets,2002-11-16,1746347,19035181.27,2002,11,Saturday,True
3438,Harry Potter and the Chamber of Secrets,2002-11-17,1644648,17926658.61,2002,11,Sunday,True
3438,Harry Potter and the Chamber of Secrets,2002-11-18,999271,10892058.9,2002,11,Monday,False
3438,Harry Potter and the Chamber of Secrets,2002-11-19,941078,10257754.77,2002,11,Tuesday,False
3438,Harry Potter and the Chamber of Secrets,2002-11-20,886274,9660389.63,2002,11,Wednesday,False
3438,Harry Potter and the Chamber of Secrets,2002-11-21,834662,9097812.34,2002,11,Thursday,False
3438,Harry Potter and the Chamber of Secrets,2002-11-22,982568,10709996.24,2002,11,Friday,False
3438,Harry Potter and the Chamber of Secrets,2002-11-23,1147432,12507005.32,2002,11,Saturday,True
3438,Harry Potter and the Chamber of Secrets,2002-11-24,1080610,11778654.03,2002,11,Sunday,True
3438,Harry Potter and the Chamber of Secrets,2002-11-25,656568,7156592.66,2002,11,Monday,False
3438,Harry Potter and the Chamber of Secrets,2002-11-26,618333,6739825.15,2002,11,Tuesday,False
3438,Harry Potter and the Chamber of Secrets,2002-11-27,582324,6347328.29,2002,11,Wednesday,False
3438,Harry Potter and the Chamber of Secrets,2002-11-28,548412,5977688.66,2002,11,Thursday,False
3438,Harry Potter and the Chamber of Secrets,2002-11-29,645593,7036968.97,2002,11,Friday,False
3438,Harry Potter and the Chamber of Secrets,2002-11-30,753916,8217688.07,2002,11,Saturday,True
3438,Harry Potter and the Chamber of Secrets,2002-12-01,710012,7739127.17,2002,12,Sunday,True
3438,Harry Potter and the Chamber of Secrets,2002-12-02,431396,4702216.45,2002,12,Monday,False
3438,Harry Potter and the Chamber of Secrets,2002-12-03,406273,4428380.68,2002,12,Tuesday,False
3438,Harry Potter and the Chamber of Secrets,2002-12-04,382614,4170491.86,2002,12,Wednesday,False
3438,Harry Potter and the Chamber of Secrets,2002-12-05,360332,3927621.33,2002,12,Thursday,False
3438,Harry Potter and the Chamber of Secrets,2002-12-06,424185,4623618.08,2002,12,Friday,False
3438,Harry Potter and the Chamber of Secrets,2002-12-07,495358,5399405.81,2002,12,Saturday,True
3438,Harry Potter and the Chamber of Secrets,2002-12-08,466511,5084968.9,2002,12,Sunday,True
3438,Harry Potter and the Chamber of Secrets,2002-12-09,283447,3089576.36,2002,12,Monday,False
3438,Harry Potter and the Chamber of Secrets,2002-12-10,266941,2909653.44,2002,12,Tuesday,False
3438,Harry Potter and the Chamber of Secrets,2002-12-11,251395,2740208.42,2002,12,Wednesday,False
3438,Harry Potter and the Chamber of Secrets,2002-12-12,236755,2580631.1,2002,12,Thursday,False
3438,Harry Potter and the Chamber of Secrets,2002-12-13,278710,3037933.56,2002,12,Friday,False
3438,Harry Potter and the Chamber of Secrets,2002-12-14,325474,3547662.42,2002,12,Saturday,True
3438,Harry Potter and the Chamber of Secrets,2002-12-15,306520,3341062.64,2002,12,Sunday,True
3438,Harry Potter and the Chamber of Secrets,2002-12-16,186238,2029996.32,2002,12,Monday,False
3438,Harry Potter and the Chamber of Secrets,2002-12-17,175393,1911778.54,2002,12,Tuesday,False
3438,Harry Potter and the Chamber of Secrets,2002-12-18,165178,1800445.23,2002,12,Wednesday,False
3438,Harry Potter and the Chamber of Secrets,2002-12-19,155559,1695595.46,2002,12,Thursday,False
3438,Harry Potter and the Chamber of Secrets,2002-12-20,183125,1996064.58,2002,12,Friday,False
3438,Harry Potter and the Chamber of Secrets,2002-12-21,213851,2330980.31,2002,12,Saturday,True
3438,Harry Potter and the Chamber of Secrets,2002-12-22,201398,2195234.58,2002,12,Sunday,True
3438,Harry Potter and the Chamber of Secrets,2002-12-23,122367,1333802.63,2002,12,Monday,False
3438,Harry Potter and the Chamber of Secrets,2002-12-24,115241,1256128.01,2002,12,Tuesday,False
3438,Harry Potter and the Chamber of Secrets,2002-12-25,108530,1182976.81,2002,12,Wednesday,False
3438,Harry Potter and the Chamber of Secrets,2002-12-26,102210,1114085.6,2002,12,Thursday,False
3438,Harry Potter and the Chamber of Secrets,2002-12-27,120322,1311507.89,2002,12,Friday,False
3438,Harry Potter and the Chamber of Secrets,2002-12-28,140510,1531563.2,2002,12,Saturday,True
3438,Harry Potter and the Chamber of Secrets,2002-12-29,132328,1442371.9,2002,12,Sunday,True
3438,Harry Potter and the Chamber of Secrets,2002-12-30,80401,876370.78,2002,12,Monday,False
3438,Harry Potter and the Chamber of Secrets,2002-12-31,75719,825334.91,2002,12,Tuesday,False
3438,Harry Potter and the Chamber of Secrets,2003-01-01,71309,777271.15,2003,1,Wednesday,False
3438,Harry Potter and the Chamber of Secrets,2003-01-02,67157,732006.4,2003,1,Thursday,False
3438,Harry Potter and the Chamber of Secrets,2003-01-03,79057,861722.09,2003,1,Friday,False
3438,Harry Potter and the Chamber of Secrets,2003-01-04,92322,1006308.73,2003,1,Saturday,True
3438,Harry Potter and the Chamber of Secrets,2003-01-05,86945,947705.87,2003,1,Sunday,True
3438,Harry Potter and the Chamber of Secrets,2003-01-06,52827,575816.63,2003,1,Monday,False
3438,Harry Potter and the Chamber of Secrets,2003-01-07,49751,542283.68,2003,1,Tuesday,False
3438,Harry Potter and the Chamber of Secrets,2003-01-08,46854,510703.54,2003,1,Wednesday,False
3438,Harry Potter and the Chamber of Secrets,2003-01-09,44125,480962.48,2003,1,Thursday,False
250,The Incredibles,2004-11-05,1747414,16250954.53,2004,11,Friday,False
250,The Incredibles,2004-11-06,2040610,18977670.04,2004,11,Saturday,True
250,The Incredibles,2004-11-07,1921774,17872496.58,2004,11,Sunday,True
250,The Incredibles,2004-11-08,1167651,10859150.58,2004,11,Monday,False
250,The Incredibles,2004-11-09,1099652,10226762.88,2004,11,Tuesday,False
250,The Incredibles,2004-11-10,1035613,9631202.58,2004,11,Wednesday,False
250,The Incredibles,2004-11-11,975304,9070325.0,2004,11,Thursday,False
250,The Incredibles,2004-11-12,1148133,10677637.99,2004,11,Friday,False
250,The Incredibles,2004-11-13,1340776,12469217.75,2004,11,Saturday,True
250,The Incredibles,2004-11-14,1262695,11743067.04,2004,11,Sunday,True
250,The Incredibles,2004-11-15,767201,7134970.36,2004,11,Monday,False
250,The Incredibles,2004-11-16,722523,6719462.03,2004,11,Tuesday,False
250,The Incredibles,2004-11-17,680446,6328151.02,2004,11,Wednesday,False
250,The Incredibles,2004-11-18,640820,5959628.2,2004,11,Thursday,False
250,The Incredibles,2004-11-19,754377,7015708.09,2004,11,Friday,False
250,The Incredibles,2004-11-20,880953,8192859.87,2004,11,Saturday,True
250,The Incredibles,2004-11-21,829650,7715744.85,2004,11,Sunday,True
250,The Incredibles,2004-11-22,504087,4688009.58,2004,11,Monday,False
250,The Incredibles,2004-11-23,474731,4415001.16,2004,11,Tuesday,False
250,The Incredibles,2004-11-24,447085,4157891.51,2004,11,Wednesday,False
250,The Incredibles,2004-11-25,421049,3915754.75,2004,11,Thursday,False
250,The Incredibles,2004-11-26,495661,4609648.69,2004,11,Friday,False
250,The Incredibles,2004-11-27,578827,5383092.52,2004,11,Saturday,True
250,The Incredibles,2004-11-28,545119,5069605.62,2004,11,Sunday,True
250,The Incredibles,2004-11-29,331209,3080241.79,2004,11,Monday,False
250,The Incredibles,2004-11-30,311921,2900862.47,2004,11,Tuesday,False
250,The Incredibles,2004-12-01,293756,2731929.39,2004,12,Wednesday,False
250,The Incredibles,2004-12-02,276649,2572834.21,2004,12,Thursday,False
250,The Incredibles,2004-12-03,325673,3028755.01,2004,12,Friday,False
250,The Incredibles,2004-12-04,380317,3536943.82,2004,12,Saturday,True
250,The Incredibles,2004-12-05,358169,3330968.25,2004,12,Sunday,True
250,The Incredibles,2004-12-06,217620,2023863.07,2004,12,Monday,False
250,The Incredibles,2004-12-07,204947,1906002.46,2004,12,Tuesday,False
250,The Incredibles,2004-12-08,193011,1795005.52,2004,12,Wednesday,False
250,The Incredibles,2004-12-09,181771,1690472.53,2004,12,Thursday,False
250,The Incredibles,2004-12-10,213982,1990033.85,2004,12,Friday,False
250,The Incredibles,2004-12-11,249886,2323937.69,2004,12,Saturday,True
250,The Incredibles,2004-12-12,235334,2188602.09,2004,12,Sunday,True
250,The Incredibles,2004-12-13,142986,1329772.79,2004,12,Monday,False
250,The Incredibles,2004-12-14,134659,1252332.86,2004,12,Tuesday,False
250,The Incredibles,2004-12-15,126817,1179402.67,2004,12,Wednesday,False
250,The Incredibles,2004-12-16,119432,1110719.6,2004,12,Thursday,False
250,The Incredibles,2004-12-17,140596,1307545.41,2004,12,Friday,False
250,The Incredibles,2004-12-18,164187,1526935.87,2004,12,Saturday,True
250,The Incredibles,2004-12-19,154625,1438014.05,2004,12,Sunday,True
250,The Incredibles,2004-12-20,93949,873722.99,2004,12,Monday,False
250,The Incredibles,2004-12-21,88478,822841.32,2004,12,Tuesday,False
250,The Incredibles,2004-12-22,83325,774922.77,2004,12,Wednesday,False
250,The Incredibles,2004-12-23,78473,729794.78,2004,12,Thursday,False
250,The Incredibles,2004-12-24,92378,859118.55,2004,12,Friday,False
250,The Incredibles,2004-12-25,107878,1003268.36,2004,12,Saturday,True
250,The Incredibles,2004-12-26,101596,944842.56,2004,12,Sunday,True
250,The Incredibles,2004-12-27,61729,574076.91,2004,12,Monday,False
250,The Incredibles,2004-12-28,58134,540645.27,2004,12,Tuesday,False
250,The Incredibles,2004-12-29,54748,509160.54,2004,12,Wednesday,False
250,The Incredibles,2004-12-30,51560,479509.34,2004,12,Thursday,False
135,How the Grinch Stole Christmas,2000-11-17,1430457,16164163.77,2000,11,Friday,False
135,How the Grinch Stole Christmas,2000-11-18,1670471,18876316.83,2000,11,Saturday,True
135,How the Grinch Stole Christmas,2000-11-19,1573190,17777045.72,2000,11,Sunday,True
135,How the Grinch Stole Christmas,2000-11-20,955854,10801155.59,2000,11,Monday,False
135,How the Grinch Stole Christmas,2000-11-21,900190,10172145.26,2000,11,Tuesday,False
135,How the Grinch Stole Christmas,2000-11-22,847767,9579765.63,2000,11,Wednesday,False
135,How the Grinch Stole Christmas,2000-11-23,798397,9021883.51,2000,11,Thursday,False
135,How the Grinch Stole Christmas,2000-11-24,939877,10620612.4,2000,11,Friday,False
135,How the Grinch Stole Christmas,2000-11-25,1097577,12402623.94,2000,11,Saturday,True
135,How the Grinch Stole Christmas,2000-11-26,1033659,11680351.35,2000,11,Sunday,True
135,How the Grinch Stole Christmas,2000-11-27,628041,7096864.93,2000,11,Monday,False
135,How the Grinch Stole Christmas,2000-11-28,591467,6683575.69,2000,11,Tuesday,False
135,How the Grinch Stole Christmas,2000-11-29,557023,6294354.54,2000,11,Wednesday,False
135,How the Grinch Stole Christmas,2000-11-30,524584,5927799.87,2000,11,Thursday,False
135,How the Grinch Stole Christmas,2000-12-01,617543,6978239.6,2000,12,Friday,False
135,How the Grinch Stole Christmas,2000-12-02,721160,8149104.62,2000,12,Saturday,True
135,How the Grinch Stole Christmas,2000-12-03,679163,7674537.71,2000,12,Sunday,True
135,How the Grinch Stole Christmas,2000-12-04,412652,4662972.53,2000,12,Monday,False
135,How the Grinch Stole Christmas,2000-12-05,388621,4391422.15,2000,12,Tuesday,False
135,How the Grinch Stole Christmas,2000-12-06,365990,4135685.64,2000,12,Wednesday,False
135,How the Grinch Stole Christmas,2000-12-07,344676,3894842.05,2000,12,Thursday,False
135,How the Grinch Stole Christmas,2000-12-08,405755,4585030.14,2000,12,Friday,False
135,How the Grinch Stole Christmas,2000-12-09,473836,5354343.27,2000,12,Saturday,True
135,How the Grinch Stole Christmas,2000-12-10,446242,5042530.6,2000,12,Sunday,True
135,How the Grinch Stole Christmas,2000-12-11,271132,3063791.27,2000,12,Monday,False
135,How the Grinch Stole Christmas,2000-12-12,255342,2885369.96,2000,12,Tuesday,False
135,How the Grinch Stole Christmas,2000-12-13,240472,2717339.1,2000,12,Wednesday,False
135,How the Grinch Stole Christmas,2000-12-14,226468,2559093.59,2000,12,Thursday,False
135,How the Grinch Stole Christmas,2000-12-15,266600,3012579.47,2000,12,Friday,False
135,How the Grinch Stole Christmas,2000-12-16,311332,3518054.22,2000,12,Saturday,True
135,How the Grinch Stole Christmas,2000-12-17,293202,3313178.69,2000,12,Sunday,True
135,How the Grinch Stole Christmas,2000-12-18,178146,2013054.31,2000,12,Monday,False
135,How the Grinch Stole Christmas,2000-12-19,167772,1895823.16,2000,12,Tuesday,False
135,How the Grinch Stole Christmas,2000-12-20,158002,1785419.01,2000,12,Wednesday,False
135,How the Grinch Stole Christmas,2000-12-21,148800,1681444.3,2000,12,Thursday,False
135,How the Grinch Stole Christmas,2000-12-22,175169,1979405.76,2000,12,Friday,False
135,How the Grinch Stole Christmas,2000-12-23,204560,2311526.34,2000,12,Saturday,True
135,How the Grinch Stole Christmas,2000-12-24,192647,2176913.52,2000,12,Sunday,True
135,How the Grinch Stole Christmas,2000-12-25,117051,1322670.93,2000,12,Monday,False
135,How the Grinch Stole Christmas,2000-12-26,110234,1245644.58,2000,12,Tuesday,False
135,How the Grinch Stole Christmas,2000-12-27,103815,1173103.88,2000,12,Wednesday,False
135,How the Grinch Stole Christmas,2000-12-28,97769,1104787.63,2000,12,Thursday,False
135,How the Grinch Stole Christmas,2000-12-29,115094,1300562.26,2000,12,Friday,False
135,How the Grinch Stole Christmas,2000-12-30,134405,1518781.03,2000,12,Saturday,True
135,How the Grinch Stole Christmas,2000-12-31,126578,1430334.11,2000,12,Sunday,True
135,How the Grinch Stole Christmas,2001-01-01,76908,869056.73,2001,1,Monday,False
135,How the Grinch Stole Christmas,2001-01-02,72429,818446.81,2001,1,Tuesday,False
135,How the Grinch Stole Christmas,2001-01-03,68211,770784.18,2001,1,Wednesday,False
135,How the Grinch Stole Christmas,2001-01-04,64239,725897.2,2001,1,Thursday,False
135,How the Grinch Stole Christmas,2001-01-05,75622,854530.3,2001,1,Friday,False
135,How the Grinch Stole Christmas,2001-01-06,88311,997910.25,2001,1,Saturday,True
135,How the Grinch Stole Christmas,2001-01-07,83168,939796.48,2001,1,Sunday,True
135,How the Grinch Stole Christmas,2001-01-08,50532,571010.96,2001,1,Monday,False
135,How the Grinch Stole Christmas,2001-01-09,47589,537757.87,2001,1,Tuesday,False
135,How the Grinch Stole Christmas,2001-01-10,44818,506441.29,2001,1,Wednesday,False
135,How the Grinch Stole Christmas,2001-01-11,42208,476948.45,2001,1,Thursday,False
2246,Jaws,1975-06-20,1482695,16161377.49,1975,6,Friday,False
2246,Jaws,1975-06-21,1731474,18873063.04,1975,6,Saturday,True
2246,Jaws,1975-06-22,1630640,17773981.41,1975,6,Sunday,True
2246,Jaws,1975-06-23,990761,10799293.75,1975,6,Monday,False
2246,Jaws,1975-06-24,933063,10170391.84,1975,6,Tuesday,False
2246,Jaws,1975-06-25,878726,9578114.33,1975,6,Wednesday,False
2246,Jaws,1975-06-26,827553,9020328.38,1975,6,Thursday,False
2246,Jaws,1975-06-27,974200,10618781.68,1975,6,Friday,False
2246,Jaws,1975-06-28,1137659,12400486.05,1975,6,Saturday,True
2246,Jaws,1975-06-29,1071407,11678337.96,1975,6,Sunday,True
2246,Jaws,1975-06-30,650976,7095641.62,1975,6,Monday,False
2246,Jaws,1975-07-01,613066,6682423.62,1975,7,Tuesday,False
2246,Jaws,1975-07-02,577364,6293269.56,1975,7,Wednesday,False
2246,Jaws,1975-07-03,543741,5926778.07,1975,7,Thursday,False
2246,Jaws,1975-07-04,640095,6977036.73,1975,7,Friday,False
2246,Jaws,1975-07-05,747495,8147699.92,1975,7,Saturday,True
2246,Jaws,1975-07-06,703965,7673214.82,1975,7,Sunday,True
2246,Jaws,1975-07-07,427722,4662168.76,1975,7,Monday,False
2246,Jaws,1975-07-08,402813,4390665.19,1975,7,Tuesday,False
2246,Jaws,1975-07-09,379355,4134972.75,1975,7,Wednesday,False
2246,Jaws,1975-07-10,357263,3894170.68,1975,7,Thursday,False
2246,Jaws,1975-07-11,420572,4584239.8,1975,7,Friday,False
2246,Jaws,1975-07-12,491139,5353420.32,1975,7,Saturday,True
2246,Jaws,1975-07-13,462538,5041661.39,1975,7,Sunday,True
2246,Jaws,1975-07-14,281033,3063263.16,1975,7,Monday,False
2246,Jaws,1975-07-15,264667,2884872.6,1975,7,Tuesday,False
2246,Jaws,1975-07-16,249254,2716870.7,1975,7,Wednesday,False
2246,Jaws,1975-07-17,234739,2558652.46,1975,7,Thursday,False
2246,Jaws,1975-07-18,276336,3012060.18,1975,7,Friday,False
2246,Jaws,1975-07-19,322702,3517447.8,1975,7,Saturday,True
2246,Jaws,1975-07-20,303909,3312607.59,1975,7,Sunday,True
2246,Jaws,1975-07-21,184652,2012707.31,1975,7,Monday,False
2246,Jaws,1975-07-22,173899,1895496.37,1975,7,Tuesday,False
2246,Jaws,1975-07-23,163772,1785111.25,1975,7,Wednesday,False
2246,Jaws,1975-07-24,154234,1681154.46,1975,7,Thursday,False
2246,Jaws,1975-07-25,181566,1979064.56,1975,7,Friday,False
2246,Jaws,1975-07-26,212030,2311127.89,1975,7,Saturday,True
2246,Jaws,1975-07-27,199682,2176538.28,1975,7,Sunday,True
2246,Jaws,1975-07-28,121325,1322442.94,1975,7,Monday,False
2246,Jaws,1975-07-29,114260,1245429.86,1975,7,Tuesday,False
2246,Jaws,1975-07-30,107606,1172901.67,1975,7,Wednesday,False
2246,Jaws,1975-07-31,101339,1104597.19,1975,7,Thursday,False
2246,Jaws,1975-08-01,119297,1300338.08,1975,8,Friday,False
2246,Jaws,1975-08-02,139314,1518519.23,1975,8,Saturday,True
2246,Jaws,1975-08-03,131201,1430087.55,1975,8,Sunday,True
2246,Jaws,1975-08-04,79716,868906.93,1975,8,Monday,False
2246,Jaws,1975-08-05,75074,818305.73,1975,8,Tuesday,False
2246,Jaws,1975-08-06,70702,770651.31,1975,8,Wednesday,False
2246,Jaws,1975-08-07,66585,725772.07,1975,8,Thursday,False
2246,Jaws,1975-08-08,78384,854383.0,1975,8,Friday,False
2246,Jaws,1975-08-09,91536,997738.23,1975,8,Saturday,True
2246,Jaws,1975-08-10,86205,939634.48,1975,8,Sunday,True
2246,Jaws,1975-08-11,52377,570912.53,1975,8,Monday,False
2246,Jaws,1975-08-12,49327,537665.18,1975,8,Tuesday,False
2246,Jaws,1975-08-13,46454,506353.99,1975,8,Wednesday,False
2246,Jaws,1975-08-14,43749,476866.23,1975,8,Thursday,False
8,Captain America: The Winter Soldier,2014-04-04,1899488,16145648.61,2014,4,Friday,False
8,Captain America: The Winter Soldier,2014-04-05,2218199,18854695.05,2014,4,Saturday,True
8,Captain America: The Winter Soldier,2014-04-06,2089022,17756683.09,2014,4,Sunday,True
8,Captain America: The Winter Soldier,2014-04-07,1269269,10788783.46,2014,4,Monday,False
8,Captain America: The Winter Soldier,2014-04-08,1195352,10160493.63,2014,4,Tuesday,False
8,Captain America: The Winter Soldier,2014-04-09,1125740,9568792.54,2014,4,Wednesday,False
8,Captain America: The Winter Soldier,2014-04-10,1060182,9011549.44,2014,4,Thursday,False
8,Captain America: The Winter Soldier,2014-04-11,1248053,10608447.07,2014,4,Friday,False
8,Captain America: The Winter Soldier,2014-04-12,1457461,12388417.42,2014,4,Saturday,True
8,Captain America: The Winter Soldier,2014-04-13,1372585,11666972.16,2014,4,Sunday,True
8,Captain America: The Winter Soldier,2014-04-14,833969,7088735.86,2014,4,Monday,False
8,Captain America: The Winter Soldier,2014-04-15,785402,6675920.03,2014,4,Tuesday,False
8,Captain America: The Winter Soldier,2014-04-16,739664,6287144.71,2014,4,Wednesday,False
8,Captain America: The Winter Soldier,2014-04-17,696589,5921009.9,2014,4,Thursday,False
8,Captain America: The Winter Soldier,2014-04-18,820029,6970246.41,2014,4,Friday,False
8,Captain America: The Winter Soldier,2014-04-19,957620,8139770.27,2014,4,Saturday,True
8,Captain America: The Winter Soldier,2014-04-20,901853,7665746.95,2014,4,Sunday,True
8,Captain America: The Winter Soldier,2014-04-21,547957,4657631.36,2014,4,Monday,False
8,Captain America: The Winter Soldier,2014-04-22,516046,4386392.02,2014,4,Tuesday,False
8,Captain America: The Winter Soldier,2014-04-23,485994,4130948.44,2014,4,Wednesday,False
8,Captain America: The Winter Soldier,2014-04-24,457692,3890380.73,2014,4,Thursday,False
8,Captain America: The Winter Soldier,2014-04-25,538797,4579778.24,2014,4,Friday,False
8,Captain America: The Winter Soldier,2014-04-26,629201,5348210.17,2014,4,Saturday,True
8,Captain America: The Winter Soldier,2014-04-27,592559,5036754.66,2014,4,Sunday,True
8,Captain America: The Winter Soldier,2014-04-28,360033,3060281.87,2014,4,Monday,False
8,Captain America: The Winter Soldier,2014-04-29,339066,2882064.93,2014,4,Tuesday,False
8,Captain America: The Winter Soldier,2014-04-30,319321,2714226.53,2014,4,Wednesday,False
8,Captain America: The Winter Soldier,2014-05-01,300725,2556162.28,2014,5,Thursday,False
8,Captain America: The Winter Soldier,2014-05-02,354015,3009128.73,2014,5,Friday,False
8,Captain America: The Winter Soldier,2014-05-03,413415,3514024.48,2014,5,Saturday,True
8,Captain America: The Winter Soldier,2014-05-04,389339,3309383.63,2014,5,Sunday,True
8,Captain America: The Winter Soldier,2014-05-05,236559,2010748.47,2014,5,Monday,False
8,Captain America: The Winter Soldier,2014-05-06,222783,1893651.6,2014,5,Tuesday,False
8,Captain America: The Winter Soldier,2014-05-07,209809,1783373.91,2014,5,Wednesday,False
8,Captain America: The Winter Soldier,2014-05-08,197590,1679518.3,2014,5,Thursday,False
8,Captain America: The Winter Soldier,2014-05-09,232605,1977138.46,2014,5,Friday,False
8,Captain America: The Winter Soldier,2014-05-10,271633,2308878.61,2014,5,Saturday,True
8,Captain America: The Winter Soldier,2014-05-11,255814,2174419.99,2014,5,Sunday,True
8,Captain America: The Winter Soldier,2014-05-12,155430,1321155.89,2014,5,Monday,False
8,Captain America: The Winter Soldier,2014-05-13,146379,1244217.76,2014,5,Tuesday,False
8,Captain America: The Winter Soldier,2014-05-14,137854,1171760.16,2014,5,Wednesday,False
8,Captain America: The Winter Soldier,2014-05-15,129826,1103522.16,2014,5,Thursday,False
8,Captain America: The Winter Soldier,2014-05-16,152832,1299072.54,2014,5,Friday,False
8,Captain America: The Winter Soldier,2014-05-17,178475,1517041.35,2014,5,Saturday,True
8,Captain America: The Winter Soldier,2014-05-18,168082,1428695.74,2014,5,Sunday,True
8,Captain America: The Winter Soldier,2014-05-19,102125,868061.27,2014,5,Monday,False
8,Captain America: The Winter Soldier,2014-05-20,96178,817509.32,2014,5,Tuesday,False
8,Captain America: The Winter Soldier,2014-05-21,90577,769901.28,2014,5,Wednesday,False
8,Captain America: The Winter Soldier,2014-05-22,85302,725065.72,2014,5,Thursday,False
8,Captain America: The Winter Soldier,2014-05-23,100418,853551.48,2014,5,Friday,False
8,Captain America: The Winter Soldier,2014-05-24,117267,996767.19,2014,5,Saturday,True
8,Captain America: The Winter Soldier,2014-05-25,110438,938719.99,2014,5,Sunday,True
8,Captain America: The Winter Soldier,2014-05-26,67101,570356.9,2014,5,Monday,False
8,Captain America: The Winter Soldier,2014-05-27,63193,537141.9,2014,5,Tuesday,False
8,Captain America: The Winter Soldier,2014-05-28,59513,505861.19,2014,5,Wednesday,False
8,Captain America: The Winter Soldier,2014-05-29,56047,476402.13,2014,5,Thursday,False
556,The Lego Movie,2014-02-07,1586503,16023677.45,2014,2,Friday,False
556,The Lego Movie,2014-02-08,1852699,18712258.59,2014,2,Saturday,True
556,The Lego Movie,2014-02-09,1744806,17622541.49,2014,2,Sunday,True
556,The Lego Movie,2014-02-10,1060127,10707280.36,2014,2,Monday,False
556,The Lego Movie,2014-02-11,998390,10083736.9,2014,2,Tuesday,False
556,The Lego Movie,2014-02-12,940248,9496505.78,2014,2,Wednesday,False
556,The Lego Movie,2014-02-13,885492,8943472.33,2014,2,Thursday,False
556,The Lego Movie,2014-02-14,1042407,10528306.31,2014,2,Friday,False
556,The Lego Movie,2014-02-15,1217310,12294830.0,2014,2,Saturday,True
556,The Lego Movie,2014-02-16,1146419,11578834.84,2014,2,Sunday,True
556,The Lego Movie,2014-02-17,696553,7035184.51,2014,2,Monday,False
556,The Lego Movie,2014-02-18,655989,6625487.26,2014,2,Tuesday,False
556,The Lego Movie,2014-02-19,617787,6239648.92,2014,2,Wednesday,False
556,The Lego Movie,2014-02-20,581810,5876280.05,2014,2,Thursday,False
556,The Lego Movie,2014-02-21,684910,6917590.18,2014,2,Friday,False
556,The Lego Movie,2014-02-22,799830,8078278.95,2014,2,Saturday,True
556,The Lego Movie,2014-02-23,753251,7607836.61,2014,2,Sunday,True
556,The Lego Movie,2014-02-24,457668,4622445.61,2014,2,Monday,False
556,The Lego Movie,2014-02-25,431015,4353255.33,2014,2,Tuesday,False
556,The Lego Movie,2014-02-26,405915,4099741.48,2014,2,Wednesday,False
556,The Lego Movie,2014-02-27,382276,3860991.12,2014,2,Thursday,False
556,The Lego Movie,2014-02-28,450018,4545180.63,2014,2,Friday,False
556,The Lego Movie,2014-03-01,525525,5307807.49,2014,3,Saturday,True
556,The Lego Movie,2014-03-02,494921,4998704.85,2014,3,Sunday,True
556,The Lego Movie,2014-03-03,300709,3037163.19,2014,3,Monday,False
556,The Lego Movie,2014-03-04,283197,2860292.57,2014,3,Tuesday,False
556,The Lego Movie,2014-03-05,266705,2693722.1,2014,3,Wednesday,False
556,The Lego Movie,2014-03-06,251173,2536851.94,2014,3,Thursday,False
556,The Lego Movie,2014-03-07,295683,2986396.48,2014,3,Friday,False
556,The Lego Movie,2014-03-08,345295,3487478.03,2014,3,Saturday,True
556,The Lego Movie,2014-03-09,325186,3284383.12,2014,3,Sunday,True
556,The Lego Movie,2014-03-10,197580,1995558.41,2014,3,Monday,False
556,The Lego Movie,2014-03-11,186074,1879346.14,2014,3,Tuesday,False
556,The Lego Movie,2014-03-12,175238,1769901.54,2014,3,Wednesday,False
556,The Lego Movie,2014-03-13,165033,1666830.5,2014,3,Thursday,False
556,The Lego Movie,2014-03-14,194277,1962202.31,2014,3,Friday,False
556,The Lego Movie,2014-03-15,226875,2291436.35,2014,3,Saturday,True
556,The Lego Movie,2014-03-16,213663,2157993.49,2014,3,Sunday,True
556,The Lego Movie,2014-03-17,129819,1311175.31,2014,3,Monday,False
556,The Lego Movie,2014-03-18,122259,1234818.4,2014,3,Tuesday,False
556,The Lego Movie,2014-03-19,115139,1162908.18,2014,3,Wednesday,False
556,The Lego Movie,2014-03-20,108434,1095185.68,2014,3,Thursday,False
556,The Lego Movie,2014-03-21,127649,1289258.79,2014,3,Friday,False
556,The Lego Movie,2014-03-22,149067,1505580.97,2014,3,Saturday,True
556,The Lego Movie,2014-03-23,140386,1417902.76,2014,3,Sunday,True
556,The Lego Movie,2014-03-24,85297,861503.57,2014,3,Monday,False
556,The Lego Movie,2014-03-25,80330,811333.51,2014,3,Tuesday,False
556,The Lego Movie,2014-03-26,75652,764085.12,2014,3,Wednesday,False
556,The Lego Movie,2014-03-27,71246,719588.27,2014,3,Thursday,False
556,The Lego Movie,2014-03-28,83872,847103.39,2014,3,Friday,False
556,The Lego Movie,2014-03-29,97944,989237.19,2014,3,Saturday,True
556,The Lego Movie,2014-03-30,92240,931628.5,2014,3,Sunday,True
556,The Lego Movie,2014-03-31,56044,566048.18,2014,3,Monday,False
556,The Lego Movie,2014-04-01,52781,533084.1,2014,4,Tuesday,False
556,The Lego Movie,2014-04-02,49707,502039.7,2014,4,Wednesday,False
556,The Lego Movie,2014-04-03,46812,472803.18,2014,4,Thursday,False
78,Star Trek,2009-05-08,1469750,16020277.41,2009,5,Friday,False
78,Star Trek,2009-05-09,1716357,18708288.06,2009,5,Saturday,True
78,Star Trek,2009-05-10,1616404,17618802.18,2009,5,Sunday,True
78,Star Trek,2009-05-11,982111,10705008.4,2009,5,Monday,False
78,Star Trek,2009-05-12,924917,10081597.24,2009,5,Tuesday,False
78,Star Trek,2009-05-13,871054,9494490.72,2009,5,Wednesday,False
78,Star Trek,2009-05-14,820328,8941574.63,2009,5,Thursday,False
78,Star Trek,2009-05-15,965695,10526072.32,2009,5,Friday,False
78,Star Trek,2009-05-16,1127727,12292221.18,2009,5,Saturday,True
78,Star Trek,2009-05-17,1062053,11576377.94,2009,5,Sunday,True
78,Star Trek,2009-05-18,645293,7033691.72,2009,5,Monday,False
78,Star Trek,2009-05-19,607714,6624081.41,2009,5,Tuesday,False
78,Star Trek,2009-05-20,572323,6238324.94,2009,5,Wednesday,False
78,Star Trek,2009-05-21,538994,5875033.17,2009,5,Thursday,False
78,Star Trek,2009-05-22,634507,6916122.35,2009,5,Friday,False
78,Star Trek,2009-05-23,740969,8076564.83,2009,5,Saturday,True
78,Star Trek,2009-05-24,697819,7606222.31,2009,5,Sunday,True
78,Star Trek,2009-05-25,423988,4621464.78,2009,5,Monday,False
78,Star Trek,2009-05-26,399296,4352331.62,2009,5,Tuesday,False
78,Star Trek,2009-05-27,376043,4098871.56,2009,5,Wednesday,False
78,Star Trek,2009-05-28,354144,3860171.86,2009,5,Thursday,False
78,Star Trek,2009-05-29,416901,4544216.19,2009,5,Friday,False
78,Star Trek,2009-05-30,486851,5306681.24,2009,5,Saturday,True
78,Star Trek,2009-05-31,458499,4997644.18,2009,5,Sunday,True
78,Star Trek,2009-06-01,278580,3036518.74,2009,6,Monday,False
78,Star Trek,2009-06-02,262356,2859685.65,2009,6,Tuesday,False
78,Star Trek,2009-06-03,247078,2693150.52,2009,6,Wednesday,False
78,Star Trek,2009-06-04,232689,2536313.65,2009,6,Thursday,False
78,Star Trek,2009-06-05,273923,2985762.8,2009,6,Friday,False
78,Star Trek,2009-06-06,319884,3486738.03,2009,6,Saturday,True
78,Star Trek,2009-06-07,301256,3283686.22,2009,6,Sunday,True
78,Star Trek,2009-06-08,183040,1995134.98,2009,6,Monday,False
78,Star Trek,2009-06-09,172380,1878947.36,2009,6,Tuesday,False
78,Star Trek,2009-06-10,162342,1769525.99,2009,6,Wednesday,False
78,Star Trek,2009-06-11,152888,1666476.82,2009,6,Thursday,False
78,Star Trek,2009-06-12,179980,1961785.95,2009,6,Friday,False
78,Star Trek,2009-06-13,210179,2290950.13,2009,6,Saturday,True
78,Star Trek,2009-06-14,197939,2157535.59,2009,6,Sunday,True
78,Star Trek,2009-06-15,120266,1310897.09,2009,6,Monday,False
78,Star Trek,2009-06-16,113262,1234556.39,2009,6,Tuesday,False
78,Star Trek,2009-06-17,106666,1162661.42,2009,6,Wednesday,False
78,Star Trek,2009-06-18,100454,1094953.29,2009,6,Thursday,False
78,Star Trek,2009-06-19,118256,1288985.22,2009,6,Friday,False
78,Star Trek,2009-06-20,138097,1505261.5,2009,6,Saturday,True
78,Star Trek,2009-06-21,130055,1417601.89,2009,6,Sunday,True
78,Star Trek,2009-06-22,79020,861320.77,2009,6,Monday,False
78,Star Trek,2009-06-23,74418,811161.35,2009,6,Tuesday,False
78,Star Trek,2009-06-24,70085,763922.99,2009,6,Wednesday,False
78,Star Trek,2009-06-25,66003,719435.58,2009,6,Thursday,False
78,Star Trek,2009-06-26,77699,846923.64,2009,6,Friday,False
78,Star Trek,2009-06-27,90736,989027.28,2009,6,Saturday,True
78,Star Trek,2009-06-28,85452,931430.82,2009,6,Sunday,True
78,Star Trek,2009-06-29,51920,565928.07,2009,6,Monday,False
78,Star Trek,2009-06-30,48896,532970.99,2009,6,Tuesday,False
78,Star Trek,2009-07-01,46049,501933.17,2009,7,Wednesday,False
78,Star Trek,2009-07-02,43367,472702.86,2009,7,Thursday,False
43,I am Legend,2007-12-14,1643007,15937170.07,2007,12,Friday,False
43,I am Legend,2007-12-15,1918684,18611236.31,2007,12,Saturday,True
43,I am Legend,2007-12-16,1806949,17527402.29,2007,12,Sunday,True
43,I am Legend,2007-12-17,1097884,10649474.73,2007,12,Monday,False
43,I am Legend,2007-12-18,1033948,10029297.61,2007,12,Tuesday,False
43,I am Legend,2007-12-19,973736,9445236.78,2007,12,Wednesday,False
43,I am Legend,2007-12-20,917030,8895189.01,2007,12,Thursday,False
43,I am Legend,2007-12-21,1079533,10471466.91,2007,12,Friday,False
43,I am Legend,2007-12-22,1260665,12228453.63,2007,12,Saturday,True
43,I am Legend,2007-12-23,1187250,11516323.93,2007,12,Sunday,True
43,I am Legend,2007-12-24,721361,6997203.51,2007,12,Monday,False
43,I am Legend,2007-12-25,679352,6589718.1,2007,12,Tuesday,False
43,I am Legend,2007-12-26,639790,6205962.79,2007,12,Wednesday,False
43,I am Legend,2007-12-27,602532,5844555.65,2007,12,Thursday,False
43,I am Legend,2007-12-28,709304,6880244.03,2007,12,Friday,False
43,I am Legend,2007-12-29,828316,8034666.57,2007,12,Saturday,True
43,I am Legend,2007-12-30,780079,7566764.01,2007,12,Sunday,True
43,I am Legend,2007-12-31,473968,4597490.31,2007,12,Monday,False
43,I am Legend,2008-01-01,446366,4329753.32,2008,1,Tuesday,False
43,I am Legend,2008-01-02,420372,4077608.12,2008,1,Wednesday,False
43,I am Legend,2008-01-03,395891,3840146.7,2008,1,Thursday,False
43,I am Legend,2008-01-04,466046,4520642.46,2008,1,Friday,False
43,I am Legend,2008-01-05,544242,5279152.12,2008,1,Saturday,True
43,I am Legend,2008-01-06,512548,4971718.23,2008,1,Sunday,True
43,I am Legend,2008-01-07,311419,3020766.39,2008,1,Monday,False
43,I am Legend,2008-01-08,293284,2844850.65,2008,1,Tuesday,False
43,I am Legend,2008-01-09,276204,2679179.44,2008,1,Wednesday,False
43,I am Legend,2008-01-10,260119,2523156.18,2008,1,Thursday,False
43,I am Legend,2008-01-11,306214,2970273.75,2008,1,Friday,False
43,I am Legend,2008-01-12,357593,3468650.11,2008,1,Saturday,True
43,I am Legend,2008-01-13,336768,3266651.65,2008,1,Sunday,True
43,I am Legend,2008-01-14,204617,1984784.95,2008,1,Monday,False
43,I am Legend,2008-01-15,192701,1869200.07,2008,1,Tuesday,False
43,I am Legend,2008-01-16,181479,1760346.33,2008,1,Wednesday,False
43,I am Legend,2008-01-17,170910,1657831.74,2008,1,Thursday,False
43,I am Legend,2008-01-18,201197,1951608.92,2008,1,Friday,False
43,I am Legend,2008-01-19,234955,2279065.52,2008,1,Saturday,True
43,I am Legend,2008-01-20,221272,2146343.08,2008,1,Sunday,True
43,I am Legend,2008-01-21,134443,1304096.64,2008,1,Monday,False
43,I am Legend,2008-01-22,126614,1228151.96,2008,1,Tuesday,False
43,I am Legend,2008-01-23,119240,1156629.96,2008,1,Wednesday,False
43,I am Legend,2008-01-24,112296,1089273.08,2008,1,Thursday,False
43,I am Legend,2008-01-25,132196,1282298.44,2008,1,Friday,False
43,I am Legend,2008-01-26,154377,1497452.75,2008,1,Saturday,True
43,I am Legend,2008-01-27,145386,1410247.9,2008,1,Sunday,True
43,I am Legend,2008-01-28,88335,856852.55,2008,1,Monday,False
43,I am Legend,2008-01-29,83191,806953.34,2008,1,Tuesday,False
43,I am Legend,2008-01-30,78346,759960.04,2008,1,Wednesday,False
43,I am Legend,2008-01-31,73784,715703.41,2008,1,Thursday,False
43,I am Legend,2008-02-01,86859,842530.11,2008,2,Friday,False
43,I am Legend,2008-02-02,101433,983896.57,2008,2,Saturday,True
43,I am Legend,2008-02-03,95526,926598.89,2008,2,Sunday,True
43,I am Legend,2008-02-04,58040,562992.24,2008,2,Monday,False
43,I am Legend,2008-02-05,54660,530206.13,2008,2,Tuesday,False
43,I am Legend,2008-02-06,51477,499329.33,2008,2,Wednesday,False
43,I am Legend,2008-02-07,48479,470250.65,2008,2,Thursday,False
1093,The Blind Side,2009-11-20,1515259,15910221.91,2009,11,Friday,False
1093,The Blind Side,2009-11-21,1769502,18579766.57,2009,11,Saturday,True
1093,The Blind Side,2009-11-22,1666454,17497765.2,2009,11,Sunday,True
1093,The Blind Side,2009-11-23,1012521,10631467.53,2009,11,Monday,False
1093,The Blind Side,2009-11-24,953556,10012339.06,2009,11,Tuesday,False
1093,The Blind Side,2009-11-25,898025,9429265.83,2009,11,Wednesday,False
1093,The Blind Side,2009-11-26,845728,8880148.14,2009,11,Thursday,False
1093,The Blind Side,2009-11-27,995596,10453760.71,2009,11,Friday,False
1093,The Blind Side,2009-11-28,1162645,12207776.54,2009,11,Saturday,True
1093,The Blind Side,2009-11-29,1094938,11496850.98,2009,11,Sunday,True
1093,The Blind Side,2009-11-30,665274,6985371.93,2009,11,Monday,False
1093,The Blind Side,2009-12-01,626531,6578575.54,2009,12,Tuesday,False
1093,The Blind Side,2009-12-02,590045,6195469.13,2009,12,Wednesday,False
1093,The Blind Side,2009-12-03,555683,5834673.09,2009,12,Thursday,False
1093,The Blind Side,2009-12-04,654153,6868610.23,2009,12,Friday,False
1093,The Blind Side,2009-12-05,763912,8021080.75,2009,12,Saturday,True
1093,The Blind Side,2009-12-06,719426,7553969.37,2009,12,Sunday,True
1093,The Blind Side,2009-12-07,437116,4589716.41,2009,12,Monday,False
1093,The Blind Side,2009-12-08,411660,4322432.14,2009,12,Tuesday,False
1093,The Blind Side,2009-12-09,387687,4070713.29,2009,12,Wednesday,False
1093,The Blind Side,2009-12-10,365110,3833653.4,2009,12,Thursday,False
1093,The Blind Side,2009-12-11,429809,4512998.51,2009,12,Friday,False
1093,The Blind Side,2009-12-12,501926,5270225.6,2009,12,Saturday,True
1093,The Blind Side,2009-12-13,472696,4963311.55,2009,12,Sunday,True
1093,The Blind Side,2009-12-14,287206,3015658.57,2009,12,Monday,False
1093,The Blind Side,2009-12-15,270480,2840040.29,2009,12,Tuesday,False
1093,The Blind Side,2009-12-16,254728,2674649.22,2009,12,Wednesday,False
1093,The Blind Side,2009-12-17,239894,2518889.77,2009,12,Thursday,False
1093,The Blind Side,2009-12-18,282405,2965251.32,2009,12,Friday,False
1093,The Blind Side,2009-12-19,329789,3462784.97,2009,12,Saturday,True
1093,The Blind Side,2009-12-20,310584,3261128.07,2009,12,Sunday,True
1093,The Blind Side,2009-12-21,188708,1981428.88,2009,12,Monday,False
1093,The Blind Side,2009-12-22,177718,1866039.44,2009,12,Tuesday,False
1093,The Blind Side,2009-12-23,167369,1757369.76,2009,12,Wednesday,False
1093,The Blind Side,2009-12-24,157622,1655028.52,2009,12,Thursday,False
1093,The Blind Side,2009-12-25,185553,1948308.95,2009,12,Friday,False
1093,The Blind Side,2009-12-26,216687,2275211.85,2009,12,Saturday,True
1093,The Blind Side,2009-12-27,204068,2142713.83,2009,12,Sunday,True
1093,The Blind Side,2009-12-28,123990,1301891.54,2009,12,Monday,False
1093,The Blind Side,2009-12-29,116769,1226075.28,2009,12,Tuesday,False
1093,The Blind Side,2009-12-30,109969,1154674.21,2009,12,Wednesday,False
1093,The Blind Side,2009-12-31,103565,1087431.22,2009,12,Thursday,False
1093,The Blind Side,2010-01-01,121917,1280130.2,2010,1,Friday,False
1093,The Blind Side,2010-01-02,142373,1494920.71,2010,1,Saturday,True
1093,The Blind Side,2010-01-03,134082,1407863.31,2010,1,Sunday,True
1093,The Blind Side,2010-01-04,81467,855403.7,2010,1,Monday,False
1093,The Blind Side,2010-01-05,76723,805588.86,2010,1,Tuesday,False
1093,The Blind Side,2010-01-06,72255,758675.02,2010,1,Wednesday,False
1093,The Blind Side,2010-01-07,68047,714493.23,2010,1,Thursday,False
1093,The Blind Side,2010-01-08,80105,841105.48,2010,1,Friday,False
1093,The Blind Side,2010-01-09,93546,982232.9,2010,1,Saturday,True
1093,The Blind Side,2010-01-10,88098,925032.11,2010,1,Sunday,True
1093,The Blind Side,2010-01-11,53528,562040.28,2010,1,Monday,False
1093,The Blind Side,2010-01-12,50410,529309.6,2010,1,Tuesday,False
1093,The Blind Side,2010-01-13,47475,498485.01,2010,1,Wednesday,False
1093,The Blind Side,2010-01-14,44710,469455.5,2010,1,Thursday,False
327,The Hangover Part II,2011-05-26,1131388,12784683.63,2011,5,Thursday,False
327,The Hangover Part II,2011-05-27,1331876,15050202.02,2011,5,Friday,False
327,The Hangover Part II,2011-05-28,1555349,17575445.64,2011,5,Saturday,True
327,The Hangover Part II,2011-05-29,1464773,16551931.37,2011,5,Sunday,True
327,The Hangover Part II,2011-05-30,889981,10056788.34,2011,5,Monday,False
327,The Hangover Part II,2011-05-31,838153,9471126.58,2011,5,Tuesday,False
327,The Hangover Part II,2011-06-01,789343,8919571.1,2011,6,Wednesday,False
327,The Hangover Part II,2011-06-02,743375,8400135.72,2011,6,Thursday,False
327,The Hangover Part II,2011-06-03,875105,9888687.37,2011,6,Friday,False
327,The Hangover Part II,2011-06-04,1021937,11547890.67,2011,6,Saturday,True
327,The Hangover Part II,2011-06-05,962424,10875393.87,2011,6,Sunday,True
327,The Hangover Part II,2011-06-06,584759,6607780.79,2011,6,Monday,False
327,The Hangover Part II,2011-06-07,550706,6222973.6,2011,6,Tuesday,False
327,The Hangover Part II,2011-06-08,518635,5860575.83,2011,6,Wednesday,False
327,The Hangover Part II,2011-06-09,488432,5519282.46,2011,6,Thursday,False
327,The Hangover Part II,2011-06-10,574985,6497330.59,2011,6,Friday,False
327,The Hangover Part II,2011-06-11,671461,7587504.84,2011,6,Saturday,True
327,The Hangover Part II,2011-06-12,632358,7145642.95,2011,6,Sunday,True
327,The Hangover Part II,2011-06-13,384214,4341621.36,2011,6,Monday,False
327,The Hangover Part II,2011-06-14,361839,4088785.01,2011,6,Tuesday,False
327,The Hangover Part II,2011-06-15,340767,3850672.71,2011,6,Wednesday,False
327,The Hangover Part II,2011-06-16,320923,3626426.99,2011,6,Thursday,False
327,The Hangover Part II,2011-06-17,377792,4269050.4,2011,6,Friday,False
327,The Hangover Part II,2011-06-18,441181,4985345.92,2011,6,Saturday,True
327,The Hangover Part II,2011-06-19,415489,4695021.98,2011,6,Sunday,True
327,The Hangover Part II,2011-06-20,252447,2852648.51,2011,6,Monday,False
327,The Hangover Part II,2011-06-21,237745,2686523.19,2011,6,Tuesday,False
327,The Hangover Part II,2011-06-22,223900,2530072.26,2011,6,Wednesday,False
327,The Hangover Part II,2011-06-23,210861,2382732.32,2011,6,Thursday,False
327,The Hangover Part II,2011-06-24,248227,2804965.99,2011,6,Friday,False
327,The Hangover Part II,2011-06-25,289877,3275605.68,2011,6,Saturday,True
327,The Hangover Part II,2011-06-26,272996,3084849.26,2011,6,Sunday,True
327,The Hangover Part II,2011-06-27,165869,1874323.63,2011,6,Monday,False
327,The Hangover Part II,2011-06-28,156210,1765171.52,2011,6,Tuesday,False
327,The Hangover Part II,2011-06-29,147113,1662375.93,2011,6,Wednesday,False
327,The Hangover Part II,2011-06-30,138546,1565566.69,2011,6,Thursday,False
327,The Hangover Part II,2011-07-01,163097,1842993.98,2011,7,Friday,False
327,The Hangover Part II,2011-07-02,190463,2152226.3,2011,7,Saturday,True
327,The Hangover Part II,2011-07-03,179371,2026890.4,2011,7,Sunday,True
327,The Hangover Part II,2011-07-04,108984,1231518.38,2011,7,Monday,False
327,The Hangover Part II,2011-07-05,102637,1159800.33,2011,7,Tuesday,False
327,The Hangover Part II,2011-07-06,96660,1092258.82,2011,7,Wednesday,False
327,The Hangover Part II,2011-07-07,91031,1028650.62,2011,7,Thursday,False
327,The Hangover Part II,2011-07-08,107162,1210933.34,2011,7,Friday,False
327,The Hangover Part II,2011-07-09,125143,1414113.44,2011,7,Saturday,True
327,The Hangover Part II,2011-07-10,117855,1331761.89,2011,7,Sunday,True
327,The Hangover Part II,2011-07-11,71608,809165.23,2011,7,Monday,False
327,The Hangover Part II,2011-07-12,67437,762043.12,2011,7,Tuesday,False
327,The Hangover Part II,2011-07-13,63510,717665.18,2011,7,Wednesday,False
327,The Hangover Part II,2011-07-14,59812,675871.62,2011,7,Thursday,False
327,The Hangover Part II,2011-07-15,70411,795639.9,2011,7,Friday,False
327,The Hangover Part II,2011-07-16,82225,929138.74,2011,7,Saturday,True
327,The Hangover Part II,2011-07-17,77436,875029.91,2011,7,Sunday,True
327,The Hangover Part II,2011-07-18,47050,531659.44,2011,7,Monday,False
327,The Hangover Part II,2011-07-19,44310,500698.01,2011,7,Tuesday,False
327,The Hangover Part II,2011-07-20,41729,471539.63,2011,7,Wednesday,False
485,Despicable Me,2010-07-09,1488942,15633894.06,2010,7,Friday,False
485,Despicable Me,2010-07-10,1738769,18257074.21,2010,7,Saturday,True
485,Despicable Me,2010-07-11,1637511,17193864.98,2010,7,Sunday,True
485,Despicable Me,2010-07-12,994935,10446820.79,2010,7,Monday,False
485,Despicable Me,2010-07-13,936995,9838445.31,2010,7,Tuesday,False
485,Despicable Me,2010-07-14,882428,9265498.86,2010,7,Wednesday,False
485,Despicable Me,2010-07-15,831040,8725918.21,2010,7,Thursday,False
485,Despicable Me,2010-07-16,978305,10272200.37,2010,7,Friday,False
485,Despicable Me,2010-07-17,1142453,11995752.55,2010,7,Saturday,True
485,Despicable Me,2010-07-18,1075921,11297174.3,2010,7,Sunday,True
485,Despicable Me,2010-07-19,653719,6864050.38,2010,7,Monday,False
485,Despicable Me,2010-07-20,615649,6464319.21,2010,7,Tuesday,False
485,Despicable Me,2010-07-21,579797,6087866.56,2010,7,Wednesday,False
485,Despicable Me,2010-07-22,546032,5733336.81,2010,7,Thursday,False
485,Despicable Me,2010-07-23,642792,6749316.59,2010,7,Friday,False
485,Despicable Me,2010-07-24,750645,7881771.06,2010,7,Saturday,True
485,Despicable Me,2010-07-25,706931,7422772.45,2010,7,Sunday,True
485,Despicable Me,2010-07-26,429524,4510002.47,2010,7,Monday,False
485,Despicable Me,2010-07-27,404511,4247360.38,2010,7,Tuesday,False
485,Despicable Me,2010-07-28,380954,4000013.36,2010,7,Wednesday,False
485,Despicable Me,2010-07-29,358769,3767070.72,2010,7,Thursday,False
485,Despicable Me,2010-07-30,422344,4434617.0,2010,7,Friday,False
485,Despicable Me,2010-07-31,493209,5178692.61,2010,7,Saturday,True
485,Despicable Me,2010-08-01,464487,4877109.03,2010,8,Sunday,True
485,Despicable Me,2010-08-02,282217,2963282.78,2010,8,Monday,False
485,Despicable Me,2010-08-03,265782,2790714.63,2010,8,Tuesday,False
485,Despicable Me,2010-08-04,250304,2628196.06,2010,8,Wednesday,False
485,Despicable Me,2010-08-05,235728,2475141.84,2010,8,Thursday,False
485,Despicable Me,2010-08-06,277500,2913751.0,2010,8,Friday,False
485,Despicable Me,2010-08-07,324061,3402643.51,2010,8,Saturday,True
485,Despicable Me,2010-08-08,305189,3204488.98,2010,8,Sunday,True
485,Despicable Me,2010-08-09,185430,1947015.53,2010,8,Monday,False
485,Despicable Me,2010-08-10,174631,1833630.17,2010,8,Tuesday,False
485,Despicable Me,2010-08-11,164462,1726847.86,2010,8,Wednesday,False
485,Despicable Me,2010-08-12,154884,1626284.07,2010,8,Thursday,False
485,Despicable Me,2010-08-13,182331,1914470.83,2010,8,Friday,False
485,Despicable Me,2010-08-14,212923,2235696.1,2010,8,Saturday,True
485,Despicable Me,2010-08-15,200524,2105499.29,2010,8,Sunday,True
485,Despicable Me,2010-08-16,121836,1279280.36,2010,8,Monday,False
485,Despicable Me,2010-08-17,114741,1204780.87,2010,8,Tuesday,False
485,Despicable Me,2010-08-18,108059,1134619.9,2010,8,Wednesday,False
485,Despicable Me,2010-08-19,101766,1068544.78,2010,8,Thursday,False
485,Despicable Me,2010-08-20,119800,1257896.97,2010,8,Friday,False
485,Despicable Me,2010-08-21,139901,1468957.01,2010,8,Saturday,True
485,Despicable Me,2010-08-22,131753,1383411.61,2010,8,Sunday,True
485,Despicable Me,2010-08-23,80052,840547.09,2010,8,Monday,False
485,Despicable Me,2010-08-24,75390,791597.44,2010,8,Tuesday,False
485,Despicable Me,2010-08-25,71000,745498.39,2010,8,Wednesday,False
485,Despicable Me,2010-08-26,66865,702083.95,2010,8,Thursday,False
485,Despicable Me,2010-08-27,78714,826497.2,2010,8,Friday,False
485,Despicable Me,2010-08-28,91921,965173.53,2010,8,Saturday,True
485,Despicable Me,2010-08-29,86568,908966.2,2010,8,Sunday,True
485,Despicable Me,2010-08-30,52598,552278.79,2010,8,Monday,False
485,Despicable Me,2010-08-31,49535,520116.58,2010,8,Tuesday,False
485,Despicable Me,2010-09-01,46650,489827.35,2010,9,Wednesday,False
485,Despicable Me,2010-09-02,43934,461302.03,2010,9,Thursday,False
1094,Batman,1989-06-23,1432448,15613688.54,1989,6,Friday,False
1094,Batman,1989-06-24,1672796,18233478.45,1989,6,Saturday,True
1094,Batman,1989-06-25,1575380,17171643.33,1989,6,Sunday,True
1094,Batman,1989-06-26,957185,10433319.14,1989,6,Monday,False
1094,Batman,1989-06-27,901443,9825729.94,1989,6,Tuesday,False
1094,Batman,1989-06-28,848947,9253523.97,1989,6,Wednesday,False
1094,Batman,1989-06-29,799508,8714640.69,1989,6,Thursday,False
1094,Batman,1989-06-30,941186,10258924.4,1989,6,Friday,False
1094,Batman,1989-07-01,1099105,11980249.03,1989,7,Saturday,True
1094,Batman,1989-07-02,1035098,11282573.64,1989,7,Sunday,True
1094,Batman,1989-07-03,628916,6855179.16,1989,7,Monday,False
1094,Batman,1989-07-04,592290,6455964.61,1989,7,Tuesday,False
1094,Batman,1989-07-05,557798,6079998.5,1989,7,Wednesday,False
1094,Batman,1989-07-06,525314,5725926.95,1989,7,Thursday,False
1094,Batman,1989-07-07,618403,6740593.65,1989,7,Friday,False
1094,Batman,1989-07-08,722164,7871584.53,1989,7,Saturday,True
1094,Batman,1989-07-09,680108,7413179.13,1989,7,Sunday,True
1094,Batman,1989-07-10,413227,4504173.67,1989,7,Monday,False
1094,Batman,1989-07-11,389162,4241871.01,1989,7,Tuesday,False
1094,Batman,1989-07-12,366499,3994843.68,1989,7,Wednesday,False
1094,Batman,1989-07-13,345156,3762202.09,1989,7,Thursday,False
1094,Batman,1989-07-14,406320,4428885.62,1989,7,Friday,False
1094,Batman,1989-07-15,474495,5171999.58,1989,7,Saturday,True
1094,Batman,1989-07-16,446863,4870805.77,1989,7,Sunday,True
1094,Batman,1989-07-17,271509,2959452.98,1989,7,Monday,False
1094,Batman,1989-07-18,255698,2787107.86,1989,7,Tuesday,False
1094,Batman,1989-07-19,240807,2624799.33,1989,7,Wednesday,False
1094,Batman,1989-07-20,226784,2471942.92,1989,7,Thursday,False
1094,Batman,1989-07-21,266971,2909985.21,1989,7,Friday,False
1094,Batman,1989-07-22,311766,3398245.88,1989,7,Saturday,True
1094,Batman,1989-07-23,293610,3200347.44,1989,7,Sunday,True
1094,Batman,1989-07-24,178394,1944499.17,1989,7,Monday,False
1094,Batman,1989-07-25,168006,1831260.36,1989,7,Tuesday,False
1094,Batman,1989-07-26,158222,1724616.05,1989,7,Wednesday,False
1094,Batman,1989-07-27,149008,1624182.23,1989,7,Thursday,False
1094,Batman,1989-07-28,175413,1911996.53,1989,7,Friday,False
1094,Batman,1989-07-29,204845,2232806.65,1989,7,Saturday,True
1094,Batman,1989-07-30,192915,2102778.11,1989,7,Sunday,True
1094,Batman,1989-07-31,117213,1277627.0,1989,7,Monday,False
1094,Batman,1989-08-01,110388,1203223.79,1989,8,Tuesday,False
1094,Batman,1989-08-02,103959,1133153.49,1989,8,Wednesday,False
1094,Batman,1989-08-03,97905,1067163.77,1989,8,Thursday,False
1094,Batman,1989-08-04,115254,1256271.24,1989,8,Friday,False
1094,Batman,1989-08-05,134593,1467058.51,1989,8,Saturday,True
1094,Batman,1989-08-06,126754,1381623.67,1989,8,Sunday,True
1094,Batman,1989-08-07,77015,839460.76,1989,8,Monday,False
1094,Batman,1989-08-08,72530,790574.37,1989,8,Tuesday,False
1094,Batman,1989-08-09,68306,744534.9,1989,8,Wednesday,False
1094,Batman,1989-08-10,64328,701176.56,1989,8,Thursday,False
1094,Batman,1989-08-11,75727,825429.02,1989,8,Friday,False
1094,Batman,1989-08-12,88434,963926.13,1989,8,Saturday,True
1094,Batman,1989-08-13,83284,907791.44,1989,8,Sunday,True
1094,Batman,1989-08-14,50602,551565.02,1989,8,Monday,False
1094,Batman,1989-08-15,47655,519444.37,1989,8,Tuesday,False
1094,Batman,1989-08-16,44880,489194.29,1989,8,Wednesday,False
1094,Batman,1989-08-17,42267,460705.83,1989,8,Thursday,False
159,Night at the Museum,2006-12-22,1379951,15593446.04,2006,12,Friday,False
159,Night at the Museum,2006-12-23,1611490,18209839.51,2006,12,Saturday,True
159,Night at the Museum,2006-12-24,1517644,17149381.01,2006,12,Sunday,True
159,Night at the Museum,2006-12-25,922106,10419792.78,2006,12,Monday,False
159,Night at the Museum,2006-12-26,868406,9812991.29,2006,12,Tuesday,False
159,Night at the Museum,2006-12-27,817834,9241527.16,2006,12,Wednesday,False
159,Night at the Museum,2006-12-28,770207,8703342.52,2006,12,Thursday,False
159,Night at the Museum,2006-12-29,906692,10245624.13,2006,12,Friday,False
159,Night at the Museum,2006-12-30,1058825,11964717.14,2006,12,Saturday,True
159,Night at the Museum,2006-12-31,997163,11267946.25,2006,12,Sunday,True
159,Night at the Museum,2007-01-01,605867,6846291.71,2007,1,Monday,False
159,Night at the Museum,2007-01-02,570584,6447594.72,2007,1,Tuesday,False
159,Night at the Museum,2007-01-03,537355,6072116.03,2007,1,Wednesday,False
159,Night at the Museum,2007-01-04,506062,5718503.52,2007,1,Thursday,False
159,Night at the Museum,2007-01-05,595739,6731854.75,2007,1,Friday,False
159,Night at the Museum,2007-01-06,695697,7861379.35,2007,1,Saturday,True
159,Night at the Museum,2007-01-07,655183,7403568.25,2007,1,Sunday,True
159,Night at the Museum,2007-01-08,398083,4498334.19,2007,1,Monday,False
159,Night at the Museum,2007-01-09,374900,4236371.6,2007,1,Tuesday,False
159,Night at the Museum,2007-01-10,353068,3989664.53,2007,1,Wednesday,False
159,Night at the Museum,2007-01-11,332507,3757324.55,2007,1,Thursday,False
159,Night at the Museum,2007-01-12,391429,4423143.76,2007,1,Friday,False
159,Night at the Museum,2007-01-13,457106,5165294.3,2007,1,Saturday,True
159,Night at the Museum,2007-01-14,430486,4864490.98,2007,1,Sunday,True
159,Night at the Museum,2007-01-15,261559,2955616.18,2007,1,Monday,False
159,Night at the Museum,2007-01-16,246327,2783494.49,2007,1,Tuesday,False
159,Night at the Museum,2007-01-17,231982,2621396.39,2007,1,Wednesday,False
159,Night at the Museum,2007-01-18,218472,2468738.15,2007,1,Thursday,False
159,Night at the Museum,2007-01-19,257187,2906212.54,2007,1,Friday,False
159,Night at the Museum,2007-01-20,300340,3393840.19,2007,1,Saturday,True
159,Night at the Museum,2007-01-21,282849,3196198.33,2007,1,Sunday,True
159,Night at the Museum,2007-01-22,171856,1941978.21,2007,1,Monday,False
159,Night at the Museum,2007-01-23,161848,1828886.2,2007,1,Tuesday,False
159,Night at the Museum,2007-01-24,152423,1722380.16,2007,1,Wednesday,False
159,Night at the Museum,2007-01-25,143547,1622076.55,2007,1,Thursday,False
159,Night at the Museum,2007-01-26,168984,1909517.71,2007,1,Friday,False
159,Night at the Museum,2007-01-27,197337,2229911.91,2007,1,Saturday,True
159,Night at the Museum,2007-01-28,185845,2100051.95,2007,1,Sunday,True
159,Night at the Museum,2007-01-29,112918,1275970.61,2007,1,Monday,False
159,Night at the Museum,2007-01-30,106342,1201663.86,2007,1,Tuesday,False
159,Night at the Museum,2007-01-31,100149,1131684.41,2007,1,Wednesday,False
159,Night at the Museum,2007-02-01,94317,1065780.24,2007,2,Thursday,False
159,Night at the Museum,2007-02-02,111030,1254642.54,2007,2,Friday,False
159,Night at the Museum,2007-02-03,129660,1465156.53,2007,2,Saturday,True
159,Night at the Museum,2007-02-04,122109,1379832.45,2007,2,Sunday,True
159,Night at the Museum,2007-02-05,74192,838372.43,2007,2,Monday,False
159,Night at the Museum,2007-02-06,69872,789549.42,2007,2,Tuesday,False
159,Night at the Museum,2007-02-07,65803,743569.64,2007,2,Wednesday,False
159,Night at the Museum,2007-02-08,61971,700267.52,2007,2,Thursday,False
159,Night at the Museum,2007-02-09,72952,824358.89,2007,2,Friday,False
159,Night at the Museum,2007-02-10,85193,962676.44,2007,2,Saturday,True
159,Night at the Museum,2007-02-11,80231,906614.52,2007,2,Sunday,True
159,Night at the Museum,2007-02-12,48748,550849.94,2007,2,Monday,False
159,Night at the Museum,2007-02-13,45909,518770.94,2007,2,Tuesday,False
159,Night at the Museum,2007-02-14,43235,488560.07,2007,2,Wednesday,False
159,Night at the Museum,2007-02-15,40718,460108.54,2007,2,Thursday,False
255,Men in Black,1997-07-01,1136094,12837860.01,1997,7,Tuesday,False
255,Men in Black,1997-07-02,1069933,12090241.25,1997,7,Wednesday,False
255,Men in Black,1997-07-03,1007625,11386160.41,1997,7,Thursday,False
255,Men in Black,1997-07-04,1186182,13403852.56,1997,7,Friday,False
255,Men in Black,1997-07-05,1385209,15652858.46,1997,7,Saturday,True
255,Men in Black,1997-07-06,1304540,14741306.95,1997,7,Sunday,True
255,Men in Black,1997-07-07,792626,8956671.01,1997,7,Monday,False
255,Men in Black,1997-07-08,746467,8435075.1,1997,7,Tuesday,False
255,Men in Black,1997-07-09,702996,7943854.56,1997,7,Wednesday,False
255,Men in Black,1997-07-10,662057,7481240.49,1997,7,Thursday,False
255,Men in Black,1997-07-11,779377,8806958.7,1997,7,Friday,False
255,Men in Black,1997-07-12,910147,10284660.87,1997,7,Saturday,True
255,Men in Black,1997-07-13,857144,9685728.85,1997,7,Sunday,True
255,Men in Black,1997-07-14,520792,5884952.2,1997,7,Monday,False
255,Men in Black,1997-07-15,490464,5542239.27,1997,7,Tuesday,False
255,Men in Black,1997-07-16,461901,5219484.38,1997,7,Wednesday,False
255,Men in Black,1997-07-17,435002,4915525.27,1997,7,Thursday,False
255,Men in Black,1997-07-18,512087,5786584.2,1997,7,Friday,False
255,Men in Black,1997-07-19,598009,6757503.72,1997,7,Saturday,True
255,Men in Black,1997-07-20,563184,6363977.34,1997,7,Sunday,True
255,Men in Black,1997-07-21,342185,3866689.13,1997,7,Monday,False
255,Men in Black,1997-07-22,322258,3641510.68,1997,7,Tuesday,False
255,Men in Black,1997-07-23,303491,3429445.61,1997,7,Wednesday,False
255,Men in Black,1997-07-24,285817,3229730.25,1997,7,Thursday,False
255,Men in Black,1997-07-25,336465,3802056.75,1997,7,Friday,False
255,Men in Black,1997-07-26,392920,4439996.33,1997,7,Saturday,True
255,Men in Black,1997-07-27,370038,4181431.07,1997,7,Sunday,True
255,Men in Black,1997-07-28,224831,2540595.8,1997,7,Monday,False
255,Men in Black,1997-07-29,211738,2392643.01,1997,7,Tuesday,False
255,Men in Black,1997-07-30,199408,2253306.33,1997,7,Wednesday,False
255,Men in Black,1997-07-31,187795,2122083.99,1997,7,Thursday,False
255,Men in Black,1997-08-01,221073,2498129.3,1997,8,Friday,False
255,Men in Black,1997-08-02,258167,2917285.47,1997,8,Saturday,True
255,Men in Black,1997-08-03,243132,2747395.99,1997,8,Sunday,True
255,Men in Black,1997-08-04,147725,1669290.39,1997,8,Monday,False
255,Men in Black,1997-08-05,139122,1572078.48,1997,8,Tuesday,False
255,Men in Black,1997-08-06,131020,1480527.76,1997,8,Wednesday,False
255,Men in Black,1997-08-07,123390,1394308.54,1997,8,Thursday,False
255,Men in Black,1997-08-08,145256,1641387.91,1997,8,Friday,False
255,Men in Black,1997-08-09,169628,1916793.14,1997,8,Saturday,True
255,Men in Black,1997-08-10,159749,1805167.8,1997,8,Sunday,True
255,Men in Black,1997-08-11,97062,1096801.94,1997,8,Monday,False
255,Men in Black,1997-08-12,91410,1032929.17,1997,8,Tuesday,False
255,Men in Black,1997-08-13,86086,972776.06,1997,8,Wednesday,False
255,Men in Black,1997-08-14,81073,916125.99,1997,8,Thursday,False
255,Men in Black,1997-08-15,95440,1078468.71,1997,8,Friday,False
255,Men in Black,1997-08-16,111453,1259422.84,1997,8,Saturday,True
255,Men in Black,1997-08-17,104963,1186079.76,1997,8,Sunday,True
255,Men in Black,1997-08-18,63774,720650.23,1997,8,Monday,False
255,Men in Black,1997-08-19,60060,678682.83,1997,8,Tuesday,False
255,Men in Black,1997-08-20,56563,639159.41,1997,8,Wednesday,False
255,Men in Black,1997-08-21,53269,601937.67,1997,8,Thursday,False
255,Men in Black,1997-08-22,62708,708604.43,1997,8,Friday,False
255,Men in Black,1997-08-23,73230,827499.77,1997,8,Saturday,True
255,Men in Black,1997-08-24,68965,779309.93,1997,8,Sunday,True
255,Men in Black,1997-08-25,41903,473500.94,1997,8,Monday,False
3439,Harry Potter and the Prisoner of Azkaban,2004-06-04,1372678,15511259.29,2004,6,Friday,False
3439,Harry Potter and the Prisoner of Azkaban,2004-06-05,1602997,18113862.8,2004,6,Saturday,True
3439,Harry Potter and the Prisoner of Azkaban,2004-06-06,1509645,17058993.55,2004,6,Sunday,True
3439,Harry Potter and the Prisoner of Azkaban,2004-06-07,917246,10364874.26,2004,6,Monday,False
3439,Harry Potter and the Prisoner of Azkaban,2004-06-08,863829,9761270.97,2004,6,Tuesday,False
3439,Harry Potter and the Prisoner of Azkaban,2004-06-09,813524,9192818.8,2004,6,Wednesday,False
3439,Harry Potter and the Prisoner of Azkaban,2004-06-10,766148,8657470.71,2004,6,Thursday,False
3439,Harry Potter and the Prisoner of Azkaban,2004-06-11,901914,10191623.59,2004,6,Friday,False
3439,Harry Potter and the Prisoner of Azkaban,2004-06-12,1053244,11901655.94,2004,6,Saturday,True
3439,Harry Potter and the Prisoner of Azkaban,2004-06-13,991908,11208557.46,2004,6,Sunday,True
3439,Harry Potter and the Prisoner of Azkaban,2004-06-14,602673,6810207.67,2004,6,Monday,False
3439,Harry Potter and the Prisoner of Azkaban,2004-06-15,567576,6413612.05,2004,6,Tuesday,False
3439,Harry Potter and the Prisoner of Azkaban,2004-06-16,534523,6040112.36,2004,6,Wednesday,False
3439,Harry Potter and the Prisoner of Azkaban,2004-06-17,503395,5688363.6,2004,6,Thursday,False
3439,Harry Potter and the Prisoner of Azkaban,2004-06-18,592599,6696373.87,2004,6,Friday,False
3439,Harry Potter and the Prisoner of Azkaban,2004-06-19,692031,7819945.19,2004,6,Saturday,True
3439,Harry Potter and the Prisoner of Azkaban,2004-06-20,651730,7364547.03,2004,6,Sunday,True
3439,Harry Potter and the Prisoner of Azkaban,2004-06-21,395985,4474625.29,2004,6,Monday,False
3439,Harry Potter and the Prisoner of Azkaban,2004-06-22,372924,4214043.4,2004,6,Tuesday,False
3439,Harry Potter and the Prisoner of Azkaban,2004-06-23,351207,3968636.62,2004,6,Wednesday,False
3439,Harry Potter and the Prisoner of Azkaban,2004-06-24,330754,3737521.21,2004,6,Thursday,False
3439,Harry Potter and the Prisoner of Azkaban,2004-06-25,389366,4399831.15,2004,6,Friday,False
3439,Harry Potter and the Prisoner of Azkaban,2004-06-26,454696,5138070.12,2004,6,Saturday,True
3439,Harry Potter and the Prisoner of Azkaban,2004-06-27,428217,4838852.21,2004,6,Sunday,True
3439,Harry Potter and the Prisoner of Azkaban,2004-06-28,260180,2940038.32,2004,6,Monday,False
3439,Harry Potter and the Prisoner of Azkaban,2004-06-29,245029,2768823.81,2004,6,Tuesday,False
3439,Harry Potter and the Prisoner of Azkaban,2004-06-30,230759,2607580.07,2004,6,Wednesday,False
3439,Harry Potter and the Prisoner of Azkaban,2004-07-01,217321,2455726.43,2004,7,Thursday,False
3439,Harry Potter and the Prisoner of Azkaban,2004-07-02,255831,2890895.07,2004,7,Friday,False
3439,Harry Potter and the Prisoner of Azkaban,2004-07-03,298757,3375952.63,2004,7,Saturday,True
3439,Harry Potter and the Prisoner of Azkaban,2004-07-04,281359,3179352.45,2004,7,Sunday,True
3439,Harry Potter and the Prisoner of Azkaban,2004-07-05,170951,1931742.83,2004,7,Monday,False
3439,Harry Potter and the Prisoner of Azkaban,2004-07-06,160995,1819246.88,2004,7,Tuesday,False
3439,Harry Potter and the Prisoner of Azkaban,2004-07-07,151620,1713302.19,2004,7,Wednesday,False
3439,Harry Potter and the Prisoner of Azkaban,2004-07-08,142790,1613527.24,2004,7,Thursday,False
3439,Harry Potter and the Prisoner of Azkaban,2004-07-09,168093,1899453.41,2004,7,Friday,False
3439,Harry Potter and the Prisoner of Azkaban,2004-07-10,196297,2218158.94,2004,7,Saturday,True
3439,Harry Potter and the Prisoner of Azkaban,2004-07-11,184866,2088983.42,2004,7,Sunday,True
3439,Harry Potter and the Prisoner of Azkaban,2004-07-12,112323,1269245.48,2004,7,Monday,False
3439,Harry Potter and the Prisoner of Azkaban,2004-07-13,105781,1195330.38,2004,7,Tuesday,False
3439,Harry Potter and the Prisoner of Azkaban,2004-07-14,99621,1125719.76,2004,7,Wednesday,False
3439,Harry Potter and the Prisoner of Azkaban,2004-07-15,93820,1060162.94,2004,7,Thursday,False
3439,Harry Potter and the Prisoner of Azkaban,2004-07-16,110445,1248029.82,2004,7,Friday,False
3439,Harry Potter and the Prisoner of Azkaban,2004-07-17,128976,1457434.28,2004,7,Saturday,True
3439,Harry Potter and the Prisoner of Azkaban,2004-07-18,121465,1372559.91,2004,7,Sunday,True
3439,Harry Potter and the Prisoner of Azkaban,2004-07-19,73801,833953.71,2004,7,Monday,False
3439,Harry Potter and the Prisoner of Azkaban,2004-07-20,69503,785388.02,2004,7,Tuesday,False
3439,Harry Potter and the Prisoner of Azkaban,2004-07-21,65456,739650.59,2004,7,Wednesday,False
3439,Harry Potter and the Prisoner of Azkaban,2004-07-22,61644,696576.69,2004,7,Thursday,False
3439,Harry Potter and the Prisoner of Azkaban,2004-07-23,72568,820014.03,2004,7,Friday,False
3439,Harry Potter and the Prisoner of Azkaban,2004-07-24,84744,957602.56,2004,7,Saturday,True
3439,Harry Potter and the Prisoner of Azkaban,2004-07-25,79809,901836.13,2004,7,Sunday,True
3439,Harry Potter and the Prisoner of Azkaban,2004-07-26,48491,547946.63,2004,7,Monday,False
3439,Harry Potter and the Prisoner of Azkaban,2004-07-27,45667,516036.7,2004,7,Tuesday,False
3439,Harry Potter and the Prisoner of Azkaban,2004-07-28,43008,485985.07,2004,7,Wednesday,False
3439,Harry Potter and the Prisoner of Azkaban,2004-07-29,40503,457683.5,2004,7,Thursday,False
256,Toy Story 2,1999-11-19,1797878,15281961.04,1999,11,Friday,False
256,Toy Story 2,1999-11-20,2099540,17846091.05,1999,11,Saturday,True
256,Toy Story 2,1999-11-21,1977272,16806815.61,1999,11,Sunday,True
256,Toy Story 2,1999-11-22,1201371,10211653.46,1999,11,Monday,False
256,Toy Story 2,1999-11-23,1131409,9616973.06,1999,11,Tuesday,False
256,Toy Story 2,1999-11-24,1065520,9056924.15,1999,11,Wednesday,False
256,Toy Story 2,1999-11-25,1003469,8529489.95,1999,11,Thursday,False
256,Toy Story 2,1999-11-26,1181290,10040963.9,1999,11,Friday,False
256,Toy Story 2,1999-11-27,1379496,11725717.37,1999,11,Saturday,True
256,Toy Story 2,1999-11-28,1299161,11042864.75,1999,11,Sunday,True
256,Toy Story 2,1999-11-29,789357,6709534.43,1999,11,Monday,False
256,Toy Story 2,1999-11-30,743388,6318801.57,1999,11,Tuesday,False
256,Toy Story 2,1999-12-01,700097,5950823.21,1999,12,Wednesday,False
256,Toy Story 2,1999-12-02,659326,5604274.24,1999,12,Thursday,False
256,Toy Story 2,1999-12-03,776163,6597383.4,1999,12,Friday,False
256,Toy Story 2,1999-12-04,906394,7704345.31,1999,12,Saturday,True
256,Toy Story 2,1999-12-05,853609,7255679.17,1999,12,Sunday,True
256,Toy Story 2,1999-12-06,518645,4408478.26,1999,12,Monday,False
256,Toy Story 2,1999-12-07,488441,4151748.47,1999,12,Tuesday,False
256,Toy Story 2,1999-12-08,459996,3909969.47,1999,12,Wednesday,False
256,Toy Story 2,1999-12-09,433208,3682270.57,1999,12,Thursday,False
256,Toy Story 2,1999-12-10,509975,4334789.78,1999,12,Friday,False
256,Toy Story 2,1999-12-11,595543,5062115.58,1999,12,Saturday,True
256,Toy Story 2,1999-12-12,560861,4767320.92,1999,12,Sunday,True
256,Toy Story 2,1999-12-13,340774,2896576.62,1999,12,Monday,False
256,Toy Story 2,1999-12-14,320929,2727893.13,1999,12,Tuesday,False
256,Toy Story 2,1999-12-15,302239,2569033.0,1999,12,Wednesday,False
256,Toy Story 2,1999-12-16,284638,2419424.17,1999,12,Thursday,False
256,Toy Story 2,1999-12-17,335078,2848159.84,1999,12,Friday,False
256,Toy Story 2,1999-12-18,391300,3326046.95,1999,12,Saturday,True
256,Toy Story 2,1999-12-19,368512,3132353.05,1999,12,Sunday,True
256,Toy Story 2,1999-12-20,223904,1903186.46,1999,12,Monday,False
256,Toy Story 2,1999-12-21,210865,1792353.51,1999,12,Tuesday,False
256,Toy Story 2,1999-12-22,198585,1687974.96,1999,12,Wednesday,False
256,Toy Story 2,1999-12-23,187021,1589674.96,1999,12,Thursday,False
256,Toy Story 2,1999-12-24,220162,1871374.37,1999,12,Friday,False
256,Toy Story 2,1999-12-25,257102,2185368.57,1999,12,Saturday,True
256,Toy Story 2,1999-12-26,242130,2058102.61,1999,12,Sunday,True
256,Toy Story 2,1999-12-27,147116,1250482.61,1999,12,Monday,False
256,Toy Story 2,1999-12-28,138548,1177660.17,1999,12,Tuesday,False
256,Toy Story 2,1999-12-29,130480,1109078.58,1999,12,Wednesday,False
256,Toy Story 2,1999-12-30,122881,1044490.87,1999,12,Thursday,False
256,Toy Story 2,1999-12-31,144657,1229580.58,1999,12,Friday,False
256,Toy Story 2,2000-01-01,168928,1435889.47,2000,1,Saturday,True
256,Toy Story 2,2000-01-02,159091,1352269.78,2000,1,Sunday,True
256,Toy Story 2,2000-01-03,96662,821625.62,2000,1,Monday,False
256,Toy Story 2,2000-01-04,91033,773777.87,2000,1,Tuesday,False
256,Toy Story 2,2000-01-05,85731,728716.56,2000,1,Wednesday,False
256,Toy Story 2,2000-01-06,80739,686279.41,2000,1,Thursday,False
256,Toy Story 2,2000-01-07,95046,807892.01,2000,1,Friday,False
256,Toy Story 2,2000-01-08,110994,943446.61,2000,1,Saturday,True
256,Toy Story 2,2000-01-09,104530,888504.56,2000,1,Sunday,True
256,Toy Story 2,2000-01-10,63511,539846.5,2000,1,Monday,False
256,Toy Story 2,2000-01-11,59813,508408.29,2000,1,Tuesday,False
256,Toy Story 2,2000-01-12,56330,478800.9,2000,1,Wednesday,False
256,Toy Story 2,2000-01-13,53049,450917.7,2000,1,Thursday,False
